team,pitcher,pitcher_rest,date,season
BPH,merriry01,,2016-04-03,2016
BPH,smithaj01,,2016-04-05,2016
BPH,montera01,,2016-04-06,2016
BPH,richaly01,,2016-04-08,2016
BPH,diazyi01,,2016-04-09,2016
BPH,merriry01,7.0,2016-04-10,2016
BPH,smithaj01,6.0,2016-04-11,2016
BPH,montera01,7.0,2016-04-13,2016
BPH,,6.0,2016-04-14,2016
BPH,diazyi01,6.0,2016-04-15,2016
BPH,merriry01,6.0,2016-04-16,2016
BPH,smithaj01,6.0,2016-04-17,2016
BPH,montera01,5.0,2016-04-18,2016
BPH,richaly01,5.0,2016-04-19,2016
BPH,diazyi01,5.0,2016-04-20,2016
BPH,merriry01,6.0,2016-04-22,2016
BPH,smithaj01,6.0,2016-04-23,2016
BPH,montera01,6.0,2016-04-24,2016
BPH,richaly01,6.0,2016-04-25,2016
BPH,diazyi01,6.0,2016-04-26,2016
BPH,merriry01,5.0,2016-04-27,2016
BPH,smithaj01,5.0,2016-04-28,2016
BPH,montera01,5.0,2016-04-29,2016
BPH,richaly01,5.0,2016-04-30,2016
BPH,diazyi01,5.0,2016-05-01,2016
BPH,merriry01,5.0,2016-05-02,2016
BPH,smithaj01,5.0,2016-05-03,2016
BPH,montera01,5.0,2016-05-04,2016
BPH,richaly01,5.0,2016-05-05,2016
BPH,diazyi01,5.0,2016-05-06,2016
BPH,merriry01,5.0,2016-05-07,2016
BPH,smithaj01,5.0,2016-05-08,2016
BPH,montera01,6.0,2016-05-10,2016
BPH,richaly01,6.0,2016-05-11,2016
BPH,merriry01,5.0,2016-05-12,2016
BPH,smithaj01,,2016-05-13,2016
BPH,diazyi01,8.0,2016-05-14,2016
BPH,montera01,5.0,2016-05-15,2016
BPH,richaly01,6.0,2016-05-17,2016
BPH,merriry01,6.0,2016-05-18,2016
BPH,smithaj01,6.0,2016-05-19,2016
BPH,diazyi01,6.0,2016-05-20,2016
BPH,montera01,6.0,2016-05-21,2016
BPH,,5.0,2016-05-22,2016
BPH,merriry01,5.0,2016-05-23,2016
BPH,smithaj01,5.0,2016-05-24,2016
BPH,diazyi01,5.0,2016-05-25,2016
BPH,montera01,5.0,2016-05-26,2016
BPH,richaly01,5.0,2016-05-27,2016
BPH,merriry01,5.0,2016-05-28,2016
BPH,smithaj01,5.0,2016-05-29,2016
BPH,diazyi01,5.0,2016-05-30,2016
BPH,montera01,5.0,2016-05-31,2016
BPH,richaly01,5.0,2016-06-01,2016
BPH,merriry01,6.0,2016-06-03,2016
BPH,smithaj01,6.0,2016-06-04,2016
BPH,diazyi01,6.0,2016-06-05,2016
BPH,montera01,7.0,2016-06-07,2016
BPH,richaly01,7.0,2016-06-08,2016
BPH,merriry01,6.0,2016-06-09,2016
BPH,smithaj01,6.0,2016-06-10,2016
BPH,diazyi01,6.0,2016-06-11,2016
BPH,montera01,5.0,2016-06-12,2016
BPH,richaly01,6.0,2016-06-14,2016
BPH,merriry01,6.0,2016-06-15,2016
BPH,smithaj01,7.0,2016-06-17,2016
BPH,diazyi01,7.0,2016-06-18,2016
BPH,montera01,7.0,2016-06-19,2016
BPH,richaly01,6.0,2016-06-20,2016
BPH,merriry01,6.0,2016-06-21,2016
BPH,smithaj01,5.0,2016-06-22,2016
BPH,,6.0,2016-06-24,2016
BPH,,6.0,2016-06-25,2016
BPH,richaly01,6.0,2016-06-26,2016
BPH,merriry01,6.0,2016-06-27,2016
BPH,smithaj01,6.0,2016-06-28,2016
BPH,diazyi01,5.0,2016-06-29,2016
BPH,montera01,5.0,2016-06-30,2016
BPH,richaly01,5.0,2016-07-01,2016
BPH,merriry01,5.0,2016-07-02,2016
BPH,smithaj01,5.0,2016-07-03,2016
BPH,diazyi01,5.0,2016-07-04,2016
BPH,montera01,5.0,2016-07-05,2016
BPH,richaly01,5.0,2016-07-06,2016
BPH,merriry01,5.0,2016-07-07,2016
BPH,smithaj01,5.0,2016-07-08,2016
BPH,diazyi01,5.0,2016-07-09,2016
BPH,montera01,5.0,2016-07-10,2016
BPH,richaly01,9.0,2016-07-15,2016
BPH,merriry01,9.0,2016-07-16,2016
BPH,smithaj01,9.0,2016-07-17,2016
BPH,montera01,8.0,2016-07-18,2016
BPH,richaly01,5.0,2016-07-20,2016
BPH,diazyi01,11.0,2016-07-20,2016
BPH,merriry01,5.0,2016-07-21,2016
BPH,smithaj01,,2016-07-22,2016
BPH,montera01,5.0,2016-07-23,2016
BPH,gagnodr01,,2016-07-24,2016
BPH,richaly01,6.0,2016-07-26,2016
BPH,diazyi01,6.0,2016-07-26,2016
BPH,merriry01,6.0,2016-07-27,2016
BPH,smithaj01,6.0,2016-07-28,2016
BPH,montera01,6.0,2016-07-29,2016
BPH,richaly01,4.0,2016-07-30,2016
BPH,,5.0,2016-07-31,2016
BPH,diazyi01,,2017-04-02,2017
BPH,merriry01,,2017-04-04,2017
BPH,howarsa01,,2017-04-06,2017
BPH,montera01,,2017-04-07,2017
BPH,smithaj01,,2017-04-08,2017
BPH,diazyi01,7.0,2017-04-09,2017
BPH,merriry01,,2017-04-10,2017
BPH,,5.0,2017-04-11,2017
BPH,montera01,5.0,2017-04-12,2017
BPH,,6.0,2017-04-14,2017
BPH,diazyi01,6.0,2017-04-15,2017
BPH,merriry01,6.0,2017-04-16,2017
BPH,howarsa01,6.0,2017-04-17,2017
BPH,montera01,6.0,2017-04-18,2017
BPH,smithaj01,5.0,2017-04-19,2017
BPH,diazyi01,5.0,2017-04-20,2017
BPH,merriry01,5.0,2017-04-21,2017
BPH,howarsa01,,2017-04-22,2017
BPH,montera01,5.0,2017-04-23,2017
BPH,smithaj01,6.0,2017-04-25,2017
BPH,merriry01,6.0,2017-04-27,2017
BPH,diazyi01,7.0,2017-04-27,2017
BPH,howarsa01,6.0,2017-04-28,2017
BPH,montera01,7.0,2017-04-30,2017
BPH,smithaj01,6.0,2017-05-01,2017
BPH,diazyi01,5.0,2017-05-02,2017
BPH,merriry01,7.0,2017-05-04,2017
BPH,howarsa01,,2017-05-05,2017
BPH,montera01,6.0,2017-05-06,2017
BPH,smithaj01,6.0,2017-05-07,2017
BPH,diazyi01,6.0,2017-05-08,2017
BPH,merriry01,5.0,2017-05-09,2017
BPH,howarsa01,5.0,2017-05-10,2017
BPH,montera01,6.0,2017-05-12,2017
BPH,diazyi01,5.0,2017-05-13,2017
BPH,merriry01,5.0,2017-05-14,2017
BPH,howarsa01,6.0,2017-05-16,2017
BPH,montera01,5.0,2017-05-17,2017
BPH,smithaj01,12.0,2017-05-19,2017
BPH,,7.0,2017-05-20,2017
BPH,merriry01,7.0,2017-05-21,2017
BPH,howarsa01,7.0,2017-05-23,2017
BPH,montera01,7.0,2017-05-24,2017
BPH,smithaj01,6.0,2017-05-25,2017
BPH,diazyi01,6.0,2017-05-26,2017
BPH,merriry01,6.0,2017-05-27,2017
BPH,howarsa01,5.0,2017-05-28,2017
BPH,montera01,5.0,2017-05-29,2017
BPH,smithaj01,5.0,2017-05-30,2017
BPH,diazyi01,5.0,2017-05-31,2017
BPH,merriry01,5.0,2017-06-01,2017
BPH,howarsa01,5.0,2017-06-02,2017
BPH,montera01,5.0,2017-06-03,2017
BPH,smithaj01,5.0,2017-06-04,2017
BPH,diazyi01,5.0,2017-06-05,2017
BPH,merriry01,5.0,2017-06-06,2017
BPH,howarsa01,5.0,2017-06-07,2017
BPH,montera01,5.0,2017-06-08,2017
BPH,smithaj01,5.0,2017-06-09,2017
BPH,diazyi01,5.0,2017-06-10,2017
BPH,,5.0,2017-06-11,2017
BPH,duplajo01,,2017-06-13,2017
BPH,,6.0,2017-06-13,2017
BPH,montera01,6.0,2017-06-14,2017
BPH,smithaj01,6.0,2017-06-15,2017
BPH,diazyi01,6.0,2017-06-16,2017
BPH,merriry01,6.0,2017-06-17,2017
BPH,howarsa01,5.0,2017-06-18,2017
BPH,montera01,6.0,2017-06-20,2017
BPH,smithaj01,6.0,2017-06-21,2017
BPH,diazyi01,6.0,2017-06-22,2017
BPH,,6.0,2017-06-23,2017
BPH,,6.0,2017-06-24,2017
BPH,montera01,5.0,2017-06-25,2017
BPH,smithaj01,5.0,2017-06-26,2017
BPH,diazyi01,5.0,2017-06-27,2017
BPH,merriry01,5.0,2017-06-28,2017
BPH,howarsa01,5.0,2017-06-29,2017
BPH,montera01,5.0,2017-06-30,2017
BPH,,5.0,2017-07-01,2017
BPH,diazyi01,,2017-07-02,2017
BPH,merriry01,5.0,2017-07-03,2017
BPH,howarsa01,5.0,2017-07-04,2017
BPH,montera01,5.0,2017-07-05,2017
BPH,smithaj01,5.0,2017-07-06,2017
BPH,,5.0,2017-07-07,2017
BPH,merriry01,5.0,2017-07-08,2017
BPH,howarsa01,5.0,2017-07-09,2017
BPH,montera01,9.0,2017-07-14,2017
BPH,howarsa01,6.0,2017-07-15,2017
BPH,diazyi01,,2017-07-16,2017
BPH,merriry01,9.0,2017-07-17,2017
BPH,smithaj01,12.0,2017-07-18,2017
BPH,montera01,5.0,2017-07-19,2017
BPH,howarsa01,5.0,2017-07-20,2017
BPH,,5.0,2017-07-21,2017
BPH,merriry01,5.0,2017-07-22,2017
BPH,,5.0,2017-07-23,2017
BPH,montera01,5.0,2017-07-24,2017
BPH,howarsa01,5.0,2017-07-25,2017
BPH,diazyi01,5.0,2017-07-26,2017
BPH,bendean01,,2017-07-27,2017
BPH,smithaj01,5.0,2017-07-28,2017
BPH,,5.0,2017-07-29,2017
BPH,howarsa01,5.0,2017-07-30,2017
BPH,diazyi01,,2018-03-29,2018
BPH,smithaj01,,2018-03-31,2018
BPH,bendean01,,2018-04-01,2018
BPH,syndeno01,,2018-04-02,2018
BPH,quintjo01,,2018-04-03,2018
BPH,diazyi01,6.0,2018-04-04,2018
BPH,merriry01,,2018-04-05,2018
BPH,smithaj01,7.0,2018-04-07,2018
BPH,bendean01,7.0,2018-04-08,2018
BPH,syndeno01,7.0,2018-04-09,2018
BPH,diazyi01,6.0,2018-04-10,2018
BPH,merriry01,6.0,2018-04-11,2018
BPH,smithaj01,5.0,2018-04-12,2018
BPH,bendean01,5.0,2018-04-13,2018
BPH,,5.0,2018-04-14,2018
BPH,diazyi01,5.0,2018-04-15,2018
BPH,merriry01,6.0,2018-04-17,2018
BPH,bendean01,6.0,2018-04-19,2018
BPH,smithaj01,,2018-04-20,2018
BPH,diazyi01,6.0,2018-04-21,2018
BPH,syndeno01,8.0,2018-04-22,2018
BPH,bendean01,,2018-04-24,2018
BPH,smithaj01,5.0,2018-04-25,2018
BPH,diazyi01,5.0,2018-04-26,2018
BPH,syndeno01,5.0,2018-04-27,2018
BPH,quintjo01,25.0,2018-04-28,2018
BPH,bendean01,5.0,2018-04-29,2018
BPH,smithaj01,6.0,2018-05-01,2018
BPH,diazyi01,6.0,2018-05-02,2018
BPH,syndeno01,7.0,2018-05-04,2018
BPH,bendean01,6.0,2018-05-05,2018
BPH,smithaj01,5.0,2018-05-06,2018
BPH,jimenub01,,2018-05-07,2018
BPH,diazyi01,6.0,2018-05-08,2018
BPH,syndeno01,6.0,2018-05-10,2018
BPH,bendean01,6.0,2018-05-11,2018
BPH,,6.0,2018-05-12,2018
BPH,merriry01,26.0,2018-05-13,2018
BPH,quintjo01,17.0,2018-05-15,2018
BPH,syndeno01,6.0,2018-05-16,2018
BPH,bendean01,6.0,2018-05-17,2018
BPH,smithaj01,6.0,2018-05-18,2018
BPH,jimenub01,12.0,2018-05-19,2018
BPH,quintjo01,5.0,2018-05-20,2018
BPH,syndeno01,5.0,2018-05-21,2018
BPH,bendean01,5.0,2018-05-22,2018
BPH,smithaj01,5.0,2018-05-23,2018
BPH,jimenub01,6.0,2018-05-25,2018
BPH,quintjo01,6.0,2018-05-26,2018
BPH,syndeno01,6.0,2018-05-27,2018
BPH,bendean01,6.0,2018-05-28,2018
BPH,smithaj01,6.0,2018-05-29,2018
BPH,crowewi01,,2018-05-30,2018
BPH,quintjo01,5.0,2018-05-31,2018
BPH,syndeno01,5.0,2018-06-01,2018
BPH,bendean01,5.0,2018-06-02,2018
BPH,smithaj01,5.0,2018-06-03,2018
BPH,diazyi01,28.0,2018-06-05,2018
BPH,quintjo01,6.0,2018-06-06,2018
BPH,syndeno01,,2018-06-07,2018
BPH,bendean01,6.0,2018-06-08,2018
BPH,smithaj01,6.0,2018-06-09,2018
BPH,diazyi01,5.0,2018-06-10,2018
BPH,quintjo01,5.0,2018-06-11,2018
BPH,syndeno01,5.0,2018-06-12,2018
BPH,bendean01,5.0,2018-06-13,2018
BPH,smithaj01,6.0,2018-06-15,2018
BPH,diazyi01,6.0,2018-06-16,2018
BPH,quintjo01,6.0,2018-06-17,2018
BPH,syndeno01,6.0,2018-06-18,2018
BPH,bendean01,6.0,2018-06-19,2018
BPH,smithaj01,5.0,2018-06-20,2018
BPH,diazyi01,5.0,2018-06-21,2018
BPH,quintjo01,5.0,2018-06-22,2018
BPH,syndeno01,,2018-06-23,2018
BPH,bendean01,5.0,2018-06-24,2018
BPH,jimenub01,31.0,2018-06-25,2018
BPH,diazyi01,5.0,2018-06-26,2018
BPH,quintjo01,5.0,2018-06-27,2018
BPH,syndeno01,6.0,2018-06-29,2018
BPH,bendean01,6.0,2018-06-30,2018
BPH,jimenub01,6.0,2018-07-01,2018
BPH,diazyi01,6.0,2018-07-02,2018
BPH,quintjo01,6.0,2018-07-03,2018
BPH,syndeno01,5.0,2018-07-04,2018
BPH,bendean01,5.0,2018-07-05,2018
BPH,jimenub01,5.0,2018-07-06,2018
BPH,diazyi01,5.0,2018-07-07,2018
BPH,quintjo01,5.0,2018-07-08,2018
BPH,syndeno01,6.0,2018-07-10,2018
BPH,bendean01,6.0,2018-07-11,2018
BPH,diazyi01,6.0,2018-07-13,2018
BPH,quintjo01,6.0,2018-07-14,2018
BPH,syndeno01,5.0,2018-07-15,2018
BPH,diazyi01,6.0,2018-07-19,2018
BPH,quintjo01,6.0,2018-07-20,2018
BPH,jimenub01,15.0,2018-07-21,2018
BPH,bendean01,10.0,2018-07-21,2018
BPH,syndeno01,7.0,2018-07-22,2018
BPH,harriky01,,2018-07-23,2018
BPH,gearrco01,,2018-07-24,2018
BPH,quintjo01,5.0,2018-07-25,2018
BPH,,6.0,2018-07-27,2018
BPH,syndeno01,6.0,2018-07-28,2018
BPH,jimenub01,8.0,2018-07-29,2018
BPH,diazyi01,11.0,2018-07-30,2018
BPH,quintjo01,6.0,2018-07-31,2018
BPH,syndeno01,,2019-03-28,2019
BPH,quintjo01,,2019-03-29,2019
BPH,,,2019-03-30,2019
BPH,,,2019-03-31,2019
BPH,merriry01,,2019-04-01,2019
BPH,syndeno01,6.0,2019-04-03,2019
BPH,quintjo01,7.0,2019-04-05,2019
BPH,smithaj01,6.0,2019-04-06,2019
BPH,,,2019-04-07,2019
BPH,syndeno01,5.0,2019-04-08,2019
BPH,kochma01,10.0,2019-04-09,2019
BPH,quintjo01,5.0,2019-04-10,2019
BPH,smithaj01,5.0,2019-04-11,2019
BPH,merriry01,6.0,2019-04-13,2019
BPH,syndeno01,6.0,2019-04-14,2019
BPH,kochma01,6.0,2019-04-15,2019
BPH,quintjo01,6.0,2019-04-16,2019
BPH,smithaj01,6.0,2019-04-17,2019
BPH,merriry01,6.0,2019-04-19,2019
BPH,syndeno01,6.0,2019-04-20,2019
BPH,,6.0,2019-04-21,2019
BPH,quintjo01,6.0,2019-04-22,2019
BPH,harriky01,,2019-04-23,2019
BPH,merriry01,,2019-04-24,2019
BPH,,6.0,2019-04-26,2019
BPH,kochma01,6.0,2019-04-27,2019
BPH,quintjo01,6.0,2019-04-28,2019
BPH,smithaj01,12.0,2019-04-29,2019
BPH,merriry01,,2019-04-30,2019
BPH,syndeno01,5.0,2019-05-01,2019
BPH,kochma01,5.0,2019-05-02,2019
BPH,quintjo01,5.0,2019-05-03,2019
BPH,smithaj01,5.0,2019-05-04,2019
BPH,merriry01,5.0,2019-05-05,2019
BPH,syndeno01,5.0,2019-05-06,2019
BPH,kochma01,5.0,2019-05-07,2019
BPH,quintjo01,5.0,2019-05-08,2019
BPH,smithaj01,5.0,2019-05-09,2019
BPH,merriry01,5.0,2019-05-10,2019
BPH,syndeno01,,2019-05-11,2019
BPH,kochma01,5.0,2019-05-12,2019
BPH,quintjo01,6.0,2019-05-14,2019
BPH,smithaj01,6.0,2019-05-15,2019
BPH,merriry01,6.0,2019-05-16,2019
BPH,syndeno01,6.0,2019-05-17,2019
BPH,kochma01,6.0,2019-05-18,2019
BPH,quintjo01,,2019-05-19,2019
BPH,smithaj01,7.0,2019-05-22,2019
BPH,merriry01,6.0,2019-05-22,2019
BPH,syndeno01,7.0,2019-05-24,2019
BPH,kochma01,7.0,2019-05-25,2019
BPH,quintjo01,7.0,2019-05-26,2019
BPH,merriry01,6.0,2019-05-28,2019
BPH,holmecl01,,2019-05-29,2019
BPH,kochma01,5.0,2019-05-30,2019
BPH,syndeno01,7.0,2019-05-31,2019
BPH,quintjo01,6.0,2019-06-01,2019
BPH,merriry01,5.0,2019-06-02,2019
BPH,holmecl01,6.0,2019-06-04,2019
BPH,kochma01,7.0,2019-06-06,2019
BPH,syndeno01,7.0,2019-06-07,2019
BPH,quintjo01,7.0,2019-06-08,2019
BPH,merriry01,7.0,2019-06-09,2019
BPH,smithaj01,19.0,2019-06-10,2019
BPH,kochma01,5.0,2019-06-11,2019
BPH,syndeno01,5.0,2019-06-12,2019
BPH,quintjo01,5.0,2019-06-13,2019
BPH,harriky01,52.0,2019-06-14,2019
BPH,smithaj01,5.0,2019-06-15,2019
BPH,kochma01,5.0,2019-06-16,2019
BPH,syndeno01,5.0,2019-06-17,2019
BPH,quintjo01,5.0,2019-06-18,2019
BPH,harriky01,5.0,2019-06-19,2019
BPH,merriry01,11.0,2019-06-20,2019
BPH,smithaj01,6.0,2019-06-21,2019
BPH,kochma01,6.0,2019-06-22,2019
BPH,syndeno01,6.0,2019-06-23,2019
BPH,quintjo01,7.0,2019-06-25,2019
BPH,merriry01,,2019-06-26,2019
BPH,smithaj01,7.0,2019-06-28,2019
BPH,kochma01,7.0,2019-06-29,2019
BPH,syndeno01,7.0,2019-06-30,2019
BPH,quintjo01,7.0,2019-07-02,2019
BPH,merriry01,7.0,2019-07-03,2019
BPH,smithaj01,6.0,2019-07-04,2019
BPH,kochma01,6.0,2019-07-05,2019
BPH,syndeno01,6.0,2019-07-06,2019
BPH,quintjo01,5.0,2019-07-07,2019
BPH,harriky01,23.0,2019-07-12,2019
BPH,kochma01,8.0,2019-07-13,2019
BPH,merriry01,11.0,2019-07-14,2019
BPH,syndeno01,9.0,2019-07-15,2019
BPH,quintjo01,9.0,2019-07-16,2019
BPH,harriky01,5.0,2019-07-17,2019
BPH,kochma01,5.0,2019-07-18,2019
BPH,merriry01,5.0,2019-07-19,2019
BPH,,5.0,2019-07-20,2019
BPH,quintjo01,5.0,2019-07-21,2019
BPH,harriky01,5.0,2019-07-22,2019
BPH,,5.0,2019-07-23,2019
BPH,merriry01,,2019-07-24,2019
BPH,syndeno01,,2019-07-25,2019
BPH,quintjo01,5.0,2019-07-26,2019
BPH,harriky01,5.0,2019-07-27,2019
BPH,kochma01,5.0,2019-07-28,2019
BPH,merriry01,,2019-07-30,2019
BPH,syndeno01,6.0,2019-07-31,2019
BPH,quintjo01,,2021-04-01,2021
BPH,merriry01,,2021-04-03,2021
BPH,diazyi01,,2021-04-04,2021
BPH,harriky01,,2021-04-05,2021
BPH,jimenub01,,2021-04-06,2021
BPH,quintjo01,6.0,2021-04-07,2021
BPH,merriry01,5.0,2021-04-08,2021
BPH,diazyi01,6.0,2021-04-10,2021
BPH,harriky01,6.0,2021-04-11,2021
BPH,jimenub01,6.0,2021-04-12,2021
BPH,quintjo01,6.0,2021-04-13,2021
BPH,merriry01,6.0,2021-04-14,2021
BPH,diazyi01,6.0,2021-04-16,2021
BPH,wicksjo01,,2021-04-17,2021
BPH,jimenub01,6.0,2021-04-18,2021
BPH,quintjo01,6.0,2021-04-19,2021
BPH,merriry01,6.0,2021-04-20,2021
BPH,diazyi01,5.0,2021-04-21,2021
BPH,,6.0,2021-04-23,2021
BPH,jimenub01,6.0,2021-04-24,2021
BPH,quintjo01,6.0,2021-04-25,2021
BPH,merriry01,6.0,2021-04-26,2021
BPH,diazyi01,6.0,2021-04-27,2021
BPH,ginnjt01,,2021-04-28,2021
BPH,wicksjo01,6.0,2021-04-29,2021
BPH,jimenub01,6.0,2021-04-30,2021
BPH,quintjo01,6.0,2021-05-01,2021
BPH,,5.0,2021-05-02,2021
BPH,merriry01,7.0,2021-05-03,2021
BPH,ginnjt01,7.0,2021-05-05,2021
BPH,wicksjo01,6.0,2021-05-05,2021
BPH,jimenub01,6.0,2021-05-06,2021
BPH,quintjo01,6.0,2021-05-07,2021
BPH,diazyi01,6.0,2021-05-08,2021
BPH,merriry01,6.0,2021-05-09,2021
BPH,wicksjo01,6.0,2021-05-11,2021
BPH,jimenub01,6.0,2021-05-12,2021
BPH,quintjo01,6.0,2021-05-13,2021
BPH,ginnjt01,9.0,2021-05-14,2021
BPH,merriry01,6.0,2021-05-15,2021
BPH,wicksjo01,,2021-05-16,2021
BPH,jimenub01,6.0,2021-05-18,2021
BPH,quintjo01,6.0,2021-05-19,2021
BPH,diazyi01,13.0,2021-05-21,2021
BPH,syndeno01,,2021-05-22,2021
BPH,merriry01,8.0,2021-05-23,2021
BPH,wicksjo01,8.0,2021-05-24,2021
BPH,quintjo01,6.0,2021-05-25,2021
BPH,jimenub01,8.0,2021-05-26,2021
BPH,diazyi01,6.0,2021-05-27,2021
BPH,ginnjt01,14.0,2021-05-28,2021
BPH,merriry01,6.0,2021-05-29,2021
BPH,wicksjo01,6.0,2021-05-30,2021
BPH,quintjo01,6.0,2021-05-31,2021
BPH,jimenub01,6.0,2021-06-01,2021
BPH,diazyi01,6.0,2021-06-02,2021
BPH,merriry01,5.0,2021-06-03,2021
BPH,wicksjo01,5.0,2021-06-04,2021
BPH,ginnjt01,8.0,2021-06-05,2021
BPH,jimenub01,5.0,2021-06-06,2021
BPH,diazyi01,6.0,2021-06-08,2021
BPH,merriry01,6.0,2021-06-09,2021
BPH,ginnjt01,6.0,2021-06-11,2021
BPH,jimenub01,6.0,2021-06-12,2021
BPH,diazyi01,5.0,2021-06-13,2021
BPH,merriry01,5.0,2021-06-14,2021
BPH,wicksjo01,11.0,2021-06-15,2021
BPH,ginnjt01,5.0,2021-06-16,2021
BPH,jimenub01,5.0,2021-06-17,2021
BPH,diazyi01,5.0,2021-06-18,2021
BPH,wicksjo01,5.0,2021-06-20,2021
BPH,merriry01,6.0,2021-06-20,2021
BPH,ginnjt01,6.0,2021-06-22,2021
BPH,jimenub01,6.0,2021-06-23,2021
BPH,diazyi01,6.0,2021-06-24,2021
BPH,wicksjo01,5.0,2021-06-25,2021
BPH,merriry01,6.0,2021-06-26,2021
BPH,ginnjt01,5.0,2021-06-27,2021
BPH,hughebr01,65.0,2021-06-28,2021
BPH,diazyi01,5.0,2021-06-29,2021
BPH,wicksjo01,5.0,2021-06-30,2021
BPH,,5.0,2021-07-01,2021
BPH,ginnjt01,5.0,2021-07-02,2021
BPH,hughebr01,5.0,2021-07-03,2021
BPH,diazyi01,5.0,2021-07-04,2021
BPH,wicksjo01,5.0,2021-07-05,2021
BPH,merriry01,5.0,2021-07-06,2021
BPH,,5.0,2021-07-07,2021
BPH,hughebr01,6.0,2021-07-09,2021
BPH,wicksjo01,5.0,2021-07-10,2021
BPH,merriry01,10.0,2021-07-16,2021
BPH,wicksjo01,7.0,2021-07-17,2021
BPH,hughebr01,9.0,2021-07-18,2021
BPH,leiteja01,,2021-07-19,2021
BPH,ginnjt01,13.0,2021-07-20,2021
BPH,merriry01,5.0,2021-07-21,2021
BPH,,5.0,2021-07-22,2021
BPH,hughebr01,5.0,2021-07-23,2021
BPH,,,2021-07-24,2021
BPH,ginnjt01,5.0,2021-07-25,2021
BPH,merriry01,,2021-07-27,2021
BPH,wicksjo01,6.0,2021-07-28,2021
BPH,hughebr01,7.0,2021-07-30,2021
BPH,leiteja01,7.0,2021-07-31,2021
BPH,merriry01,,2022-04-07,2022
BPH,syndeno01,,2022-04-09,2022
BPH,zeuchtj01,,2022-04-10,2022
BPH,kochma01,,2022-04-12,2022
BPH,merriry01,7.0,2022-04-14,2022
BPH,syndeno01,6.0,2022-04-15,2022
BPH,zeuchtj01,6.0,2022-04-16,2022
BPH,kochma01,5.0,2022-04-17,2022
BPH,merriry01,5.0,2022-04-19,2022
BPH,syndeno01,5.0,2022-04-20,2022
BPH,martibr01,,2022-04-21,2022
BPH,zeuchtj01,6.0,2022-04-22,2022
BPH,kochma01,6.0,2022-04-23,2022
BPH,merriry01,5.0,2022-04-24,2022
BPH,syndeno01,5.0,2022-04-25,2022
BPH,martibr01,5.0,2022-04-26,2022
BPH,zeuchtj01,5.0,2022-04-27,2022
BPH,kochma01,5.0,2022-04-28,2022
BPH,merriry01,5.0,2022-04-29,2022
BPH,syndeno01,5.0,2022-04-30,2022
BPH,martibr01,5.0,2022-05-01,2022
BPH,zeuchtj01,5.0,2022-05-02,2022
BPH,kochma01,5.0,2022-05-03,2022
BPH,merriry01,5.0,2022-05-04,2022
BPH,syndeno01,5.0,2022-05-05,2022
BPH,martibr01,5.0,2022-05-06,2022
BPH,zeuchtj01,,2022-05-07,2022
BPH,kochma01,5.0,2022-05-08,2022
BPH,winnke01,,2022-05-10,2022
BPH,syndeno01,6.0,2022-05-11,2022
BPH,zeuchtj01,5.0,2022-05-12,2022
BPH,martibr01,7.0,2022-05-13,2022
BPH,kochma01,6.0,2022-05-14,2022
BPH,merriry01,11.0,2022-05-15,2022
BPH,zeuchtj01,,2022-05-17,2022
BPH,syndeno01,6.0,2022-05-17,2022
BPH,martibr01,5.0,2022-05-18,2022
BPH,kochma01,5.0,2022-05-19,2022
BPH,merriry01,5.0,2022-05-20,2022
BPH,whitemi03,,2022-05-21,2022
BPH,zeuchtj01,,2022-05-22,2022
BPH,syndeno01,6.0,2022-05-23,2022
BPH,martibr01,6.0,2022-05-24,2022
BPH,merriry01,6.0,2022-05-26,2022
BPH,kochma01,8.0,2022-05-27,2022
BPH,whitemi03,7.0,2022-05-28,2022
BPH,syndeno01,6.0,2022-05-29,2022
BPH,winnke01,20.0,2022-05-30,2022
BPH,merriry01,5.0,2022-05-31,2022
BPH,kochma01,5.0,2022-06-01,2022
BPH,whitemi03,5.0,2022-06-02,2022
BPH,syndeno01,,2022-06-03,2022
BPH,stratch01,,2022-06-04,2022
BPH,ginnjt01,,2022-06-04,2022
BPH,merriry01,5.0,2022-06-05,2022
BPH,,6.0,2022-06-07,2022
BPH,winnke01,9.0,2022-06-08,2022
BPH,,6.0,2022-06-09,2022
BPH,stratch01,6.0,2022-06-10,2022
BPH,merriry01,6.0,2022-06-11,2022
BPH,kochma01,5.0,2022-06-12,2022
BPH,stromma01,,2022-06-13,2022
BPH,syndeno01,5.0,2022-06-14,2022
BPH,whitemi03,12.0,2022-06-14,2022
BPH,quintjo01,,2022-06-15,2022
BPH,merriry01,6.0,2022-06-17,2022
BPH,kochma01,6.0,2022-06-18,2022
BPH,stratch01,9.0,2022-06-19,2022
BPH,syndeno01,6.0,2022-06-20,2022
BPH,quintjo01,6.0,2022-06-21,2022
BPH,merriry01,5.0,2022-06-22,2022
BPH,kochma01,5.0,2022-06-23,2022
BPH,stratch01,5.0,2022-06-24,2022
BPH,syndeno01,5.0,2022-06-25,2022
BPH,quintjo01,5.0,2022-06-26,2022
BPH,merriry01,5.0,2022-06-27,2022
BPH,,5.0,2022-06-28,2022
BPH,stratch01,5.0,2022-06-29,2022
BPH,syndeno01,6.0,2022-07-01,2022
BPH,whitemi03,18.0,2022-07-02,2022
BPH,merriry01,6.0,2022-07-03,2022
BPH,kochma01,6.0,2022-07-04,2022
BPH,stratch01,6.0,2022-07-05,2022
BPH,syndeno01,5.0,2022-07-06,2022
BPH,whitemi03,5.0,2022-07-07,2022
BPH,,5.0,2022-07-08,2022
BPH,kochma01,5.0,2022-07-09,2022
BPH,stratch01,5.0,2022-07-10,2022
BPH,syndeno01,,2022-07-11,2022
BPH,martibr01,49.0,2022-07-12,2022
BPH,merriry01,5.0,2022-07-13,2022
BPH,kochma01,5.0,2022-07-14,2022
BPH,stratch01,5.0,2022-07-15,2022
BPH,syndeno01,5.0,2022-07-16,2022
BPH,merriry01,9.0,2022-07-22,2022
BPH,zeuchtj01,62.0,2022-07-23,2022
BPH,syndeno01,8.0,2022-07-24,2022
BPH,stratch01,11.0,2022-07-26,2022
BPH,merriry01,5.0,2022-07-27,2022
BPH,syndeno01,5.0,2022-07-29,2022
BPH,kochma01,16.0,2022-07-30,2022
BPH,stratch01,5.0,2022-07-31,2022
BPH,syndeno01,,2023-03-30,2023
BPH,quintjo01,,2023-04-01,2023
BPH,arihako01,,2023-04-02,2023
BPH,leiteja01,,2023-04-03,2023
BPH,zeuchtj01,,2023-04-04,2023
BPH,syndeno01,6.0,2023-04-05,2023
BPH,quintjo01,6.0,2023-04-07,2023
BPH,arihako01,6.0,2023-04-08,2023
BPH,leiteja01,6.0,2023-04-09,2023
BPH,zeuchtj01,6.0,2023-04-10,2023
BPH,syndeno01,6.0,2023-04-11,2023
BPH,quintjo01,5.0,2023-04-12,2023
BPH,arihako01,5.0,2023-04-13,2023
BPH,leiteja01,5.0,2023-04-14,2023
BPH,zeuchtj01,5.0,2023-04-15,2023
BPH,syndeno01,5.0,2023-04-16,2023
BPH,,5.0,2023-04-17,2023
BPH,arihako01,5.0,2023-04-18,2023
BPH,,5.0,2023-04-19,2023
BPH,zeuchtj01,6.0,2023-04-21,2023
BPH,syndeno01,6.0,2023-04-22,2023
BPH,quintjo01,6.0,2023-04-23,2023
BPH,arihako01,,2023-04-24,2023
BPH,leiteja01,6.0,2023-04-25,2023
BPH,zeuchtj01,5.0,2023-04-26,2023
BPH,syndeno01,5.0,2023-04-27,2023
BPH,quintjo01,5.0,2023-04-28,2023
BPH,arihako01,5.0,2023-04-29,2023
BPH,leiteja01,5.0,2023-04-30,2023
BPH,zeuchtj01,6.0,2023-05-02,2023
BPH,syndeno01,6.0,2023-05-03,2023
BPH,quintjo01,6.0,2023-05-04,2023
BPH,arihako01,6.0,2023-05-05,2023
BPH,merriry01,,2023-05-06,2023
BPH,zeuchtj01,5.0,2023-05-07,2023
BPH,syndeno01,5.0,2023-05-08,2023
BPH,quintjo01,,2023-05-09,2023
BPH,arihako01,5.0,2023-05-10,2023
BPH,merriry01,6.0,2023-05-12,2023
BPH,zeuchtj01,6.0,2023-05-13,2023
BPH,syndeno01,6.0,2023-05-14,2023
BPH,quintjo01,6.0,2023-05-15,2023
BPH,arihako01,6.0,2023-05-16,2023
BPH,whitemi03,,2023-05-17,2023
BPH,merriry01,6.0,2023-05-18,2023
BPH,zeuchtj01,6.0,2023-05-19,2023
BPH,syndeno01,6.0,2023-05-20,2023
BPH,quintjo01,6.0,2023-05-21,2023
BPH,arihako01,6.0,2023-05-22,2023
BPH,merriry01,5.0,2023-05-23,2023
BPH,zeuchtj01,5.0,2023-05-24,2023
BPH,,5.0,2023-05-25,2023
BPH,whitemi03,9.0,2023-05-26,2023
BPH,quintjo01,6.0,2023-05-27,2023
BPH,arihako01,6.0,2023-05-28,2023
BPH,merriry01,6.0,2023-05-29,2023
BPH,syndeno01,5.0,2023-05-30,2023
BPH,quintjo01,6.0,2023-06-02,2023
BPH,arihako01,6.0,2023-06-03,2023
BPH,syndeno01,5.0,2023-06-04,2023
BPH,merriry01,7.0,2023-06-05,2023
BPH,whitemi03,11.0,2023-06-06,2023
BPH,,5.0,2023-06-07,2023
BPH,arihako01,,2023-06-09,2023
BPH,syndeno01,6.0,2023-06-10,2023
BPH,merriry01,6.0,2023-06-11,2023
BPH,whitemi03,6.0,2023-06-12,2023
BPH,quintjo01,6.0,2023-06-13,2023
BPH,arihako01,5.0,2023-06-14,2023
BPH,syndeno01,6.0,2023-06-16,2023
BPH,merriry01,6.0,2023-06-17,2023
BPH,whitemi03,6.0,2023-06-18,2023
BPH,quintjo01,6.0,2023-06-19,2023
BPH,arihako01,6.0,2023-06-20,2023
BPH,,5.0,2023-06-21,2023
BPH,merriry01,7.0,2023-06-24,2023
BPH,whitemi03,7.0,2023-06-25,2023
BPH,arihako01,7.0,2023-06-27,2023
BPH,syndeno01,7.0,2023-06-28,2023
BPH,merriry01,5.0,2023-06-29,2023
BPH,whitemi03,6.0,2023-07-01,2023
BPH,quintjo01,12.0,2023-07-01,2023
BPH,arihako01,,2023-07-02,2023
BPH,syndeno01,5.0,2023-07-03,2023
BPH,merriry01,5.0,2023-07-04,2023
BPH,,4.0,2023-07-05,2023
BPH,,,2023-07-06,2023
BPH,arihako01,5.0,2023-07-07,2023
BPH,syndeno01,5.0,2023-07-08,2023
BPH,zeuchtj01,46.0,2023-07-09,2023
BPH,syndeno01,6.0,2023-07-14,2023
BPH,zeuchtj01,6.0,2023-07-15,2023
BPH,quintjo01,10.0,2023-07-16,2023
BPH,syndeno01,3.0,2023-07-17,2023
BPH,,,2023-07-18,2023
BPH,kochma01,,2023-07-19,2023
BPH,zeuchtj01,5.0,2023-07-20,2023
BPH,quintjo01,5.0,2023-07-21,2023
BPH,syndeno01,5.0,2023-07-22,2023
BPH,arihako01,5.0,2023-07-23,2023
BPH,merriry01,20.0,2023-07-24,2023
BPH,zeuchtj01,5.0,2023-07-25,2023
BPH,quintjo01,5.0,2023-07-26,2023
BPH,syndeno01,5.0,2023-07-27,2023
BPH,,5.0,2023-07-28,2023
BPH,merriry01,5.0,2023-07-29,2023
BPH,zeuchtj01,5.0,2023-07-30,2023
DPS,faedoal01,,2016-04-04,2016
DPS,couloda01,,2016-04-05,2016
DPS,bivensp01,,2016-04-06,2016
DPS,holmegr01,,2016-04-07,2016
DPS,armstsh01,,2016-04-08,2016
DPS,,5.0,2016-04-09,2016
DPS,couloda01,5.0,2016-04-10,2016
DPS,bivensp01,5.0,2016-04-11,2016
DPS,holmegr01,5.0,2016-04-12,2016
DPS,armstsh01,5.0,2016-04-13,2016
DPS,faedoal01,5.0,2016-04-14,2016
DPS,couloda01,5.0,2016-04-15,2016
DPS,bivensp01,5.0,2016-04-16,2016
DPS,holmegr01,7.0,2016-04-19,2016
DPS,faedoal01,6.0,2016-04-20,2016
DPS,,8.0,2016-04-21,2016
DPS,couloda01,7.0,2016-04-22,2016
DPS,bivensp01,7.0,2016-04-23,2016
DPS,holmegr01,5.0,2016-04-24,2016
DPS,suareal01,,2016-04-25,2016
DPS,armstsh01,5.0,2016-04-26,2016
DPS,couloda01,5.0,2016-04-27,2016
DPS,bivensp01,6.0,2016-04-29,2016
DPS,holmegr01,6.0,2016-04-30,2016
DPS,faedoal01,11.0,2016-05-01,2016
DPS,armstsh01,6.0,2016-05-02,2016
DPS,couloda01,6.0,2016-05-03,2016
DPS,bivensp01,5.0,2016-05-04,2016
DPS,holmegr01,5.0,2016-05-05,2016
DPS,faedoal01,5.0,2016-05-06,2016
DPS,armstsh01,5.0,2016-05-07,2016
DPS,couloda01,5.0,2016-05-08,2016
DPS,bivensp01,5.0,2016-05-09,2016
DPS,,5.0,2016-05-10,2016
DPS,faedoal01,5.0,2016-05-11,2016
DPS,couloda01,5.0,2016-05-13,2016
DPS,bivensp01,5.0,2016-05-14,2016
DPS,suareal01,20.0,2016-05-15,2016
DPS,holmegr01,6.0,2016-05-16,2016
DPS,faedoal01,6.0,2016-05-17,2016
DPS,couloda01,5.0,2016-05-18,2016
DPS,bivensp01,6.0,2016-05-20,2016
DPS,suareal01,6.0,2016-05-21,2016
DPS,faedoal01,5.0,2016-05-22,2016
DPS,holmegr01,7.0,2016-05-23,2016
DPS,couloda01,6.0,2016-05-24,2016
DPS,bivensp01,5.0,2016-05-25,2016
DPS,faedoal01,5.0,2016-05-27,2016
DPS,,,2016-05-28,2016
DPS,couloda01,5.0,2016-05-29,2016
DPS,holmegr01,7.0,2016-05-30,2016
DPS,bivensp01,6.0,2016-05-31,2016
DPS,faedoal01,5.0,2016-06-01,2016
DPS,campbpa02,,2016-06-03,2016
DPS,couloda01,6.0,2016-06-04,2016
DPS,holmegr01,6.0,2016-06-05,2016
DPS,bivensp01,6.0,2016-06-06,2016
DPS,faedoal01,6.0,2016-06-07,2016
DPS,campbpa02,5.0,2016-06-08,2016
DPS,couloda01,5.0,2016-06-09,2016
DPS,holmegr01,5.0,2016-06-10,2016
DPS,bivensp01,5.0,2016-06-11,2016
DPS,faedoal01,5.0,2016-06-12,2016
DPS,suareal01,23.0,2016-06-13,2016
DPS,couloda01,5.0,2016-06-14,2016
DPS,holmegr01,5.0,2016-06-15,2016
DPS,bivensp01,5.0,2016-06-16,2016
DPS,faedoal01,5.0,2016-06-17,2016
DPS,adlemti01,,2016-06-18,2016
DPS,couloda01,5.0,2016-06-19,2016
DPS,holmegr01,5.0,2016-06-20,2016
DPS,bivensp01,5.0,2016-06-21,2016
DPS,faedoal01,5.0,2016-06-22,2016
DPS,adlemti01,6.0,2016-06-24,2016
DPS,armstsh01,49.0,2016-06-25,2016
DPS,couloda01,7.0,2016-06-26,2016
DPS,garcija04,,2016-06-27,2016
DPS,faedoal01,6.0,2016-06-28,2016
DPS,adlemti01,5.0,2016-06-29,2016
DPS,armstsh01,5.0,2016-06-30,2016
DPS,couloda01,5.0,2016-07-01,2016
DPS,garcija04,5.0,2016-07-02,2016
DPS,faedoal01,5.0,2016-07-03,2016
DPS,adlemti01,5.0,2016-07-04,2016
DPS,armstsh01,5.0,2016-07-05,2016
DPS,couloda01,5.0,2016-07-06,2016
DPS,garcija04,5.0,2016-07-07,2016
DPS,,5.0,2016-07-08,2016
DPS,jamesdr01,,2016-07-09,2016
DPS,armstsh01,5.0,2016-07-10,2016
DPS,couloda01,9.0,2016-07-15,2016
DPS,campbpa02,38.0,2016-07-16,2016
DPS,faedoal01,9.0,2016-07-17,2016
DPS,armstsh01,8.0,2016-07-18,2016
DPS,jamesdr01,10.0,2016-07-19,2016
DPS,couloda01,5.0,2016-07-20,2016
DPS,campbpa02,6.0,2016-07-22,2016
DPS,faedoal01,6.0,2016-07-23,2016
DPS,armstsh01,6.0,2016-07-24,2016
DPS,couloda01,5.0,2016-07-25,2016
DPS,adlemti01,22.0,2016-07-26,2016
DPS,,5.0,2016-07-27,2016
DPS,faedoal01,5.0,2016-07-28,2016
DPS,armstsh01,5.0,2016-07-29,2016
DPS,couloda01,5.0,2016-07-30,2016
DPS,pilkiko01,5.0,2016-07-31,2016
DPS,campbpa02,,2017-04-03,2017
DPS,couloda01,,2017-04-04,2017
DPS,faedoal01,,2017-04-05,2017
DPS,armstsh01,,2017-04-07,2017
DPS,campbpa02,5.0,2017-04-08,2017
DPS,couloda01,5.0,2017-04-09,2017
DPS,faedoal01,,2017-04-11,2017
DPS,armstsh01,5.0,2017-04-12,2017
DPS,campbpa02,5.0,2017-04-13,2017
DPS,couloda01,5.0,2017-04-14,2017
DPS,diazmi02,,2017-04-15,2017
DPS,faedoal01,5.0,2017-04-16,2017
DPS,armstsh01,5.0,2017-04-17,2017
DPS,campbpa02,5.0,2017-04-18,2017
DPS,couloda01,5.0,2017-04-19,2017
DPS,diazmi02,5.0,2017-04-20,2017
DPS,faedoal01,5.0,2017-04-21,2017
DPS,adlemti01,,2017-04-22,2017
DPS,campbpa02,5.0,2017-04-23,2017
DPS,,5.0,2017-04-24,2017
DPS,diazmi02,5.0,2017-04-25,2017
DPS,faedoal01,5.0,2017-04-26,2017
DPS,adlemti01,6.0,2017-04-28,2017
DPS,campbpa02,6.0,2017-04-29,2017
DPS,couloda01,6.0,2017-04-30,2017
DPS,diazmi02,6.0,2017-05-01,2017
DPS,bazsh01,,2017-05-02,2017
DPS,adlemti01,5.0,2017-05-03,2017
DPS,armstsh01,17.0,2017-05-04,2017
DPS,campbpa02,6.0,2017-05-05,2017
DPS,couloda01,6.0,2017-05-06,2017
DPS,diazmi02,6.0,2017-05-07,2017
DPS,adlemti01,,2017-05-08,2017
DPS,armstsh01,5.0,2017-05-09,2017
DPS,campbpa02,5.0,2017-05-10,2017
DPS,couloda01,5.0,2017-05-11,2017
DPS,diazmi02,5.0,2017-05-12,2017
DPS,adlemti01,5.0,2017-05-13,2017
DPS,armstsh01,5.0,2017-05-14,2017
DPS,campbpa02,6.0,2017-05-16,2017
DPS,diazmi02,5.0,2017-05-17,2017
DPS,couloda01,7.0,2017-05-18,2017
DPS,adlemti01,6.0,2017-05-19,2017
DPS,armstsh01,6.0,2017-05-20,2017
DPS,,5.0,2017-05-21,2017
DPS,diazmi02,6.0,2017-05-23,2017
DPS,couloda01,6.0,2017-05-24,2017
DPS,,6.0,2017-05-25,2017
DPS,armstsh01,6.0,2017-05-26,2017
DPS,campbpa02,6.0,2017-05-27,2017
DPS,,5.0,2017-05-28,2017
DPS,couloda01,5.0,2017-05-29,2017
DPS,adlemti01,5.0,2017-05-30,2017
DPS,,,2017-05-31,2017
DPS,campbpa02,6.0,2017-06-02,2017
DPS,diazmi02,6.0,2017-06-03,2017
DPS,couloda01,6.0,2017-06-04,2017
DPS,medlekr01,,2017-06-06,2017
DPS,campbpa02,5.0,2017-06-07,2017
DPS,diazmi02,6.0,2017-06-09,2017
DPS,couloda01,6.0,2017-06-10,2017
DPS,wachami01,11.0,2017-06-11,2017
DPS,campbpa02,5.0,2017-06-12,2017
DPS,adlemti01,14.0,2017-06-13,2017
DPS,diazmi02,5.0,2017-06-14,2017
DPS,burrobe01,,2017-06-16,2017
DPS,couloda01,7.0,2017-06-17,2017
DPS,campbpa02,6.0,2017-06-18,2017
DPS,wachami01,8.0,2017-06-19,2017
DPS,adlemti01,7.0,2017-06-20,2017
DPS,burrobe01,5.0,2017-06-21,2017
DPS,couloda01,5.0,2017-06-22,2017
DPS,campbpa02,5.0,2017-06-23,2017
DPS,wachami01,5.0,2017-06-24,2017
DPS,adlemti01,5.0,2017-06-25,2017
DPS,faedoal01,61.0,2017-06-26,2017
DPS,burrobe01,6.0,2017-06-27,2017
DPS,campbpa02,5.0,2017-06-28,2017
DPS,diazmi02,15.0,2017-06-29,2017
DPS,,6.0,2017-06-30,2017
DPS,faedoal01,5.0,2017-07-01,2017
DPS,burrobe01,5.0,2017-07-02,2017
DPS,couloda01,11.0,2017-07-03,2017
DPS,campbpa02,6.0,2017-07-04,2017
DPS,diazmi02,6.0,2017-07-05,2017
DPS,,6.0,2017-07-07,2017
DPS,burrobe01,6.0,2017-07-08,2017
DPS,campbpa02,5.0,2017-07-09,2017
DPS,couloda01,11.0,2017-07-14,2017
DPS,faedoal01,8.0,2017-07-15,2017
DPS,campbpa02,7.0,2017-07-16,2017
DPS,diazmi02,12.0,2017-07-17,2017
DPS,burrobe01,10.0,2017-07-18,2017
DPS,couloda01,5.0,2017-07-19,2017
DPS,faedoal01,5.0,2017-07-20,2017
DPS,campbpa02,5.0,2017-07-21,2017
DPS,,5.0,2017-07-22,2017
DPS,burrobe01,,2017-07-23,2017
DPS,couloda01,5.0,2017-07-24,2017
DPS,faedoal01,5.0,2017-07-25,2017
DPS,campbpa02,5.0,2017-07-26,2017
DPS,diazmi02,6.0,2017-07-28,2017
DPS,,29.0,2017-07-29,2017
DPS,couloda01,6.0,2017-07-30,2017
DPS,faedoal01,6.0,2017-07-31,2017
DPS,faedoal01,,2018-03-29,2018
DPS,millesh01,,2018-03-30,2018
DPS,garzaju01,,2018-03-31,2018
DPS,cottojh01,,2018-04-01,2018
DPS,alexaty01,,2018-04-02,2018
DPS,faedoal01,5.0,2018-04-03,2018
DPS,millesh01,5.0,2018-04-04,2018
DPS,couloda01,,2018-04-05,2018
DPS,garzaju01,6.0,2018-04-06,2018
DPS,cottojh01,6.0,2018-04-07,2018
DPS,faedoal01,5.0,2018-04-08,2018
DPS,millesh01,5.0,2018-04-09,2018
DPS,couloda01,5.0,2018-04-10,2018
DPS,garzaju01,5.0,2018-04-11,2018
DPS,faedoal01,5.0,2018-04-13,2018
DPS,cottojh01,,2018-04-14,2018
DPS,alexaty01,13.0,2018-04-15,2018
DPS,couloda01,6.0,2018-04-16,2018
DPS,garzaju01,6.0,2018-04-17,2018
DPS,faedoal01,5.0,2018-04-18,2018
DPS,cottojh01,6.0,2018-04-20,2018
DPS,alexaty01,6.0,2018-04-21,2018
DPS,couloda01,,2018-04-22,2018
DPS,garzaju01,6.0,2018-04-23,2018
DPS,faedoal01,6.0,2018-04-24,2018
DPS,millesh01,16.0,2018-04-25,2018
DPS,cottojh01,7.0,2018-04-27,2018
DPS,alexaty01,7.0,2018-04-28,2018
DPS,couloda01,7.0,2018-04-29,2018
DPS,faedoal01,6.0,2018-04-30,2018
DPS,millesh01,6.0,2018-05-01,2018
DPS,garzaju01,9.0,2018-05-02,2018
DPS,cottojh01,,2018-05-03,2018
DPS,alexaty01,,2018-05-04,2018
DPS,faedoal01,5.0,2018-05-05,2018
DPS,millesh01,5.0,2018-05-06,2018
DPS,garzaju01,5.0,2018-05-07,2018
DPS,cottojh01,5.0,2018-05-08,2018
DPS,alexaty01,5.0,2018-05-09,2018
DPS,faedoal01,6.0,2018-05-11,2018
DPS,millesh01,6.0,2018-05-12,2018
DPS,,6.0,2018-05-13,2018
DPS,cottojh01,7.0,2018-05-15,2018
DPS,alexaty01,,2018-05-16,2018
DPS,millesh01,5.0,2018-05-17,2018
DPS,garzaju01,5.0,2018-05-18,2018
DPS,oberba01,,2018-05-19,2018
DPS,cottojh01,5.0,2018-05-20,2018
DPS,alexaty01,5.0,2018-05-21,2018
DPS,faedoal01,11.0,2018-05-22,2018
DPS,millesh01,6.0,2018-05-23,2018
DPS,wachami01,,2018-05-24,2018
DPS,cottojh01,5.0,2018-05-25,2018
DPS,alexaty01,5.0,2018-05-26,2018
DPS,faedoal01,5.0,2018-05-27,2018
DPS,millesh01,5.0,2018-05-28,2018
DPS,wachami01,5.0,2018-05-29,2018
DPS,garzaju01,12.0,2018-05-30,2018
DPS,cottojh01,6.0,2018-05-31,2018
DPS,,6.0,2018-06-01,2018
DPS,faedoal01,6.0,2018-06-02,2018
DPS,millesh01,6.0,2018-06-03,2018
DPS,garzaju01,6.0,2018-06-05,2018
DPS,alexaty01,5.0,2018-06-06,2018
DPS,faedoal01,5.0,2018-06-07,2018
DPS,millesh01,5.0,2018-06-08,2018
DPS,cottojh01,9.0,2018-06-09,2018
DPS,garzaju01,5.0,2018-06-10,2018
DPS,alexaty01,6.0,2018-06-12,2018
DPS,faedoal01,6.0,2018-06-13,2018
DPS,latosma01,,2018-06-15,2018
DPS,cottojh01,7.0,2018-06-16,2018
DPS,morgaad01,,2018-06-17,2018
DPS,alexaty01,6.0,2018-06-18,2018
DPS,faedoal01,6.0,2018-06-19,2018
DPS,wachami01,22.0,2018-06-20,2018
DPS,cottojh01,6.0,2018-06-22,2018
DPS,morgaad01,6.0,2018-06-23,2018
DPS,alexaty01,6.0,2018-06-24,2018
DPS,,6.0,2018-06-25,2018
DPS,wachami01,6.0,2018-06-26,2018
DPS,cottojh01,5.0,2018-06-27,2018
DPS,morgaad01,6.0,2018-06-29,2018
DPS,alexaty01,6.0,2018-06-30,2018
DPS,faedoal01,6.0,2018-07-01,2018
DPS,wachami01,7.0,2018-07-03,2018
DPS,cottojh01,7.0,2018-07-04,2018
DPS,morgaad01,6.0,2018-07-05,2018
DPS,alexaty01,6.0,2018-07-06,2018
DPS,faedoal01,6.0,2018-07-07,2018
DPS,wachami01,5.0,2018-07-08,2018
DPS,cottojh01,5.0,2018-07-09,2018
DPS,morgaad01,5.0,2018-07-10,2018
DPS,alexaty01,5.0,2018-07-11,2018
DPS,faedoal01,6.0,2018-07-13,2018
DPS,couloda01,76.0,2018-07-14,2018
DPS,cottojh01,6.0,2018-07-15,2018
DPS,couloda01,6.0,2018-07-20,2018
DPS,alexaty01,10.0,2018-07-21,2018
DPS,,12.0,2018-07-22,2018
DPS,faedoal01,10.0,2018-07-23,2018
DPS,cottojh01,9.0,2018-07-24,2018
DPS,couloda01,5.0,2018-07-25,2018
DPS,alexaty01,5.0,2018-07-26,2018
DPS,morgaad01,5.0,2018-07-27,2018
DPS,oberba01,70.0,2018-07-28,2018
DPS,cottojh01,5.0,2018-07-29,2018
DPS,couloda01,5.0,2018-07-30,2018
DPS,alexaty01,5.0,2018-07-31,2018
DPS,cottojh01,,2019-03-28,2019
DPS,taillja01,,2019-03-30,2019
DPS,,,2019-03-31,2019
DPS,wilsost02,,2019-04-01,2019
DPS,feddeer01,,2019-04-02,2019
DPS,cottojh01,6.0,2019-04-03,2019
DPS,taillja01,5.0,2019-04-04,2019
DPS,howarsa01,5.0,2019-04-05,2019
DPS,wilsost02,5.0,2019-04-06,2019
DPS,feddeer01,5.0,2019-04-07,2019
DPS,cottojh01,,2019-04-09,2019
DPS,howarsa01,5.0,2019-04-10,2019
DPS,wilsost02,6.0,2019-04-12,2019
DPS,simonal01,,2019-04-14,2019
DPS,feddeer01,8.0,2019-04-15,2019
DPS,cottojh01,7.0,2019-04-16,2019
DPS,howarsa01,7.0,2019-04-17,2019
DPS,wilsost02,7.0,2019-04-19,2019
DPS,simonal01,6.0,2019-04-20,2019
DPS,feddeer01,6.0,2019-04-21,2019
DPS,cottojh01,6.0,2019-04-22,2019
DPS,howarsa01,6.0,2019-04-23,2019
DPS,fryja01,,2019-04-24,2019
DPS,martico01,,2019-04-25,2019
DPS,feddeer01,5.0,2019-04-26,2019
DPS,cottojh01,5.0,2019-04-27,2019
DPS,howarsa01,5.0,2019-04-28,2019
DPS,simonal01,,2019-04-30,2019
DPS,feddeer01,5.0,2019-05-01,2019
DPS,cottojh01,,2019-05-03,2019
DPS,howarsa01,6.0,2019-05-04,2019
DPS,wilsost02,16.0,2019-05-05,2019
DPS,simonal01,7.0,2019-05-07,2019
DPS,feddeer01,7.0,2019-05-08,2019
DPS,cottojh01,6.0,2019-05-09,2019
DPS,howarsa01,,2019-05-10,2019
DPS,godleza01,,2019-05-11,2019
DPS,simonal01,5.0,2019-05-12,2019
DPS,feddeer01,6.0,2019-05-14,2019
DPS,cottojh01,6.0,2019-05-15,2019
DPS,howarsa01,6.0,2019-05-16,2019
DPS,wojcias01,,2019-05-17,2019
DPS,oberba01,,2019-05-18,2019
DPS,wilsost02,14.0,2019-05-19,2019
DPS,cottojh01,5.0,2019-05-20,2019
DPS,howarsa01,5.0,2019-05-21,2019
DPS,godleza01,11.0,2019-05-22,2019
DPS,wilsost02,5.0,2019-05-24,2019
DPS,cottojh01,5.0,2019-05-25,2019
DPS,oberba01,8.0,2019-05-26,2019
DPS,howarsa01,6.0,2019-05-27,2019
DPS,godleza01,6.0,2019-05-28,2019
DPS,wojcias01,12.0,2019-05-29,2019
DPS,cottojh01,,2019-05-30,2019
DPS,oberba01,5.0,2019-05-31,2019
DPS,howarsa01,5.0,2019-06-01,2019
DPS,,21.0,2019-06-02,2019
DPS,wilsost02,11.0,2019-06-04,2019
DPS,cottojh01,6.0,2019-06-05,2019
DPS,oberba01,6.0,2019-06-06,2019
DPS,howarsa01,6.0,2019-06-07,2019
DPS,koehlto01,,2019-06-08,2019
DPS,simonal01,6.0,2019-06-08,2019
DPS,wilsost02,5.0,2019-06-09,2019
DPS,cottojh01,5.0,2019-06-10,2019
DPS,oberba01,5.0,2019-06-11,2019
DPS,howarsa01,5.0,2019-06-12,2019
DPS,simonal01,5.0,2019-06-13,2019
DPS,godleza01,17.0,2019-06-14,2019
DPS,cottojh01,5.0,2019-06-15,2019
DPS,,5.0,2019-06-16,2019
DPS,howarsa01,5.0,2019-06-17,2019
DPS,,5.0,2019-06-18,2019
DPS,koehlto01,11.0,2019-06-19,2019
DPS,cottojh01,5.0,2019-06-20,2019
DPS,oberba01,5.0,2019-06-21,2019
DPS,howarsa01,5.0,2019-06-22,2019
DPS,simonal01,5.0,2019-06-23,2019
DPS,godleza01,11.0,2019-06-25,2019
DPS,cottojh01,6.0,2019-06-26,2019
DPS,oberba01,6.0,2019-06-27,2019
DPS,howarsa01,,2019-06-28,2019
DPS,simonal01,6.0,2019-06-29,2019
DPS,godleza01,5.0,2019-06-30,2019
DPS,cottojh01,6.0,2019-07-02,2019
DPS,oberba01,6.0,2019-07-03,2019
DPS,howarsa01,6.0,2019-07-04,2019
DPS,simonal01,6.0,2019-07-05,2019
DPS,,6.0,2019-07-06,2019
DPS,wojcias01,39.0,2019-07-07,2019
DPS,howarsa01,7.0,2019-07-11,2019
DPS,godleza01,6.0,2019-07-12,2019
DPS,cottojh01,11.0,2019-07-13,2019
DPS,oberba01,11.0,2019-07-14,2019
DPS,howarsa01,5.0,2019-07-16,2019
DPS,godleza01,5.0,2019-07-17,2019
DPS,cottojh01,6.0,2019-07-19,2019
DPS,,6.0,2019-07-20,2019
DPS,howarsa01,5.0,2019-07-21,2019
DPS,simonal01,17.0,2019-07-22,2019
DPS,valdece01,,2019-07-23,2019
DPS,cottojh01,5.0,2019-07-24,2019
DPS,oberba01,5.0,2019-07-25,2019
DPS,howarsa01,5.0,2019-07-26,2019
DPS,simonal01,5.0,2019-07-27,2019
DPS,bergetr01,,2019-07-28,2019
DPS,oberba01,5.0,2019-07-30,2019
DPS,cottojh01,7.0,2019-07-31,2019
DPS,rucindr01,,2021-04-01,2021
DPS,skubata01,,2021-04-03,2021
DPS,woodtr01,,2021-04-04,2021
DPS,garream01,,2021-04-05,2021
DPS,allarko01,,2021-04-06,2021
DPS,rucindr01,6.0,2021-04-07,2021
DPS,skubata01,6.0,2021-04-09,2021
DPS,woodtr01,6.0,2021-04-10,2021
DPS,garream01,6.0,2021-04-11,2021
DPS,,6.0,2021-04-12,2021
DPS,rucindr01,6.0,2021-04-13,2021
DPS,skubata01,5.0,2021-04-14,2021
DPS,woodtr01,5.0,2021-04-15,2021
DPS,garream01,5.0,2021-04-16,2021
DPS,allarko01,5.0,2021-04-17,2021
DPS,rucindr01,5.0,2021-04-18,2021
DPS,skubata01,5.0,2021-04-19,2021
DPS,woodtr01,5.0,2021-04-20,2021
DPS,garream01,5.0,2021-04-21,2021
DPS,allarko01,6.0,2021-04-23,2021
DPS,rucindr01,6.0,2021-04-24,2021
DPS,skubata01,6.0,2021-04-25,2021
DPS,woodtr01,6.0,2021-04-26,2021
DPS,garream01,6.0,2021-04-27,2021
DPS,allarko01,5.0,2021-04-28,2021
DPS,rucindr01,5.0,2021-04-29,2021
DPS,skubata01,5.0,2021-04-30,2021
DPS,woodtr01,5.0,2021-05-01,2021
DPS,garream01,5.0,2021-05-02,2021
DPS,allarko01,5.0,2021-05-03,2021
DPS,rucindr01,5.0,2021-05-04,2021
DPS,ollerad01,,2021-05-05,2021
DPS,woodtr01,5.0,2021-05-06,2021
DPS,garream01,5.0,2021-05-07,2021
DPS,skubata01,8.0,2021-05-08,2021
DPS,,6.0,2021-05-09,2021
DPS,,6.0,2021-05-10,2021
DPS,,5.0,2021-05-11,2021
DPS,garream01,6.0,2021-05-13,2021
DPS,bidoos01,,2021-05-14,2021
DPS,allarko01,6.0,2021-05-15,2021
DPS,rucindr01,6.0,2021-05-16,2021
DPS,woodtr01,6.0,2021-05-17,2021
DPS,garream01,5.0,2021-05-18,2021
DPS,ollerad01,14.0,2021-05-19,2021
DPS,allarko01,5.0,2021-05-20,2021
DPS,rucindr01,5.0,2021-05-21,2021
DPS,woodtr01,5.0,2021-05-22,2021
DPS,,5.0,2021-05-23,2021
DPS,ollerad01,6.0,2021-05-25,2021
DPS,allarko01,6.0,2021-05-26,2021
DPS,tsengje01,,2021-05-27,2021
DPS,woodtr01,6.0,2021-05-28,2021
DPS,garream01,6.0,2021-05-29,2021
DPS,ollerad01,5.0,2021-05-30,2021
DPS,allarko01,6.0,2021-06-01,2021
DPS,woodtr01,5.0,2021-06-02,2021
DPS,,5.0,2021-06-03,2021
DPS,rucindr01,14.0,2021-06-04,2021
DPS,tsengje01,9.0,2021-06-05,2021
DPS,allarko01,5.0,2021-06-06,2021
DPS,woodtr01,6.0,2021-06-08,2021
DPS,rucindr01,5.0,2021-06-09,2021
DPS,garream01,,2021-06-11,2021
DPS,tsengje01,7.0,2021-06-12,2021
DPS,allarko01,7.0,2021-06-13,2021
DPS,rucindr01,6.0,2021-06-15,2021
DPS,woodtr01,8.0,2021-06-16,2021
DPS,garream01,7.0,2021-06-18,2021
DPS,tsengje01,7.0,2021-06-19,2021
DPS,allarko01,7.0,2021-06-20,2021
DPS,rucindr01,6.0,2021-06-21,2021
DPS,martico01,,2021-06-22,2021
DPS,garream01,5.0,2021-06-23,2021
DPS,,5.0,2021-06-24,2021
DPS,allarko01,5.0,2021-06-25,2021
DPS,rucindr01,5.0,2021-06-26,2021
DPS,woodtr01,11.0,2021-06-27,2021
DPS,garream01,6.0,2021-06-29,2021
DPS,tsengje01,6.0,2021-06-30,2021
DPS,allarko01,6.0,2021-07-01,2021
DPS,rucindr01,6.0,2021-07-02,2021
DPS,woodtr01,6.0,2021-07-03,2021
DPS,garream01,5.0,2021-07-04,2021
DPS,tsengje01,5.0,2021-07-05,2021
DPS,,5.0,2021-07-06,2021
DPS,rucindr01,5.0,2021-07-07,2021
DPS,,6.0,2021-07-09,2021
DPS,garream01,6.0,2021-07-10,2021
DPS,tsengje01,6.0,2021-07-11,2021
DPS,woodtr01,7.0,2021-07-16,2021
DPS,tsengje01,7.0,2021-07-18,2021
DPS,garream01,8.0,2021-07-18,2021
DPS,rucindr01,12.0,2021-07-19,2021
DPS,allarko01,14.0,2021-07-20,2021
DPS,woodtr01,5.0,2021-07-21,2021
DPS,garream01,4.0,2021-07-22,2021
DPS,tsengje01,5.0,2021-07-23,2021
DPS,rucindr01,5.0,2021-07-24,2021
DPS,martico01,33.0,2021-07-25,2021
DPS,allarko01,7.0,2021-07-27,2021
DPS,woodtr01,7.0,2021-07-28,2021
DPS,tsengje01,7.0,2021-07-30,2021
DPS,martico01,6.0,2021-07-31,2021
DPS,biagijo01,,2022-04-08,2022
DPS,allarko01,,2022-04-09,2022
DPS,fiersmi01,,2022-04-10,2022
DPS,martico01,,2022-04-11,2022
DPS,couloda01,,2022-04-12,2022
DPS,allarko01,5.0,2022-04-14,2022
DPS,nelsoni01,,2022-04-15,2022
DPS,martico01,5.0,2022-04-16,2022
DPS,couloda01,5.0,2022-04-17,2022
DPS,biagijo01,11.0,2022-04-19,2022
DPS,allarko01,6.0,2022-04-20,2022
DPS,martico01,5.0,2022-04-21,2022
DPS,bergmch01,,2022-04-22,2022
DPS,couloda01,6.0,2022-04-23,2022
DPS,duffyda01,,2022-04-24,2022
DPS,allarko01,5.0,2022-04-25,2022
DPS,martico01,5.0,2022-04-26,2022
DPS,bergmch01,5.0,2022-04-27,2022
DPS,couloda01,5.0,2022-04-28,2022
DPS,,5.0,2022-04-29,2022
DPS,allarko01,5.0,2022-04-30,2022
DPS,martico01,5.0,2022-05-01,2022
DPS,biagijo01,14.0,2022-05-03,2022
DPS,couloda01,6.0,2022-05-04,2022
DPS,allarko01,8.0,2022-05-08,2022
DPS,bergmch01,11.0,2022-05-08,2022
DPS,biagijo01,,2022-05-09,2022
DPS,couloda01,6.0,2022-05-10,2022
DPS,nelsoni01,26.0,2022-05-11,2022
DPS,martico01,11.0,2022-05-12,2022
DPS,allarko01,5.0,2022-05-13,2022
DPS,bergmch01,6.0,2022-05-14,2022
DPS,couloda01,5.0,2022-05-15,2022
DPS,biagijo01,,2022-05-16,2022
DPS,martico01,5.0,2022-05-17,2022
DPS,allarko01,5.0,2022-05-18,2022
DPS,bergmch01,5.0,2022-05-19,2022
DPS,couloda01,5.0,2022-05-20,2022
DPS,biagijo01,5.0,2022-05-21,2022
DPS,,5.0,2022-05-22,2022
DPS,allarko01,6.0,2022-05-24,2022
DPS,bergmch01,6.0,2022-05-25,2022
DPS,couloda01,6.0,2022-05-26,2022
DPS,biagijo01,,2022-05-27,2022
DPS,martico01,6.0,2022-05-28,2022
DPS,allarko01,5.0,2022-05-29,2022
DPS,bergmch01,5.0,2022-05-30,2022
DPS,couloda01,5.0,2022-05-31,2022
DPS,biagijo01,5.0,2022-06-01,2022
DPS,martico01,5.0,2022-06-02,2022
DPS,allarko01,5.0,2022-06-03,2022
DPS,bergmch01,5.0,2022-06-04,2022
DPS,,5.0,2022-06-05,2022
DPS,martico01,5.0,2022-06-07,2022
DPS,biagijo01,6.0,2022-06-07,2022
DPS,allarko01,5.0,2022-06-08,2022
DPS,nelsoni01,30.0,2022-06-10,2022
DPS,couloda01,6.0,2022-06-11,2022
DPS,biagijo01,5.0,2022-06-12,2022
DPS,martico01,6.0,2022-06-13,2022
DPS,allarko01,6.0,2022-06-14,2022
DPS,roarkta01,,2022-06-15,2022
DPS,couloda01,5.0,2022-06-16,2022
DPS,biagijo01,5.0,2022-06-17,2022
DPS,martico01,5.0,2022-06-18,2022
DPS,allarko01,,2022-06-19,2022
DPS,couloda01,5.0,2022-06-21,2022
DPS,biagijo01,5.0,2022-06-22,2022
DPS,allarko01,5.0,2022-06-24,2022
DPS,valdece01,,2022-06-25,2022
DPS,bergmch01,22.0,2022-06-26,2022
DPS,couloda01,,2022-06-27,2022
DPS,biagijo01,6.0,2022-06-28,2022
DPS,allarko01,5.0,2022-06-29,2022
DPS,bergmch01,5.0,2022-07-01,2022
DPS,couloda01,5.0,2022-07-02,2022
DPS,biagijo01,5.0,2022-07-03,2022
DPS,allarko01,5.0,2022-07-04,2022
DPS,fiersmi01,86.0,2022-07-05,2022
DPS,bergmch01,5.0,2022-07-06,2022
DPS,biagijo01,5.0,2022-07-08,2022
DPS,couloda01,7.0,2022-07-09,2022
DPS,allarko01,6.0,2022-07-10,2022
DPS,fiersmi01,6.0,2022-07-11,2022
DPS,bergmch01,6.0,2022-07-12,2022
DPS,biagijo01,5.0,2022-07-13,2022
DPS,couloda01,5.0,2022-07-14,2022
DPS,nelsoni01,35.0,2022-07-15,2022
DPS,fiersmi01,5.0,2022-07-16,2022
DPS,bergmch01,5.0,2022-07-17,2022
DPS,biagijo01,8.0,2022-07-21,2022
DPS,fiersmi01,6.0,2022-07-22,2022
DPS,nelsoni01,8.0,2022-07-23,2022
DPS,couloda01,10.0,2022-07-24,2022
DPS,bergmch01,8.0,2022-07-25,2022
DPS,allarko01,,2022-07-26,2022
DPS,biagijo01,6.0,2022-07-27,2022
DPS,fiersmi01,6.0,2022-07-28,2022
DPS,couloda01,5.0,2022-07-29,2022
DPS,,5.0,2022-07-30,2022
DPS,allarko01,5.0,2022-07-31,2022
DPS,garcilu05,,2023-03-30,2023
DPS,boshebu01,,2023-04-01,2023
DPS,,,2023-04-02,2023
DPS,biagijo01,,2023-04-03,2023
DPS,suarejo01,,2023-04-04,2023
DPS,garcilu05,6.0,2023-04-05,2023
DPS,boshebu01,6.0,2023-04-07,2023
DPS,couloda01,6.0,2023-04-08,2023
DPS,biagijo01,6.0,2023-04-09,2023
DPS,suarejo01,6.0,2023-04-10,2023
DPS,garcilu05,6.0,2023-04-11,2023
DPS,boshebu01,5.0,2023-04-12,2023
DPS,couloda01,6.0,2023-04-14,2023
DPS,biagijo01,6.0,2023-04-15,2023
DPS,,6.0,2023-04-16,2023
DPS,garcilu05,6.0,2023-04-17,2023
DPS,boshebu01,6.0,2023-04-18,2023
DPS,couloda01,5.0,2023-04-19,2023
DPS,biagijo01,6.0,2023-04-21,2023
DPS,suarejo01,6.0,2023-04-22,2023
DPS,garcilu05,6.0,2023-04-23,2023
DPS,,6.0,2023-04-24,2023
DPS,couloda01,6.0,2023-04-25,2023
DPS,biagijo01,5.0,2023-04-26,2023
DPS,suarejo01,5.0,2023-04-27,2023
DPS,garcilu05,5.0,2023-04-28,2023
DPS,boshebu01,5.0,2023-04-29,2023
DPS,couloda01,5.0,2023-04-30,2023
DPS,biagijo01,6.0,2023-05-02,2023
DPS,suarejo01,6.0,2023-05-03,2023
DPS,allarko01,,2023-05-05,2023
DPS,boshebu01,,2023-05-06,2023
DPS,couloda01,7.0,2023-05-07,2023
DPS,biagijo01,6.0,2023-05-08,2023
DPS,suarejo01,6.0,2023-05-09,2023
DPS,allarko01,5.0,2023-05-10,2023
DPS,boshebu01,5.0,2023-05-11,2023
DPS,couloda01,5.0,2023-05-12,2023
DPS,biagijo01,5.0,2023-05-13,2023
DPS,suarejo01,5.0,2023-05-14,2023
DPS,garciro03,,2023-05-15,2023
DPS,allarko01,6.0,2023-05-16,2023
DPS,boshebu01,6.0,2023-05-17,2023
DPS,couloda01,7.0,2023-05-19,2023
DPS,biagijo01,7.0,2023-05-20,2023
DPS,,7.0,2023-05-21,2023
DPS,allarko01,6.0,2023-05-22,2023
DPS,boshebu01,6.0,2023-05-23,2023
DPS,couloda01,5.0,2023-05-24,2023
DPS,biagijo01,6.0,2023-05-26,2023
DPS,suarejo01,6.0,2023-05-27,2023
DPS,garciro03,13.0,2023-05-28,2023
DPS,boshebu01,6.0,2023-05-29,2023
DPS,couloda01,6.0,2023-05-30,2023
DPS,allarko01,9.0,2023-05-31,2023
DPS,biagijo01,7.0,2023-06-02,2023
DPS,suarejo01,7.0,2023-06-03,2023
DPS,boshebu01,6.0,2023-06-04,2023
DPS,couloda01,6.0,2023-06-05,2023
DPS,allarko01,6.0,2023-06-06,2023
DPS,biagijo01,5.0,2023-06-07,2023
DPS,suarejo01,6.0,2023-06-09,2023
DPS,boshebu01,6.0,2023-06-10,2023
DPS,couloda01,,2023-06-11,2023
DPS,allarko01,6.0,2023-06-12,2023
DPS,garciro03,,2023-06-13,2023
DPS,suarejo01,5.0,2023-06-14,2023
DPS,boshebu01,5.0,2023-06-15,2023
DPS,couloda01,5.0,2023-06-16,2023
DPS,allarko01,5.0,2023-06-17,2023
DPS,biagijo01,11.0,2023-06-18,2023
DPS,suarejo01,5.0,2023-06-19,2023
DPS,boshebu01,5.0,2023-06-20,2023
DPS,,5.0,2023-06-21,2023
DPS,allarko01,6.0,2023-06-23,2023
DPS,biagijo01,6.0,2023-06-24,2023
DPS,boshebu01,5.0,2023-06-25,2023
DPS,suarejo01,7.0,2023-06-26,2023
DPS,couloda01,6.0,2023-06-27,2023
DPS,allarko01,5.0,2023-06-28,2023
DPS,garciro03,16.0,2023-06-29,2023
DPS,biagijo01,6.0,2023-06-30,2023
DPS,boshebu01,6.0,2023-07-01,2023
DPS,,6.0,2023-07-02,2023
DPS,couloda01,6.0,2023-07-03,2023
DPS,allarko01,6.0,2023-07-04,2023
DPS,biagijo01,5.0,2023-07-05,2023
DPS,boshebu01,5.0,2023-07-06,2023
DPS,garciro03,8.0,2023-07-07,2023
DPS,suarejo01,6.0,2023-07-08,2023
DPS,allarko01,5.0,2023-07-09,2023
DPS,biagijo01,9.0,2023-07-14,2023
DPS,suarejo01,7.0,2023-07-15,2023
DPS,couloda01,13.0,2023-07-16,2023
DPS,allarko01,8.0,2023-07-17,2023
DPS,boshebu01,12.0,2023-07-18,2023
DPS,biagijo01,5.0,2023-07-19,2023
DPS,suarejo01,6.0,2023-07-21,2023
DPS,allarko01,5.0,2023-07-22,2023
DPS,couloda01,7.0,2023-07-23,2023
DPS,biagijo01,5.0,2023-07-24,2023
DPS,guerrja02,,2023-07-25,2023
DPS,suarejo01,5.0,2023-07-26,2023
DPS,allarko01,6.0,2023-07-28,2023
DPS,couloda01,6.0,2023-07-29,2023
DPS,garciro03,23.0,2023-07-30,2023
ECN,brownbe02,,2016-04-04,2016
ECN,milonto01,,2016-04-06,2016
ECN,jacksan01,,2016-04-07,2016
ECN,barnema01,,2016-04-08,2016
ECN,brownbe02,5.0,2016-04-09,2016
ECN,rayro02,,2016-04-10,2016
ECN,milonto01,5.0,2016-04-11,2016
ECN,barnema01,5.0,2016-04-13,2016
ECN,brownbe02,5.0,2016-04-14,2016
ECN,rayro02,5.0,2016-04-15,2016
ECN,milonto01,5.0,2016-04-16,2016
ECN,danisty01,,2016-04-17,2016
ECN,kellemi03,,2016-04-18,2016
ECN,jacksan01,12.0,2016-04-19,2016
ECN,brownbe02,6.0,2016-04-20,2016
ECN,milonto01,5.0,2016-04-21,2016
ECN,danisty01,5.0,2016-04-22,2016
ECN,kellemi03,5.0,2016-04-23,2016
ECN,barnema01,11.0,2016-04-24,2016
ECN,brownbe02,5.0,2016-04-25,2016
ECN,milonto01,5.0,2016-04-26,2016
ECN,danisty01,5.0,2016-04-27,2016
ECN,kellemi03,,2016-04-29,2016
ECN,barnema01,6.0,2016-04-30,2016
ECN,hearnta01,,2016-05-01,2016
ECN,milonto01,6.0,2016-05-02,2016
ECN,mikolmi01,,2016-05-03,2016
ECN,kellemi03,5.0,2016-05-04,2016
ECN,,5.0,2016-05-05,2016
ECN,hearnta01,5.0,2016-05-06,2016
ECN,milonto01,5.0,2016-05-07,2016
ECN,mikolmi01,5.0,2016-05-08,2016
ECN,kellemi03,5.0,2016-05-09,2016
ECN,barnema01,6.0,2016-05-11,2016
ECN,milonto01,6.0,2016-05-13,2016
ECN,hearnta01,8.0,2016-05-14,2016
ECN,kellemi03,6.0,2016-05-15,2016
ECN,mikolmi01,8.0,2016-05-16,2016
ECN,barnema01,6.0,2016-05-17,2016
ECN,milonto01,,2016-05-18,2016
ECN,hearnta01,5.0,2016-05-19,2016
ECN,kellemi03,5.0,2016-05-20,2016
ECN,mikolmi01,5.0,2016-05-21,2016
ECN,barnema01,,2016-05-22,2016
ECN,milonto01,5.0,2016-05-23,2016
ECN,harriho03,,2016-05-24,2016
ECN,kellemi03,,2016-05-25,2016
ECN,mikolmi01,6.0,2016-05-27,2016
ECN,barnema01,6.0,2016-05-28,2016
ECN,milonto01,6.0,2016-05-29,2016
ECN,kellemi03,5.0,2016-05-30,2016
ECN,danisty01,34.0,2016-05-31,2016
ECN,mikolmi01,5.0,2016-06-01,2016
ECN,barnema01,5.0,2016-06-02,2016
ECN,milonto01,5.0,2016-06-03,2016
ECN,kellemi03,5.0,2016-06-04,2016
ECN,danisty01,5.0,2016-06-05,2016
ECN,,6.0,2016-06-07,2016
ECN,barnema01,6.0,2016-06-08,2016
ECN,milonto01,,2016-06-09,2016
ECN,anderco01,,2016-06-10,2016
ECN,kellemi03,7.0,2016-06-11,2016
ECN,mikolmi01,5.0,2016-06-12,2016
ECN,harriho03,20.0,2016-06-13,2016
ECN,milonto01,5.0,2016-06-14,2016
ECN,anderco01,,2016-06-15,2016
ECN,kellemi03,5.0,2016-06-16,2016
ECN,mikolmi01,5.0,2016-06-17,2016
ECN,mejiahu01,,2016-06-18,2016
ECN,milonto01,5.0,2016-06-19,2016
ECN,anderco01,6.0,2016-06-21,2016
ECN,kellemi03,6.0,2016-06-22,2016
ECN,mikolmi01,6.0,2016-06-23,2016
ECN,mejiahu01,6.0,2016-06-24,2016
ECN,milonto01,6.0,2016-06-25,2016
ECN,anderco01,5.0,2016-06-26,2016
ECN,kellemi03,5.0,2016-06-27,2016
ECN,mikolmi01,5.0,2016-06-28,2016
ECN,mejiahu01,5.0,2016-06-29,2016
ECN,milonto01,,2016-06-30,2016
ECN,anderco01,5.0,2016-07-01,2016
ECN,,5.0,2016-07-02,2016
ECN,,5.0,2016-07-03,2016
ECN,mejiahu01,5.0,2016-07-04,2016
ECN,milonto01,5.0,2016-07-05,2016
ECN,anderco01,5.0,2016-07-06,2016
ECN,kellemi03,6.0,2016-07-08,2016
ECN,mikolmi01,6.0,2016-07-09,2016
ECN,mejiahu01,6.0,2016-07-10,2016
ECN,anderco01,,2016-07-15,2016
ECN,mikolmi01,7.0,2016-07-16,2016
ECN,kellemi03,9.0,2016-07-17,2016
ECN,milonto01,13.0,2016-07-18,2016
ECN,mejiahu01,9.0,2016-07-19,2016
ECN,anderco01,5.0,2016-07-20,2016
ECN,kellemi03,5.0,2016-07-22,2016
ECN,garcilu03,,2016-07-23,2016
ECN,milonto01,,2016-07-24,2016
ECN,anderco01,5.0,2016-07-25,2016
ECN,mejiahu01,7.0,2016-07-26,2016
ECN,kellemi03,5.0,2016-07-27,2016
ECN,milonto01,5.0,2016-07-29,2016
ECN,anderco01,5.0,2016-07-30,2016
ECN,reaco01,,2016-07-31,2016
ECN,wislema01,,2017-04-03,2017
ECN,milonto01,,2017-04-05,2017
ECN,tylerky01,,2017-04-06,2017
ECN,weathry01,,2017-04-07,2017
ECN,surkaer01,,2017-04-08,2017
ECN,wislema01,6.0,2017-04-09,2017
ECN,milonto01,5.0,2017-04-10,2017
ECN,tylerky01,5.0,2017-04-11,2017
ECN,weathry01,5.0,2017-04-12,2017
ECN,surkaer01,5.0,2017-04-13,2017
ECN,wislema01,5.0,2017-04-14,2017
ECN,milonto01,5.0,2017-04-15,2017
ECN,chenwe02,,2017-04-16,2017
ECN,surkaer01,5.0,2017-04-18,2017
ECN,weathry01,7.0,2017-04-19,2017
ECN,wislema01,,2017-04-20,2017
ECN,hearnta01,,2017-04-21,2017
ECN,mejiahu01,,2017-04-22,2017
ECN,surkaer01,5.0,2017-04-23,2017
ECN,weathry01,5.0,2017-04-24,2017
ECN,wislema01,5.0,2017-04-25,2017
ECN,tylerky01,15.0,2017-04-26,2017
ECN,hearnta01,7.0,2017-04-28,2017
ECN,,7.0,2017-04-30,2017
ECN,weathry01,7.0,2017-05-01,2017
ECN,wislema01,7.0,2017-05-02,2017
ECN,tylerky01,7.0,2017-05-03,2017
ECN,hearnta01,,2017-05-04,2017
ECN,surkaer01,5.0,2017-05-05,2017
ECN,,5.0,2017-05-06,2017
ECN,wislema01,5.0,2017-05-07,2017
ECN,tylerky01,5.0,2017-05-08,2017
ECN,hearnta01,5.0,2017-05-09,2017
ECN,surkaer01,6.0,2017-05-11,2017
ECN,wislema01,5.0,2017-05-12,2017
ECN,pelfrmi01,,2017-05-13,2017
ECN,hearnta01,5.0,2017-05-14,2017
ECN,surkaer01,5.0,2017-05-16,2017
ECN,wislema01,5.0,2017-05-17,2017
ECN,weathry01,12.0,2017-05-18,2017
ECN,pelfrmi01,,2017-05-19,2017
ECN,hearnta01,6.0,2017-05-20,2017
ECN,surkaer01,5.0,2017-05-21,2017
ECN,wislema01,5.0,2017-05-22,2017
ECN,weathry01,5.0,2017-05-23,2017
ECN,,5.0,2017-05-24,2017
ECN,hearnta01,6.0,2017-05-26,2017
ECN,surkaer01,6.0,2017-05-27,2017
ECN,wislema01,6.0,2017-05-28,2017
ECN,pelfrmi01,5.0,2017-05-29,2017
ECN,hessda01,,2017-05-30,2017
ECN,hearnta01,5.0,2017-05-31,2017
ECN,surkaer01,6.0,2017-06-02,2017
ECN,wislema01,6.0,2017-06-03,2017
ECN,weathry01,12.0,2017-06-04,2017
ECN,hessda01,6.0,2017-06-05,2017
ECN,,6.0,2017-06-06,2017
ECN,,5.0,2017-06-07,2017
ECN,wislema01,5.0,2017-06-08,2017
ECN,weathry01,5.0,2017-06-09,2017
ECN,hessda01,5.0,2017-06-10,2017
ECN,hearnta01,5.0,2017-06-11,2017
ECN,surkaer01,5.0,2017-06-12,2017
ECN,wislema01,,2017-06-13,2017
ECN,weathry01,5.0,2017-06-14,2017
ECN,hearnta01,5.0,2017-06-16,2017
ECN,hessda01,7.0,2017-06-17,2017
ECN,surkaer01,6.0,2017-06-18,2017
ECN,wislema01,6.0,2017-06-19,2017
ECN,weathry01,6.0,2017-06-20,2017
ECN,hearnta01,5.0,2017-06-21,2017
ECN,buehlwa01,,2017-06-23,2017
ECN,reaco01,,2017-06-24,2017
ECN,wislema01,6.0,2017-06-25,2017
ECN,milonto01,72.0,2017-06-26,2017
ECN,hearnta01,6.0,2017-06-27,2017
ECN,buehlwa01,5.0,2017-06-28,2017
ECN,reaco01,5.0,2017-06-29,2017
ECN,wislema01,5.0,2017-06-30,2017
ECN,brebbjo01,,2017-07-01,2017
ECN,hearnta01,5.0,2017-07-02,2017
ECN,buehlwa01,5.0,2017-07-03,2017
ECN,reaco01,5.0,2017-07-04,2017
ECN,wislema01,,2017-07-05,2017
ECN,chenwe02,81.0,2017-07-06,2017
ECN,,5.0,2017-07-07,2017
ECN,buehlwa01,5.0,2017-07-08,2017
ECN,reaco01,5.0,2017-07-09,2017
ECN,hearnta01,7.0,2017-07-14,2017
ECN,buehlwa01,7.0,2017-07-15,2017
ECN,reaco01,7.0,2017-07-16,2017
ECN,wislema01,12.0,2017-07-17,2017
ECN,chenwe02,12.0,2017-07-18,2017
ECN,hearnta01,5.0,2017-07-19,2017
ECN,buehlwa01,5.0,2017-07-20,2017
ECN,reaco01,5.0,2017-07-21,2017
ECN,jacksan01,,2017-07-22,2017
ECN,chenwe02,5.0,2017-07-23,2017
ECN,hearnta01,5.0,2017-07-24,2017
ECN,buehlwa01,5.0,2017-07-25,2017
ECN,,5.0,2017-07-26,2017
ECN,jacksan01,5.0,2017-07-27,2017
ECN,chenwe02,5.0,2017-07-28,2017
ECN,hearnta01,5.0,2017-07-29,2017
ECN,buehlwa01,5.0,2017-07-30,2017
ECN,reaco01,,2018-03-30,2018
ECN,buehlwa01,,2018-03-31,2018
ECN,chenwe02,,2018-04-01,2018
ECN,shephch01,,2018-04-02,2018
ECN,reaco01,6.0,2018-04-05,2018
ECN,buehlwa01,,2018-04-06,2018
ECN,chenwe02,6.0,2018-04-07,2018
ECN,shephch01,6.0,2018-04-08,2018
ECN,mejiahu01,,2018-04-09,2018
ECN,reaco01,5.0,2018-04-10,2018
ECN,buehlwa01,5.0,2018-04-11,2018
ECN,chenwe02,5.0,2018-04-12,2018
ECN,shephch01,5.0,2018-04-13,2018
ECN,milonto01,,2018-04-14,2018
ECN,reaco01,5.0,2018-04-15,2018
ECN,buehlwa01,5.0,2018-04-16,2018
ECN,chenwe02,5.0,2018-04-17,2018
ECN,,5.0,2018-04-18,2018
ECN,milonto01,6.0,2018-04-20,2018
ECN,reaco01,6.0,2018-04-21,2018
ECN,buehlwa01,6.0,2018-04-22,2018
ECN,chenwe02,6.0,2018-04-23,2018
ECN,shephch01,6.0,2018-04-24,2018
ECN,milonto01,5.0,2018-04-25,2018
ECN,reaco01,5.0,2018-04-26,2018
ECN,buehlwa01,5.0,2018-04-27,2018
ECN,chenwe02,5.0,2018-04-28,2018
ECN,shephch01,5.0,2018-04-29,2018
ECN,milonto01,5.0,2018-04-30,2018
ECN,reaco01,5.0,2018-05-01,2018
ECN,buehlwa01,5.0,2018-05-02,2018
ECN,chenwe02,6.0,2018-05-04,2018
ECN,shephch01,6.0,2018-05-05,2018
ECN,milonto01,6.0,2018-05-06,2018
ECN,reaco01,6.0,2018-05-07,2018
ECN,buehlwa01,6.0,2018-05-08,2018
ECN,chenwe02,5.0,2018-05-09,2018
ECN,shephch01,5.0,2018-05-10,2018
ECN,verlaju01,22.0,2018-05-11,2018
ECN,reaco01,5.0,2018-05-12,2018
ECN,buehlwa01,5.0,2018-05-13,2018
ECN,chenwe02,5.0,2018-05-14,2018
ECN,shephch01,5.0,2018-05-15,2018
ECN,verlaju01,5.0,2018-05-16,2018
ECN,reaco01,6.0,2018-05-18,2018
ECN,chenwe02,5.0,2018-05-19,2018
ECN,buehlwa01,6.0,2018-05-19,2018
ECN,shephch01,5.0,2018-05-20,2018
ECN,verlaju01,6.0,2018-05-22,2018
ECN,reaco01,5.0,2018-05-23,2018
ECN,buehlwa01,5.0,2018-05-24,2018
ECN,chenwe02,6.0,2018-05-25,2018
ECN,shephch01,6.0,2018-05-26,2018
ECN,verlaju01,5.0,2018-05-27,2018
ECN,reaco01,5.0,2018-05-28,2018
ECN,buehlwa01,5.0,2018-05-29,2018
ECN,chenwe02,5.0,2018-05-30,2018
ECN,shephch01,6.0,2018-06-01,2018
ECN,verlaju01,6.0,2018-06-02,2018
ECN,buehlwa01,5.0,2018-06-03,2018
ECN,anderco01,,2018-06-05,2018
ECN,chenwe02,7.0,2018-06-06,2018
ECN,shephch01,6.0,2018-06-07,2018
ECN,verlaju01,6.0,2018-06-08,2018
ECN,buehlwa01,6.0,2018-06-09,2018
ECN,anderco01,5.0,2018-06-10,2018
ECN,,6.0,2018-06-12,2018
ECN,shephch01,6.0,2018-06-13,2018
ECN,verlaju01,7.0,2018-06-15,2018
ECN,buehlwa01,7.0,2018-06-16,2018
ECN,anderco01,7.0,2018-06-17,2018
ECN,chenwe02,7.0,2018-06-19,2018
ECN,,7.0,2018-06-20,2018
ECN,verlaju01,6.0,2018-06-21,2018
ECN,buehlwa01,6.0,2018-06-22,2018
ECN,anderco01,6.0,2018-06-23,2018
ECN,chenwe02,,2018-06-24,2018
ECN,shephch01,5.0,2018-06-25,2018
ECN,verlaju01,5.0,2018-06-26,2018
ECN,buehlwa01,5.0,2018-06-27,2018
ECN,anderco01,5.0,2018-06-28,2018
ECN,chenwe02,5.0,2018-06-29,2018
ECN,shephch01,5.0,2018-06-30,2018
ECN,,5.0,2018-07-01,2018
ECN,buehlwa01,5.0,2018-07-02,2018
ECN,anderco01,5.0,2018-07-03,2018
ECN,chenwe02,5.0,2018-07-04,2018
ECN,shephch01,6.0,2018-07-06,2018
ECN,verlaju01,6.0,2018-07-07,2018
ECN,buehlwa01,6.0,2018-07-08,2018
ECN,anderco01,6.0,2018-07-09,2018
ECN,chenwe02,6.0,2018-07-10,2018
ECN,shephch01,5.0,2018-07-11,2018
ECN,verlaju01,6.0,2018-07-13,2018
ECN,buehlwa01,,2018-07-14,2018
ECN,anderco01,6.0,2018-07-15,2018
ECN,shephch01,9.0,2018-07-20,2018
ECN,anderco01,6.0,2018-07-21,2018
ECN,verlaju01,9.0,2018-07-22,2018
ECN,buehlwa01,9.0,2018-07-23,2018
ECN,reaco01,57.0,2018-07-24,2018
ECN,chenwe02,15.0,2018-07-25,2018
ECN,shephch01,6.0,2018-07-26,2018
ECN,anderco01,,2018-07-27,2018
ECN,verlaju01,6.0,2018-07-28,2018
ECN,buehlwa01,6.0,2018-07-29,2018
ECN,reaco01,7.0,2018-07-31,2018
ECN,buehlwa01,,2019-03-28,2019
ECN,walstbl01,,2019-03-31,2019
ECN,becktr01,,2019-04-01,2019
ECN,anderco01,,2019-04-02,2019
ECN,buehlwa01,6.0,2019-04-03,2019
ECN,shephch01,,2019-04-04,2019
ECN,walstbl01,5.0,2019-04-05,2019
ECN,becktr01,5.0,2019-04-06,2019
ECN,anderco01,5.0,2019-04-07,2019
ECN,buehlwa01,6.0,2019-04-09,2019
ECN,shephch01,6.0,2019-04-10,2019
ECN,walstbl01,6.0,2019-04-11,2019
ECN,becktr01,7.0,2019-04-13,2019
ECN,anderco01,7.0,2019-04-14,2019
ECN,buehlwa01,6.0,2019-04-15,2019
ECN,shephch01,6.0,2019-04-16,2019
ECN,walstbl01,6.0,2019-04-17,2019
ECN,becktr01,5.0,2019-04-18,2019
ECN,anderco01,5.0,2019-04-19,2019
ECN,buehlwa01,5.0,2019-04-20,2019
ECN,shephch01,5.0,2019-04-21,2019
ECN,walstbl01,6.0,2019-04-23,2019
ECN,becktr01,6.0,2019-04-24,2019
ECN,buehlwa01,5.0,2019-04-25,2019
ECN,anderco01,7.0,2019-04-26,2019
ECN,shephch01,6.0,2019-04-27,2019
ECN,walstbl01,5.0,2019-04-28,2019
ECN,becktr01,5.0,2019-04-29,2019
ECN,buehlwa01,5.0,2019-04-30,2019
ECN,anderco01,,2019-05-01,2019
ECN,shephch01,5.0,2019-05-02,2019
ECN,,5.0,2019-05-03,2019
ECN,becktr01,5.0,2019-05-04,2019
ECN,buehlwa01,5.0,2019-05-05,2019
ECN,anderco01,5.0,2019-05-06,2019
ECN,shephch01,5.0,2019-05-07,2019
ECN,walstbl01,5.0,2019-05-08,2019
ECN,becktr01,5.0,2019-05-09,2019
ECN,buehlwa01,5.0,2019-05-10,2019
ECN,anderco01,5.0,2019-05-11,2019
ECN,shephch01,5.0,2019-05-12,2019
ECN,becktr01,5.0,2019-05-14,2019
ECN,walstbl01,7.0,2019-05-15,2019
ECN,buehlwa01,,2019-05-16,2019
ECN,anderco01,6.0,2019-05-17,2019
ECN,shephch01,6.0,2019-05-18,2019
ECN,becktr01,5.0,2019-05-19,2019
ECN,walstbl01,,2019-05-21,2019
ECN,buehlwa01,6.0,2019-05-22,2019
ECN,anderco01,7.0,2019-05-24,2019
ECN,shephch01,7.0,2019-05-25,2019
ECN,becktr01,7.0,2019-05-26,2019
ECN,buehlwa01,5.0,2019-05-27,2019
ECN,walstbl01,6.0,2019-05-27,2019
ECN,dubinsh01,,2019-05-28,2019
ECN,anderco01,5.0,2019-05-29,2019
ECN,shephch01,6.0,2019-05-31,2019
ECN,becktr01,6.0,2019-06-01,2019
ECN,walstbl01,6.0,2019-06-02,2019
ECN,buehlwa01,8.0,2019-06-04,2019
ECN,anderco01,8.0,2019-06-06,2019
ECN,shephch01,7.0,2019-06-07,2019
ECN,becktr01,7.0,2019-06-08,2019
ECN,walstbl01,7.0,2019-06-09,2019
ECN,buehlwa01,7.0,2019-06-11,2019
ECN,anderco01,6.0,2019-06-12,2019
ECN,shephch01,7.0,2019-06-14,2019
ECN,becktr01,7.0,2019-06-15,2019
ECN,walstbl01,7.0,2019-06-16,2019
ECN,buehlwa01,6.0,2019-06-17,2019
ECN,anderco01,6.0,2019-06-18,2019
ECN,shephch01,5.0,2019-06-19,2019
ECN,becktr01,,2019-06-20,2019
ECN,walstbl01,5.0,2019-06-21,2019
ECN,buehlwa01,5.0,2019-06-22,2019
ECN,anderco01,5.0,2019-06-23,2019
ECN,shephch01,6.0,2019-06-25,2019
ECN,becktr01,6.0,2019-06-26,2019
ECN,walstbl01,7.0,2019-06-28,2019
ECN,buehlwa01,7.0,2019-06-29,2019
ECN,anderco01,7.0,2019-06-30,2019
ECN,shephch01,6.0,2019-07-01,2019
ECN,becktr01,6.0,2019-07-02,2019
ECN,walstbl01,5.0,2019-07-03,2019
ECN,buehlwa01,5.0,2019-07-04,2019
ECN,anderco01,6.0,2019-07-06,2019
ECN,shephch01,6.0,2019-07-07,2019
ECN,walstbl01,9.0,2019-07-12,2019
ECN,becktr01,11.0,2019-07-13,2019
ECN,shephch01,,2019-07-14,2019
ECN,buehlwa01,11.0,2019-07-15,2019
ECN,anderco01,10.0,2019-07-16,2019
ECN,walstbl01,5.0,2019-07-17,2019
ECN,becktr01,5.0,2019-07-18,2019
ECN,shephch01,5.0,2019-07-19,2019
ECN,buehlwa01,5.0,2019-07-20,2019
ECN,anderco01,5.0,2019-07-21,2019
ECN,walstbl01,5.0,2019-07-22,2019
ECN,becktr01,5.0,2019-07-23,2019
ECN,dubinsh01,57.0,2019-07-24,2019
ECN,buehlwa01,6.0,2019-07-26,2019
ECN,anderco01,6.0,2019-07-27,2019
ECN,scholje01,,2019-07-28,2019
ECN,walstbl01,7.0,2019-07-29,2019
ECN,becktr01,7.0,2019-07-30,2019
ECN,buehlwa01,5.0,2019-07-31,2019
ECN,buehlwa01,,2021-04-01,2021
ECN,shephch01,,2021-04-03,2021
ECN,reyesde02,,2021-04-04,2021
ECN,peacoma01,,2021-04-05,2021
ECN,rodrich01,,2021-04-06,2021
ECN,buehlwa01,6.0,2021-04-07,2021
ECN,shephch01,6.0,2021-04-09,2021
ECN,reyesde02,6.0,2021-04-10,2021
ECN,peacoma01,6.0,2021-04-11,2021
ECN,rodrich01,,2021-04-12,2021
ECN,buehlwa01,6.0,2021-04-13,2021
ECN,shephch01,5.0,2021-04-14,2021
ECN,reyesde02,6.0,2021-04-16,2021
ECN,walstbl01,,2021-04-17,2021
ECN,rodrich01,6.0,2021-04-18,2021
ECN,buehlwa01,7.0,2021-04-20,2021
ECN,shephch01,7.0,2021-04-21,2021
ECN,reyesde02,6.0,2021-04-22,2021
ECN,walstbl01,6.0,2021-04-23,2021
ECN,rodrich01,6.0,2021-04-24,2021
ECN,,5.0,2021-04-25,2021
ECN,shephch01,5.0,2021-04-26,2021
ECN,,5.0,2021-04-27,2021
ECN,walstbl01,5.0,2021-04-28,2021
ECN,rodrich01,6.0,2021-04-30,2021
ECN,buehlwa01,6.0,2021-05-01,2021
ECN,shephch01,6.0,2021-05-02,2021
ECN,reyesde02,7.0,2021-05-04,2021
ECN,walstbl01,7.0,2021-05-05,2021
ECN,rodrich01,7.0,2021-05-07,2021
ECN,buehlwa01,7.0,2021-05-08,2021
ECN,shephch01,8.0,2021-05-10,2021
ECN,reyesde02,7.0,2021-05-11,2021
ECN,walstbl01,7.0,2021-05-12,2021
ECN,,5.0,2021-05-13,2021
ECN,rodrich01,7.0,2021-05-14,2021
ECN,shephch01,5.0,2021-05-15,2021
ECN,reyesde02,5.0,2021-05-16,2021
ECN,walstbl01,5.0,2021-05-17,2021
ECN,buehlwa01,5.0,2021-05-18,2021
ECN,rodrich01,5.0,2021-05-19,2021
ECN,shephch01,5.0,2021-05-20,2021
ECN,reyesde02,5.0,2021-05-21,2021
ECN,walstbl01,5.0,2021-05-22,2021
ECN,buehlwa01,5.0,2021-05-23,2021
ECN,shephch01,5.0,2021-05-25,2021
ECN,reyesde02,5.0,2021-05-26,2021
ECN,walstbl01,5.0,2021-05-27,2021
ECN,geedi01,,2021-05-28,2021
ECN,buehlwa01,6.0,2021-05-29,2021
ECN,shephch01,5.0,2021-05-30,2021
ECN,rodrich01,12.0,2021-05-31,2021
ECN,walstbl01,,2021-06-01,2021
ECN,geedi01,6.0,2021-06-03,2021
ECN,buehlwa01,6.0,2021-06-04,2021
ECN,shephch01,6.0,2021-06-05,2021
ECN,rodrich01,6.0,2021-06-06,2021
ECN,walstbl01,7.0,2021-06-08,2021
ECN,geedi01,6.0,2021-06-09,2021
ECN,,6.0,2021-06-10,2021
ECN,shephch01,6.0,2021-06-11,2021
ECN,,6.0,2021-06-12,2021
ECN,chaveje01,,2021-06-13,2021
ECN,geedi01,5.0,2021-06-14,2021
ECN,,5.0,2021-06-15,2021
ECN,shephch01,5.0,2021-06-16,2021
ECN,rodrich01,5.0,2021-06-17,2021
ECN,chaveje01,5.0,2021-06-18,2021
ECN,geedi01,5.0,2021-06-19,2021
ECN,buehlwa01,5.0,2021-06-20,2021
ECN,shephch01,5.0,2021-06-21,2021
ECN,rodrich01,5.0,2021-06-22,2021
ECN,chaveje01,6.0,2021-06-24,2021
ECN,geedi01,6.0,2021-06-25,2021
ECN,buehlwa01,6.0,2021-06-26,2021
ECN,shephch01,6.0,2021-06-27,2021
ECN,rodrich01,6.0,2021-06-28,2021
ECN,chaveje01,5.0,2021-06-29,2021
ECN,geedi01,5.0,2021-06-30,2021
ECN,buehlwa01,5.0,2021-07-01,2021
ECN,walstbl01,24.0,2021-07-02,2021
ECN,shephch01,6.0,2021-07-03,2021
ECN,rodrich01,6.0,2021-07-04,2021
ECN,geedi01,5.0,2021-07-05,2021
ECN,buehlwa01,5.0,2021-07-06,2021
ECN,walstbl01,5.0,2021-07-07,2021
ECN,shephch01,5.0,2021-07-08,2021
ECN,rodrich01,5.0,2021-07-09,2021
ECN,geedi01,5.0,2021-07-10,2021
ECN,buehlwa01,5.0,2021-07-11,2021
ECN,,8.0,2021-07-16,2021
ECN,buehlwa01,6.0,2021-07-17,2021
ECN,walstbl01,11.0,2021-07-18,2021
ECN,geedi01,9.0,2021-07-19,2021
ECN,rodrich01,11.0,2021-07-20,2021
ECN,reyesde02,56.0,2021-07-21,2021
ECN,shephch01,7.0,2021-07-23,2021
ECN,buehlwa01,7.0,2021-07-24,2021
ECN,walstbl01,7.0,2021-07-25,2021
ECN,rodrich01,6.0,2021-07-26,2021
ECN,,8.0,2021-07-27,2021
ECN,shephch01,5.0,2021-07-28,2021
ECN,buehlwa01,5.0,2021-07-29,2021
ECN,walstbl01,5.0,2021-07-30,2021
ECN,rodrich01,5.0,2021-07-31,2021
ECN,shephch01,,2022-04-07,2022
ECN,toussto01,,2022-04-08,2022
ECN,geedi01,,2022-04-09,2022
ECN,ventejo01,,2022-04-10,2022
ECN,shephch01,5.0,2022-04-12,2022
ECN,blancro01,,2022-04-13,2022
ECN,,,2022-04-14,2022
ECN,geedi01,6.0,2022-04-15,2022
ECN,ventejo01,6.0,2022-04-16,2022
ECN,shephch01,5.0,2022-04-17,2022
ECN,blancro01,5.0,2022-04-18,2022
ECN,toussto01,11.0,2022-04-19,2022
ECN,geedi01,5.0,2022-04-20,2022
ECN,ventejo01,6.0,2022-04-22,2022
ECN,shephch01,6.0,2022-04-23,2022
ECN,blancro01,6.0,2022-04-24,2022
ECN,toussto01,7.0,2022-04-26,2022
ECN,geedi01,7.0,2022-04-27,2022
ECN,shephch01,5.0,2022-04-28,2022
ECN,ventejo01,7.0,2022-04-29,2022
ECN,lowthza01,,2022-04-30,2022
ECN,toussto01,5.0,2022-05-01,2022
ECN,shephch01,5.0,2022-05-03,2022
ECN,geedi01,,2022-05-04,2022
ECN,ventejo01,6.0,2022-05-05,2022
ECN,lowthza01,7.0,2022-05-07,2022
ECN,walketa01,,2022-05-07,2022
ECN,shephch01,5.0,2022-05-08,2022
ECN,,,2022-05-09,2022
ECN,ventejo01,5.0,2022-05-10,2022
ECN,geedi01,7.0,2022-05-11,2022
ECN,lowthza01,5.0,2022-05-12,2022
ECN,shephch01,5.0,2022-05-13,2022
ECN,buehlwa01,5.0,2022-05-14,2022
ECN,ventejo01,5.0,2022-05-15,2022
ECN,lowthza01,5.0,2022-05-17,2022
ECN,shephch01,6.0,2022-05-19,2022
ECN,buehlwa01,6.0,2022-05-20,2022
ECN,ventejo01,,2022-05-21,2022
ECN,avilape01,,2022-05-22,2022
ECN,geedi01,12.0,2022-05-23,2022
ECN,shephch01,5.0,2022-05-24,2022
ECN,buehlwa01,5.0,2022-05-25,2022
ECN,ventejo01,5.0,2022-05-26,2022
ECN,avilape01,5.0,2022-05-27,2022
ECN,,5.0,2022-05-28,2022
ECN,shephch01,5.0,2022-05-29,2022
ECN,buehlwa01,6.0,2022-05-31,2022
ECN,ventejo01,6.0,2022-06-01,2022
ECN,avilape01,6.0,2022-06-02,2022
ECN,cottojh01,,2022-06-03,2022
ECN,shephch01,6.0,2022-06-04,2022
ECN,buehlwa01,5.0,2022-06-05,2022
ECN,ventejo01,5.0,2022-06-06,2022
ECN,avilape01,5.0,2022-06-07,2022
ECN,cottojh01,5.0,2022-06-08,2022
ECN,shephch01,5.0,2022-06-09,2022
ECN,buehlwa01,5.0,2022-06-10,2022
ECN,ventejo01,5.0,2022-06-11,2022
ECN,avilape01,5.0,2022-06-12,2022
ECN,cottojh01,5.0,2022-06-13,2022
ECN,shephch01,5.0,2022-06-14,2022
ECN,buehlwa01,5.0,2022-06-15,2022
ECN,ventejo01,6.0,2022-06-17,2022
ECN,avilape01,6.0,2022-06-18,2022
ECN,cottojh01,6.0,2022-06-19,2022
ECN,shephch01,7.0,2022-06-21,2022
ECN,,7.0,2022-06-22,2022
ECN,ventejo01,6.0,2022-06-23,2022
ECN,avilape01,6.0,2022-06-24,2022
ECN,cottojh01,6.0,2022-06-25,2022
ECN,shephch01,5.0,2022-06-26,2022
ECN,buehlwa01,6.0,2022-06-28,2022
ECN,ventejo01,6.0,2022-06-29,2022
ECN,avilape01,6.0,2022-06-30,2022
ECN,cottojh01,6.0,2022-07-01,2022
ECN,shephch01,6.0,2022-07-02,2022
ECN,buehlwa01,5.0,2022-07-03,2022
ECN,ventejo01,5.0,2022-07-04,2022
ECN,blancro01,72.0,2022-07-05,2022
ECN,avilape01,6.0,2022-07-06,2022
ECN,cottojh01,6.0,2022-07-07,2022
ECN,reyesde02,,2022-07-07,2022
ECN,buehlwa01,5.0,2022-07-08,2022
ECN,ventejo01,5.0,2022-07-09,2022
ECN,blancro01,5.0,2022-07-10,2022
ECN,avilape01,6.0,2022-07-12,2022
ECN,cottojh01,6.0,2022-07-13,2022
ECN,buehlwa01,6.0,2022-07-14,2022
ECN,ventejo01,6.0,2022-07-15,2022
ECN,blancro01,6.0,2022-07-16,2022
ECN,,10.0,2022-07-22,2022
ECN,cottojh01,10.0,2022-07-23,2022
ECN,shephch01,22.0,2022-07-24,2022
ECN,blancro01,9.0,2022-07-25,2022
ECN,ventejo01,11.0,2022-07-26,2022
ECN,,13.0,2022-07-27,2022
ECN,avilape01,6.0,2022-07-28,2022
ECN,cottojh01,6.0,2022-07-29,2022
ECN,shephch01,6.0,2022-07-30,2022
ECN,blancro01,6.0,2022-07-31,2022
ECN,ventejo01,,2023-03-30,2023
ECN,blancro01,,2023-04-01,2023
ECN,,,2023-04-02,2023
ECN,lowthza01,,2023-04-03,2023
ECN,leedy01,,2023-04-04,2023
ECN,ventejo01,8.0,2023-04-07,2023
ECN,blancro01,7.0,2023-04-08,2023
ECN,lowthza01,6.0,2023-04-09,2023
ECN,avilape01,8.0,2023-04-10,2023
ECN,leedy01,7.0,2023-04-11,2023
ECN,ventejo01,5.0,2023-04-12,2023
ECN,blancro01,,2023-04-13,2023
ECN,,5.0,2023-04-14,2023
ECN,avilape01,,2023-04-15,2023
ECN,leedy01,5.0,2023-04-16,2023
ECN,ventejo01,5.0,2023-04-17,2023
ECN,blancro01,5.0,2023-04-18,2023
ECN,trivilo01,,2023-04-19,2023
ECN,bendean01,,2023-04-20,2023
ECN,avilape01,6.0,2023-04-21,2023
ECN,leedy01,6.0,2023-04-22,2023
ECN,ventejo01,6.0,2023-04-23,2023
ECN,blancro01,6.0,2023-04-24,2023
ECN,bendean01,5.0,2023-04-25,2023
ECN,avilape01,5.0,2023-04-26,2023
ECN,leedy01,6.0,2023-04-28,2023
ECN,ventejo01,6.0,2023-04-29,2023
ECN,blancro01,6.0,2023-04-30,2023
ECN,,6.0,2023-05-01,2023
ECN,avilape01,6.0,2023-05-02,2023
ECN,leedy01,5.0,2023-05-03,2023
ECN,ventejo01,6.0,2023-05-05,2023
ECN,blancro01,6.0,2023-05-06,2023
ECN,avilape01,5.0,2023-05-07,2023
ECN,bendean01,,2023-05-09,2023
ECN,ventejo01,5.0,2023-05-10,2023
ECN,aguiaju01,,2023-05-11,2023
ECN,avilape01,5.0,2023-05-12,2023
ECN,aguiaju01,2.0,2023-05-13,2023
ECN,bendean01,5.0,2023-05-14,2023
ECN,ventejo01,5.0,2023-05-15,2023
ECN,borucry01,,2023-05-16,2023
ECN,avilape01,5.0,2023-05-17,2023
ECN,sorokmi01,,2023-05-19,2023
ECN,,6.0,2023-05-20,2023
ECN,ventejo01,6.0,2023-05-21,2023
ECN,borucry01,6.0,2023-05-22,2023
ECN,avilape01,6.0,2023-05-23,2023
ECN,sorokmi01,5.0,2023-05-24,2023
ECN,bendean01,5.0,2023-05-25,2023
ECN,ventejo01,5.0,2023-05-26,2023
ECN,borucry01,5.0,2023-05-27,2023
ECN,,5.0,2023-05-28,2023
ECN,sorokmi01,6.0,2023-05-30,2023
ECN,bendean01,6.0,2023-05-31,2023
ECN,ventejo01,6.0,2023-06-01,2023
ECN,borucry01,6.0,2023-06-02,2023
ECN,avilape01,6.0,2023-06-03,2023
ECN,sorokmi01,5.0,2023-06-04,2023
ECN,yamamjo01,,2023-06-05,2023
ECN,bendean01,6.0,2023-06-06,2023
ECN,borucry01,5.0,2023-06-07,2023
ECN,avilape01,5.0,2023-06-08,2023
ECN,sorokmi01,,2023-06-09,2023
ECN,yamamjo01,5.0,2023-06-10,2023
ECN,ventejo01,10.0,2023-06-11,2023
ECN,bendean01,6.0,2023-06-12,2023
ECN,borucry01,6.0,2023-06-13,2023
ECN,sorokmi01,5.0,2023-06-14,2023
ECN,yamamjo01,6.0,2023-06-16,2023
ECN,ventejo01,6.0,2023-06-17,2023
ECN,bendean01,6.0,2023-06-18,2023
ECN,borucry01,6.0,2023-06-19,2023
ECN,,6.0,2023-06-20,2023
ECN,yamamjo01,5.0,2023-06-21,2023
ECN,bendean01,5.0,2023-06-23,2023
ECN,avilape01,16.0,2023-06-24,2023
ECN,trivilo01,67.0,2023-06-25,2023
ECN,borucry01,7.0,2023-06-26,2023
ECN,yamamjo01,6.0,2023-06-27,2023
ECN,,5.0,2023-06-28,2023
ECN,avilape01,6.0,2023-06-30,2023
ECN,borucry01,5.0,2023-07-01,2023
ECN,yamamjo01,5.0,2023-07-02,2023
ECN,bendean01,5.0,2023-07-03,2023
ECN,baileho02,,2023-07-04,2023
ECN,avilape01,5.0,2023-07-05,2023
ECN,borucry01,5.0,2023-07-06,2023
ECN,yamamjo01,5.0,2023-07-07,2023
ECN,bendean01,5.0,2023-07-08,2023
ECN,sorokmi01,19.0,2023-07-09,2023
ECN,avilape01,9.0,2023-07-14,2023
ECN,yamamjo01,8.0,2023-07-15,2023
ECN,sorokmi01,7.0,2023-07-16,2023
ECN,,,2023-07-17,2023
ECN,bendean01,10.0,2023-07-18,2023
ECN,avilape01,5.0,2023-07-19,2023
ECN,yamamjo01,5.0,2023-07-20,2023
ECN,sorokmi01,5.0,2023-07-21,2023
ECN,borucry01,5.0,2023-07-22,2023
ECN,bendean01,,2023-07-23,2023
ECN,avilape01,5.0,2023-07-24,2023
ECN,yamamjo01,,2023-07-25,2023
ECN,sorokmi01,5.0,2023-07-26,2023
ECN,borucry01,6.0,2023-07-28,2023
ECN,bendean01,6.0,2023-07-29,2023
ECN,avilape01,6.0,2023-07-30,2023
ECN,yamamjo01,6.0,2023-07-31,2023
FBW,johnsji04,,2016-04-05,2016
FBW,detmere01,,2016-04-06,2016
FBW,payamjo01,,2016-04-08,2016
FBW,mchugco01,,2016-04-09,2016
FBW,johnsji04,7.0,2016-04-12,2016
FBW,detmere01,7.0,2016-04-13,2016
FBW,payamjo01,6.0,2016-04-14,2016
FBW,mchugco01,6.0,2016-04-15,2016
FBW,hamilia01,,2016-04-16,2016
FBW,johnsji04,5.0,2016-04-17,2016
FBW,detmere01,6.0,2016-04-19,2016
FBW,payamjo01,6.0,2016-04-20,2016
FBW,,6.0,2016-04-21,2016
FBW,hamilia01,6.0,2016-04-22,2016
FBW,johnsji04,6.0,2016-04-23,2016
FBW,detmere01,5.0,2016-04-24,2016
FBW,payamjo01,5.0,2016-04-25,2016
FBW,mchugco01,5.0,2016-04-26,2016
FBW,hamilia01,5.0,2016-04-27,2016
FBW,johnsji04,6.0,2016-04-29,2016
FBW,winanal01,,2016-04-30,2016
FBW,payamjo01,,2016-05-01,2016
FBW,hamilia01,6.0,2016-05-03,2016
FBW,johnsji04,5.0,2016-05-04,2016
FBW,winanal01,5.0,2016-05-05,2016
FBW,payamjo01,5.0,2016-05-06,2016
FBW,mchugco01,11.0,2016-05-07,2016
FBW,hamilia01,5.0,2016-05-08,2016
FBW,johnsji04,5.0,2016-05-09,2016
FBW,winanal01,5.0,2016-05-10,2016
FBW,payamjo01,5.0,2016-05-11,2016
FBW,hamilia01,5.0,2016-05-13,2016
FBW,johnsji04,5.0,2016-05-14,2016
FBW,winanal01,5.0,2016-05-15,2016
FBW,mchugco01,9.0,2016-05-16,2016
FBW,payamjo01,6.0,2016-05-17,2016
FBW,baumami01,,2016-05-18,2016
FBW,hamilia01,6.0,2016-05-19,2016
FBW,johnsji04,6.0,2016-05-20,2016
FBW,winanal01,6.0,2016-05-21,2016
FBW,payamjo01,5.0,2016-05-22,2016
FBW,mchugco01,7.0,2016-05-23,2016
FBW,baumami01,5.0,2016-05-23,2016
FBW,hamilia01,5.0,2016-05-24,2016
FBW,johnsji04,5.0,2016-05-25,2016
FBW,winanal01,6.0,2016-05-27,2016
FBW,payamjo01,6.0,2016-05-28,2016
FBW,baumami01,6.0,2016-05-29,2016
FBW,hamilia01,6.0,2016-05-30,2016
FBW,johnsji04,6.0,2016-05-31,2016
FBW,winanal01,5.0,2016-06-01,2016
FBW,detmere01,39.0,2016-06-02,2016
FBW,payamjo01,6.0,2016-06-03,2016
FBW,hamilia01,5.0,2016-06-04,2016
FBW,johnsji04,5.0,2016-06-05,2016
FBW,winanal01,5.0,2016-06-06,2016
FBW,mchugco01,15.0,2016-06-07,2016
FBW,detmere01,6.0,2016-06-08,2016
FBW,hamilia01,5.0,2016-06-09,2016
FBW,johnsji04,5.0,2016-06-10,2016
FBW,winanal01,5.0,2016-06-11,2016
FBW,payamjo01,9.0,2016-06-12,2016
FBW,detmere01,,2016-06-13,2016
FBW,hamilia01,,2016-06-14,2016
FBW,johnsji04,5.0,2016-06-15,2016
FBW,winanal01,6.0,2016-06-17,2016
FBW,payamjo01,6.0,2016-06-18,2016
FBW,detmere01,6.0,2016-06-19,2016
FBW,hamilia01,6.0,2016-06-20,2016
FBW,johnsji04,6.0,2016-06-21,2016
FBW,winanal01,5.0,2016-06-22,2016
FBW,payamjo01,6.0,2016-06-24,2016
FBW,detmere01,6.0,2016-06-25,2016
FBW,hamilia01,6.0,2016-06-26,2016
FBW,,5.0,2016-06-27,2016
FBW,johnsji04,7.0,2016-06-28,2016
FBW,payamjo01,5.0,2016-06-29,2016
FBW,detmere01,5.0,2016-06-30,2016
FBW,hamilia01,5.0,2016-07-01,2016
FBW,crousha01,,2016-07-02,2016
FBW,johnsji04,5.0,2016-07-03,2016
FBW,payamjo01,5.0,2016-07-04,2016
FBW,detmere01,5.0,2016-07-05,2016
FBW,hamilia01,5.0,2016-07-06,2016
FBW,winanal01,10.0,2016-07-07,2016
FBW,johnsji04,5.0,2016-07-08,2016
FBW,payamjo01,5.0,2016-07-09,2016
FBW,detmere01,5.0,2016-07-10,2016
FBW,detmere01,5.0,2016-07-15,2016
FBW,winanal01,9.0,2016-07-16,2016
FBW,hamilia01,11.0,2016-07-17,2016
FBW,johnsji04,10.0,2016-07-18,2016
FBW,,,2016-07-19,2016
FBW,detmere01,5.0,2016-07-20,2016
FBW,winanal01,6.0,2016-07-22,2016
FBW,hamilia01,6.0,2016-07-23,2016
FBW,johnsji04,6.0,2016-07-24,2016
FBW,payamjo01,7.0,2016-07-26,2016
FBW,detmere01,7.0,2016-07-27,2016
FBW,winanal01,7.0,2016-07-29,2016
FBW,hamilia01,7.0,2016-07-30,2016
FBW,johnsji04,7.0,2016-07-31,2016
FBW,johnsji04,,2017-04-03,2017
FBW,detmere01,,2017-04-04,2017
FBW,payamjo01,,2017-04-05,2017
FBW,,,2017-04-07,2017
FBW,winanal01,,2017-04-08,2017
FBW,johnsji04,6.0,2017-04-09,2017
FBW,detmere01,7.0,2017-04-11,2017
FBW,payamjo01,7.0,2017-04-12,2017
FBW,hamilia01,6.0,2017-04-13,2017
FBW,winanal01,6.0,2017-04-14,2017
FBW,johnsji04,6.0,2017-04-15,2017
FBW,detmere01,5.0,2017-04-16,2017
FBW,payamjo01,5.0,2017-04-17,2017
FBW,hamilia01,5.0,2017-04-18,2017
FBW,winanal01,6.0,2017-04-20,2017
FBW,johnsji04,6.0,2017-04-21,2017
FBW,,6.0,2017-04-22,2017
FBW,payamjo01,6.0,2017-04-23,2017
FBW,hamilia01,7.0,2017-04-25,2017
FBW,winanal01,6.0,2017-04-26,2017
FBW,johnsji04,6.0,2017-04-27,2017
FBW,detmere01,6.0,2017-04-28,2017
FBW,payamjo01,6.0,2017-04-29,2017
FBW,hamilia01,5.0,2017-04-30,2017
FBW,winanal01,5.0,2017-05-01,2017
FBW,johnsji04,5.0,2017-05-02,2017
FBW,detmere01,5.0,2017-05-03,2017
FBW,payamjo01,6.0,2017-05-05,2017
FBW,hamilia01,,2017-05-06,2017
FBW,baumami01,,2017-05-07,2017
FBW,winanal01,7.0,2017-05-08,2017
FBW,detmere01,6.0,2017-05-09,2017
FBW,payamjo01,5.0,2017-05-10,2017
FBW,hamilia01,,2017-05-12,2017
FBW,baumami01,6.0,2017-05-13,2017
FBW,winanal01,6.0,2017-05-14,2017
FBW,detmere01,6.0,2017-05-15,2017
FBW,payamjo01,6.0,2017-05-16,2017
FBW,hamilia01,5.0,2017-05-17,2017
FBW,,5.0,2017-05-19,2017
FBW,baumami01,7.0,2017-05-20,2017
FBW,payamjo01,5.0,2017-05-21,2017
FBW,,5.0,2017-05-22,2017
FBW,detmere01,8.0,2017-05-23,2017
FBW,winanal01,5.0,2017-05-24,2017
FBW,baumami01,6.0,2017-05-26,2017
FBW,payamjo01,6.0,2017-05-27,2017
FBW,hamilia01,6.0,2017-05-28,2017
FBW,detmere01,6.0,2017-05-29,2017
FBW,winanal01,6.0,2017-05-30,2017
FBW,baumami01,5.0,2017-05-31,2017
FBW,johnsji04,30.0,2017-06-01,2017
FBW,hamilia01,5.0,2017-06-02,2017
FBW,detmere01,5.0,2017-06-03,2017
FBW,winanal01,5.0,2017-06-04,2017
FBW,baumami01,6.0,2017-06-06,2017
FBW,winanal01,3.0,2017-06-07,2017
FBW,johnsji04,8.0,2017-06-09,2017
FBW,hamilia01,8.0,2017-06-10,2017
FBW,detmere01,,2017-06-11,2017
FBW,winanal01,6.0,2017-06-13,2017
FBW,johnsji04,5.0,2017-06-14,2017
FBW,hamilia01,5.0,2017-06-15,2017
FBW,detmere01,5.0,2017-06-16,2017
FBW,leblawa01,,2017-06-17,2017
FBW,,11.0,2017-06-17,2017
FBW,winanal01,5.0,2017-06-18,2017
FBW,johnsji04,5.0,2017-06-19,2017
FBW,hamilia01,5.0,2017-06-20,2017
FBW,detmere01,5.0,2017-06-21,2017
FBW,baumami01,5.0,2017-06-22,2017
FBW,winanal01,5.0,2017-06-23,2017
FBW,johnsji04,5.0,2017-06-24,2017
FBW,hamilia01,5.0,2017-06-25,2017
FBW,detmere01,5.0,2017-06-26,2017
FBW,baumami01,5.0,2017-06-27,2017
FBW,winanal01,5.0,2017-06-28,2017
FBW,johnsji04,5.0,2017-06-29,2017
FBW,detmere01,5.0,2017-07-01,2017
FBW,hamilia01,6.0,2017-07-01,2017
FBW,baumami01,5.0,2017-07-02,2017
FBW,johnsji04,5.0,2017-07-04,2017
FBW,winanal01,7.0,2017-07-05,2017
FBW,hamilia01,5.0,2017-07-06,2017
FBW,detmere01,6.0,2017-07-07,2017
FBW,baumami01,6.0,2017-07-08,2017
FBW,johnsji04,5.0,2017-07-09,2017
FBW,detmere01,7.0,2017-07-14,2017
FBW,johnsji04,6.0,2017-07-15,2017
FBW,winanal01,11.0,2017-07-16,2017
FBW,,11.0,2017-07-17,2017
FBW,baumami01,10.0,2017-07-18,2017
FBW,detmere01,5.0,2017-07-19,2017
FBW,winanal01,5.0,2017-07-21,2017
FBW,payamjo01,56.0,2017-07-22,2017
FBW,johnsji04,8.0,2017-07-23,2017
FBW,hamilia01,7.0,2017-07-24,2017
FBW,baumami01,7.0,2017-07-25,2017
FBW,detmere01,7.0,2017-07-26,2017
FBW,winanal01,6.0,2017-07-27,2017
FBW,,6.0,2017-07-28,2017
FBW,johnsji04,6.0,2017-07-29,2017
FBW,hamilia01,6.0,2017-07-30,2017
FBW,baumami01,6.0,2017-07-31,2017
FBW,johnsji04,,2018-03-29,2018
FBW,detmere01,,2018-03-31,2018
FBW,winanal01,,2018-04-01,2018
FBW,baumami01,,2018-04-02,2018
FBW,hamilia01,,2018-04-03,2018
FBW,johnsji04,6.0,2018-04-04,2018
FBW,detmere01,6.0,2018-04-06,2018
FBW,winanal01,6.0,2018-04-07,2018
FBW,baumami01,6.0,2018-04-08,2018
FBW,johnsji04,5.0,2018-04-09,2018
FBW,hamilia01,7.0,2018-04-10,2018
FBW,detmere01,5.0,2018-04-11,2018
FBW,winanal01,5.0,2018-04-12,2018
FBW,baumami01,5.0,2018-04-13,2018
FBW,johnsji04,8.0,2018-04-17,2018
FBW,detmere01,7.0,2018-04-18,2018
FBW,winanal01,8.0,2018-04-20,2018
FBW,baumami01,8.0,2018-04-21,2018
FBW,johnsji04,,2018-04-22,2018
FBW,detmere01,5.0,2018-04-23,2018
FBW,hamilia01,,2018-04-24,2018
FBW,winanal01,5.0,2018-04-25,2018
FBW,baumami01,5.0,2018-04-26,2018
FBW,johnsji04,5.0,2018-04-27,2018
FBW,detmere01,5.0,2018-04-28,2018
FBW,hamilia01,5.0,2018-04-29,2018
FBW,winanal01,5.0,2018-04-30,2018
FBW,baumami01,5.0,2018-05-01,2018
FBW,johnsji04,5.0,2018-05-02,2018
FBW,detmere01,5.0,2018-05-03,2018
FBW,kremede01,,2018-05-03,2018
FBW,hamilia01,5.0,2018-05-04,2018
FBW,winanal01,5.0,2018-05-05,2018
FBW,baumami01,5.0,2018-05-06,2018
FBW,johnsji04,6.0,2018-05-08,2018
FBW,detmere01,6.0,2018-05-09,2018
FBW,winanal01,6.0,2018-05-11,2018
FBW,baumami01,6.0,2018-05-12,2018
FBW,johnsji04,5.0,2018-05-13,2018
FBW,detmere01,5.0,2018-05-14,2018
FBW,hamilia01,11.0,2018-05-15,2018
FBW,winanal01,5.0,2018-05-16,2018
FBW,baumami01,6.0,2018-05-18,2018
FBW,johnsji04,6.0,2018-05-19,2018
FBW,detmere01,6.0,2018-05-20,2018
FBW,winanal01,6.0,2018-05-22,2018
FBW,kremede01,20.0,2018-05-23,2018
FBW,baumami01,6.0,2018-05-24,2018
FBW,johnsji04,6.0,2018-05-25,2018
FBW,detmere01,6.0,2018-05-26,2018
FBW,winanal01,5.0,2018-05-27,2018
FBW,kremede01,,2018-05-28,2018
FBW,baumami01,5.0,2018-05-29,2018
FBW,johnsji04,,2018-05-30,2018
FBW,hendrky01,,2018-05-31,2018
FBW,detmere01,6.0,2018-06-01,2018
FBW,winanal01,6.0,2018-06-02,2018
FBW,baumami01,5.0,2018-06-03,2018
FBW,johnsji04,6.0,2018-06-05,2018
FBW,detmere01,5.0,2018-06-06,2018
FBW,winanal01,6.0,2018-06-08,2018
FBW,,6.0,2018-06-09,2018
FBW,johnsji04,5.0,2018-06-10,2018
FBW,detmere01,5.0,2018-06-11,2018
FBW,kremede01,15.0,2018-06-12,2018
FBW,winanal01,5.0,2018-06-13,2018
FBW,baumami01,5.0,2018-06-14,2018
FBW,johnsji04,5.0,2018-06-15,2018
FBW,detmere01,5.0,2018-06-16,2018
FBW,hendrky01,17.0,2018-06-17,2018
FBW,winanal01,5.0,2018-06-18,2018
FBW,baumami01,,2018-06-19,2018
FBW,johnsji04,5.0,2018-06-20,2018
FBW,hendrky01,,2018-06-22,2018
FBW,,5.0,2018-06-23,2018
FBW,kremede01,12.0,2018-06-24,2018
FBW,baumami01,6.0,2018-06-25,2018
FBW,johnsji04,6.0,2018-06-26,2018
FBW,hendrky01,5.0,2018-06-27,2018
FBW,winanal01,6.0,2018-06-29,2018
FBW,kremede01,6.0,2018-06-30,2018
FBW,baumami01,6.0,2018-07-01,2018
FBW,johnsji04,6.0,2018-07-02,2018
FBW,hendrky01,,2018-07-03,2018
FBW,winanal01,5.0,2018-07-04,2018
FBW,detmere01,20.0,2018-07-06,2018
FBW,johnsji04,5.0,2018-07-07,2018
FBW,hendrky01,5.0,2018-07-08,2018
FBW,baumami01,8.0,2018-07-09,2018
FBW,winanal01,6.0,2018-07-10,2018
FBW,detmere01,5.0,2018-07-11,2018
FBW,johnsji04,5.0,2018-07-12,2018
FBW,hendrky01,5.0,2018-07-13,2018
FBW,baumami01,5.0,2018-07-14,2018
FBW,winanal01,5.0,2018-07-15,2018
FBW,winanal01,5.0,2018-07-20,2018
FBW,detmere01,10.0,2018-07-21,2018
FBW,baumami01,8.0,2018-07-22,2018
FBW,johnsji04,11.0,2018-07-23,2018
FBW,hendrky01,11.0,2018-07-24,2018
FBW,winanal01,5.0,2018-07-25,2018
FBW,detmere01,6.0,2018-07-27,2018
FBW,baumami01,6.0,2018-07-28,2018
FBW,johnsji04,6.0,2018-07-29,2018
FBW,hendrky01,6.0,2018-07-30,2018
FBW,winanal01,6.0,2018-07-31,2018
FBW,johnsji04,,2019-03-28,2019
FBW,winanal01,,2019-03-30,2019
FBW,detmere01,,2019-03-31,2019
FBW,baumami01,,2019-04-01,2019
FBW,johnsji04,6.0,2019-04-03,2019
FBW,winanal01,5.0,2019-04-04,2019
FBW,hendrky01,,2019-04-05,2019
FBW,detmere01,6.0,2019-04-06,2019
FBW,baumami01,6.0,2019-04-07,2019
FBW,johnsji04,6.0,2019-04-09,2019
FBW,winanal01,6.0,2019-04-10,2019
FBW,hendrky01,6.0,2019-04-11,2019
FBW,,6.0,2019-04-12,2019
FBW,smylydr01,,2019-04-13,2019
FBW,johnsji04,5.0,2019-04-14,2019
FBW,winanal01,5.0,2019-04-15,2019
FBW,hendrky01,5.0,2019-04-16,2019
FBW,detmere01,5.0,2019-04-17,2019
FBW,winanal01,5.0,2019-04-20,2019
FBW,johnsji04,6.0,2019-04-20,2019
FBW,hendrky01,5.0,2019-04-21,2019
FBW,detmere01,6.0,2019-04-23,2019
FBW,smylydr01,11.0,2019-04-24,2019
FBW,winanal01,5.0,2019-04-25,2019
FBW,,6.0,2019-04-26,2019
FBW,hendrky01,6.0,2019-04-27,2019
FBW,detmere01,5.0,2019-04-28,2019
FBW,winanal01,5.0,2019-04-30,2019
FBW,johnsji04,5.0,2019-05-01,2019
FBW,hendrky01,6.0,2019-05-03,2019
FBW,detmere01,6.0,2019-05-04,2019
FBW,mchugco01,,2019-05-05,2019
FBW,winanal01,6.0,2019-05-06,2019
FBW,smylydr01,13.0,2019-05-07,2019
FBW,,5.0,2019-05-08,2019
FBW,detmere01,5.0,2019-05-09,2019
FBW,mchugco01,5.0,2019-05-10,2019
FBW,winanal01,,2019-05-11,2019
FBW,smylydr01,5.0,2019-05-12,2019
FBW,hendrky01,5.0,2019-05-13,2019
FBW,detmere01,5.0,2019-05-14,2019
FBW,winanal01,5.0,2019-05-16,2019
FBW,smylydr01,5.0,2019-05-17,2019
FBW,kremede01,,2019-05-18,2019
FBW,hendrky01,6.0,2019-05-19,2019
FBW,detmere01,6.0,2019-05-20,2019
FBW,winanal01,5.0,2019-05-21,2019
FBW,smylydr01,5.0,2019-05-22,2019
FBW,kremede01,5.0,2019-05-23,2019
FBW,hendrky01,5.0,2019-05-24,2019
FBW,detmere01,5.0,2019-05-25,2019
FBW,winanal01,5.0,2019-05-26,2019
FBW,smylydr01,5.0,2019-05-27,2019
FBW,warrewi01,,2019-05-28,2019
FBW,hendrky01,5.0,2019-05-29,2019
FBW,detmere01,5.0,2019-05-30,2019
FBW,winanal01,5.0,2019-05-31,2019
FBW,smylydr01,5.0,2019-06-01,2019
FBW,warrewi01,5.0,2019-06-02,2019
FBW,hendrky01,6.0,2019-06-04,2019
FBW,martica04,,2019-06-05,2019
FBW,winanal01,6.0,2019-06-06,2019
FBW,warrewi01,5.0,2019-06-07,2019
FBW,kremede01,16.0,2019-06-08,2019
FBW,hendrky01,5.0,2019-06-09,2019
FBW,winanal01,5.0,2019-06-11,2019
FBW,warrewi01,5.0,2019-06-12,2019
FBW,kremede01,6.0,2019-06-14,2019
FBW,hendrky01,6.0,2019-06-15,2019
FBW,winanal01,5.0,2019-06-16,2019
FBW,baumami01,71.0,2019-06-17,2019
FBW,warrewi01,6.0,2019-06-18,2019
FBW,kremede01,5.0,2019-06-19,2019
FBW,hendrky01,5.0,2019-06-20,2019
FBW,winanal01,5.0,2019-06-21,2019
FBW,bettial01,,2019-06-22,2019
FBW,warrewi01,5.0,2019-06-23,2019
FBW,kremede01,5.0,2019-06-24,2019
FBW,hendrky01,5.0,2019-06-25,2019
FBW,,5.0,2019-06-26,2019
FBW,baumami01,11.0,2019-06-28,2019
FBW,warrewi01,6.0,2019-06-29,2019
FBW,hendrky01,5.0,2019-06-30,2019
FBW,winanal01,6.0,2019-07-02,2019
FBW,baumami01,5.0,2019-07-03,2019
FBW,warrewi01,5.0,2019-07-04,2019
FBW,hendrky01,6.0,2019-07-06,2019
FBW,winanal01,5.0,2019-07-07,2019
FBW,baumami01,9.0,2019-07-12,2019
FBW,winanal01,6.0,2019-07-13,2019
FBW,hendrky01,8.0,2019-07-14,2019
FBW,,21.0,2019-07-15,2019
FBW,warrewi01,12.0,2019-07-16,2019
FBW,baumami01,5.0,2019-07-17,2019
FBW,winanal01,5.0,2019-07-18,2019
FBW,hendrky01,5.0,2019-07-19,2019
FBW,kremede01,5.0,2019-07-20,2019
FBW,warrewi01,5.0,2019-07-21,2019
FBW,baumami01,5.0,2019-07-22,2019
FBW,winanal01,5.0,2019-07-23,2019
FBW,hendrky01,5.0,2019-07-24,2019
FBW,kremede01,5.0,2019-07-25,2019
FBW,warrewi01,5.0,2019-07-26,2019
FBW,baumami01,5.0,2019-07-27,2019
FBW,winanal01,5.0,2019-07-28,2019
FBW,hendrky01,6.0,2019-07-30,2019
FBW,,5.0,2019-07-31,2019
FBW,hendrky01,,2021-04-01,2021
FBW,warrewi01,,2021-04-03,2021
FBW,bettial01,,2021-04-04,2021
FBW,chatwty01,,2021-04-05,2021
FBW,hendrky01,6.0,2021-04-07,2021
FBW,warrewi01,6.0,2021-04-09,2021
FBW,bettial01,6.0,2021-04-10,2021
FBW,chatwty01,6.0,2021-04-11,2021
FBW,jacksed01,,2021-04-12,2021
FBW,hendrky01,6.0,2021-04-13,2021
FBW,,5.0,2021-04-14,2021
FBW,bettial01,5.0,2021-04-15,2021
FBW,chatwty01,5.0,2021-04-16,2021
FBW,jacksed01,5.0,2021-04-17,2021
FBW,hendrky01,5.0,2021-04-18,2021
FBW,warrewi01,6.0,2021-04-20,2021
FBW,bettial01,7.0,2021-04-22,2021
FBW,chatwty01,7.0,2021-04-23,2021
FBW,hendrky01,6.0,2021-04-24,2021
FBW,jacksed01,8.0,2021-04-25,2021
FBW,warrewi01,6.0,2021-04-26,2021
FBW,bettial01,5.0,2021-04-27,2021
FBW,chatwty01,5.0,2021-04-28,2021
FBW,hendrky01,6.0,2021-04-30,2021
FBW,jacksed01,6.0,2021-05-01,2021
FBW,warrewi01,6.0,2021-05-02,2021
FBW,bettial01,6.0,2021-05-03,2021
FBW,huffda01,,2021-05-04,2021
FBW,hendrky01,5.0,2021-05-05,2021
FBW,jacksed01,5.0,2021-05-06,2021
FBW,warrewi01,5.0,2021-05-07,2021
FBW,bettial01,5.0,2021-05-08,2021
FBW,hendrky01,6.0,2021-05-11,2021
FBW,martini01,,2021-05-12,2021
FBW,warrewi01,6.0,2021-05-13,2021
FBW,,6.0,2021-05-14,2021
FBW,jacksed01,,2021-05-15,2021
FBW,,5.0,2021-05-16,2021
FBW,martini01,5.0,2021-05-17,2021
FBW,warrewi01,5.0,2021-05-18,2021
FBW,bettial01,5.0,2021-05-19,2021
FBW,jacksed01,,2021-05-21,2021
FBW,hendrky01,6.0,2021-05-22,2021
FBW,warrewi01,5.0,2021-05-23,2021
FBW,martini01,,2021-05-24,2021
FBW,bettial01,6.0,2021-05-25,2021
FBW,jacksed01,5.0,2021-05-26,2021
FBW,hendrky01,5.0,2021-05-27,2021
FBW,nanceto01,,2021-05-28,2021
FBW,martini01,6.0,2021-05-30,2021
FBW,bettial01,5.0,2021-05-30,2021
FBW,jacksed01,5.0,2021-05-31,2021
FBW,hellije01,,2021-05-31,2021
FBW,,5.0,2021-06-01,2021
FBW,carmofa01,,2021-06-04,2021
FBW,bettial01,6.0,2021-06-05,2021
FBW,hellije01,6.0,2021-06-06,2021
FBW,hendrky01,7.0,2021-06-08,2021
FBW,carmofa01,5.0,2021-06-09,2021
FBW,bettial01,6.0,2021-06-11,2021
FBW,jacksed01,12.0,2021-06-12,2021
FBW,hendrky01,5.0,2021-06-13,2021
FBW,carmofa01,5.0,2021-06-14,2021
FBW,hellije01,9.0,2021-06-15,2021
FBW,bettial01,5.0,2021-06-16,2021
FBW,nanceto01,,2021-06-17,2021
FBW,carmofa01,4.0,2021-06-18,2021
FBW,hellije01,4.0,2021-06-19,2021
FBW,martini01,21.0,2021-06-20,2021
FBW,bettial01,5.0,2021-06-21,2021
FBW,nanceto01,5.0,2021-06-22,2021
FBW,carmofa01,6.0,2021-06-24,2021
FBW,hellije01,6.0,2021-06-25,2021
FBW,,7.0,2021-06-27,2021
FBW,nanceto01,6.0,2021-06-28,2021
FBW,hellije01,5.0,2021-06-30,2021
FBW,chatwty01,63.0,2021-06-30,2021
FBW,carmofa01,7.0,2021-07-01,2021
FBW,martini01,5.0,2021-07-02,2021
FBW,nanceto01,5.0,2021-07-03,2021
FBW,hellije01,4.0,2021-07-04,2021
FBW,chatwty01,5.0,2021-07-05,2021
FBW,carmofa01,6.0,2021-07-07,2021
FBW,martini01,5.0,2021-07-07,2021
FBW,warrewi01,46.0,2021-07-08,2021
FBW,jacksed01,27.0,2021-07-09,2021
FBW,hellije01,6.0,2021-07-10,2021
FBW,nanceto01,,2021-07-16,2021
FBW,hellije01,7.0,2021-07-17,2021
FBW,warrewi01,10.0,2021-07-18,2021
FBW,carmofa01,12.0,2021-07-19,2021
FBW,jacksed01,11.0,2021-07-20,2021
FBW,nanceto01,5.0,2021-07-21,2021
FBW,hellije01,5.0,2021-07-22,2021
FBW,warrewi01,5.0,2021-07-23,2021
FBW,carmofa01,5.0,2021-07-24,2021
FBW,jacksed01,5.0,2021-07-25,2021
FBW,hellije01,5.0,2021-07-27,2021
FBW,warrewi01,,2021-07-28,2021
FBW,carmofa01,6.0,2021-07-30,2021
FBW,jacksed01,6.0,2021-07-31,2021
FBW,hendrky01,,2022-04-07,2022
FBW,warrewi01,,2022-04-09,2022
FBW,hellije01,,2022-04-10,2022
FBW,bettial01,,2022-04-11,2022
FBW,hendrky01,5.0,2022-04-12,2022
FBW,jacksed01,,2022-04-13,2022
FBW,warrewi01,6.0,2022-04-15,2022
FBW,hellije01,6.0,2022-04-16,2022
FBW,bettial01,6.0,2022-04-17,2022
FBW,hendrky01,8.0,2022-04-20,2022
FBW,jacksed01,7.0,2022-04-20,2022
FBW,warrewi01,6.0,2022-04-21,2022
FBW,nanceto01,,2022-04-22,2022
FBW,hellije01,7.0,2022-04-23,2022
FBW,bettial01,7.0,2022-04-24,2022
FBW,hendrky01,5.0,2022-04-25,2022
FBW,jacksed01,6.0,2022-04-26,2022
FBW,warrewi01,6.0,2022-04-27,2022
FBW,hellije01,5.0,2022-04-28,2022
FBW,bettial01,5.0,2022-04-29,2022
FBW,hendrky01,5.0,2022-04-30,2022
FBW,jacksed01,5.0,2022-05-01,2022
FBW,warrewi01,7.0,2022-05-04,2022
FBW,,6.0,2022-05-04,2022
FBW,bettial01,6.0,2022-05-05,2022
FBW,,7.0,2022-05-07,2022
FBW,jacksed01,6.0,2022-05-07,2022
FBW,mahlety01,,2022-05-08,2022
FBW,warrewi01,5.0,2022-05-09,2022
FBW,hellije01,6.0,2022-05-10,2022
FBW,bettial01,,2022-05-13,2022
FBW,hendrky01,7.0,2022-05-14,2022
FBW,jacksed01,8.0,2022-05-15,2022
FBW,warrewi01,8.0,2022-05-17,2022
FBW,hellije01,9.0,2022-05-19,2022
FBW,bettial01,7.0,2022-05-20,2022
FBW,hendrky01,8.0,2022-05-22,2022
FBW,jacksed01,8.0,2022-05-23,2022
FBW,warrewi01,7.0,2022-05-24,2022
FBW,hellije01,6.0,2022-05-25,2022
FBW,mahlety01,18.0,2022-05-26,2022
FBW,hendrky01,6.0,2022-05-28,2022
FBW,jacksed01,6.0,2022-05-29,2022
FBW,warrewi01,6.0,2022-05-30,2022
FBW,hellije01,6.0,2022-05-31,2022
FBW,mahlety01,6.0,2022-06-01,2022
FBW,hendrky01,6.0,2022-06-03,2022
FBW,jacksed01,6.0,2022-06-04,2022
FBW,warrewi01,6.0,2022-06-05,2022
FBW,kitchau01,,2022-06-07,2022
FBW,hellije01,,2022-06-07,2022
FBW,hendrky01,5.0,2022-06-08,2022
FBW,mahlety01,8.0,2022-06-09,2022
FBW,jacksed01,,2022-06-10,2022
FBW,warrewi01,,2022-06-11,2022
FBW,hellije01,5.0,2022-06-12,2022
FBW,hendrky01,6.0,2022-06-14,2022
FBW,mahlety01,6.0,2022-06-15,2022
FBW,jacksed01,6.0,2022-06-16,2022
FBW,warrewi01,6.0,2022-06-17,2022
FBW,hellije01,6.0,2022-06-18,2022
FBW,hendrky01,5.0,2022-06-19,2022
FBW,bettial01,32.0,2022-06-21,2022
FBW,jacksed01,6.0,2022-06-22,2022
FBW,warrewi01,,2022-06-23,2022
FBW,hellije01,6.0,2022-06-24,2022
FBW,hendrky01,6.0,2022-06-25,2022
FBW,bettial01,5.0,2022-06-26,2022
FBW,jacksed01,5.0,2022-06-27,2022
FBW,mahlety01,13.0,2022-06-28,2022
FBW,warrewi01,5.0,2022-06-28,2022
FBW,hellije01,5.0,2022-06-29,2022
FBW,hendrky01,5.0,2022-06-30,2022
FBW,kitchau01,25.0,2022-07-02,2022
FBW,bettial01,6.0,2022-07-02,2022
FBW,jacksed01,6.0,2022-07-03,2022
FBW,warrewi01,6.0,2022-07-04,2022
FBW,,6.0,2022-07-04,2022
FBW,hellije01,6.0,2022-07-05,2022
FBW,hendrky01,6.0,2022-07-06,2022
FBW,bettial01,6.0,2022-07-08,2022
FBW,jacksed01,6.0,2022-07-09,2022
FBW,warrewi01,6.0,2022-07-10,2022
FBW,hellije01,6.0,2022-07-11,2022
FBW,mahlety01,8.0,2022-07-12,2022
FBW,hendrky01,6.0,2022-07-12,2022
FBW,bettial01,5.0,2022-07-13,2022
FBW,jacksed01,5.0,2022-07-14,2022
FBW,,5.0,2022-07-15,2022
FBW,hellije01,5.0,2022-07-16,2022
FBW,hellije01,6.0,2022-07-22,2022
FBW,,9.0,2022-07-23,2022
FBW,mahlety01,11.0,2022-07-23,2022
FBW,hendrky01,12.0,2022-07-24,2022
FBW,warrewi01,,2022-07-25,2022
FBW,bardlu01,,2022-07-26,2022
FBW,hellije01,5.0,2022-07-27,2022
FBW,jacksed01,5.0,2022-07-28,2022
FBW,hendrky01,5.0,2022-07-29,2022
FBW,warrewi01,5.0,2022-07-30,2022
FBW,bardlu01,5.0,2022-07-31,2022
FBW,hendrky01,,2023-03-30,2023
FBW,richatr01,,2023-03-31,2023
FBW,bettial01,,2023-04-01,2023
FBW,hellije01,,2023-04-02,2023
FBW,warrewi01,,2023-04-03,2023
FBW,hendrky01,5.0,2023-04-04,2023
FBW,richatr01,5.0,2023-04-05,2023
FBW,bettial01,6.0,2023-04-07,2023
FBW,hellije01,6.0,2023-04-08,2023
FBW,warrewi01,6.0,2023-04-09,2023
FBW,hendrky01,6.0,2023-04-10,2023
FBW,richatr01,6.0,2023-04-11,2023
FBW,mcclash01,,2023-04-12,2023
FBW,hellije01,6.0,2023-04-14,2023
FBW,warrewi01,,2023-04-15,2023
FBW,hendrky01,6.0,2023-04-16,2023
FBW,mcclash01,6.0,2023-04-18,2023
FBW,richatr01,7.0,2023-04-18,2023
FBW,hellije01,,2023-04-19,2023
FBW,warrewi01,7.0,2023-04-22,2023
FBW,,6.0,2023-04-22,2023
FBW,patinlu01,,2023-04-23,2023
FBW,hellije01,5.0,2023-04-24,2023
FBW,mcclash01,7.0,2023-04-25,2023
FBW,payanpe01,,2023-04-26,2023
FBW,hendrky01,6.0,2023-04-28,2023
FBW,warrewi01,7.0,2023-04-29,2023
FBW,patinlu01,7.0,2023-04-30,2023
FBW,hellije01,7.0,2023-05-01,2023
FBW,payanpe01,6.0,2023-05-02,2023
FBW,hendrky01,5.0,2023-05-03,2023
FBW,mcclash01,10.0,2023-05-05,2023
FBW,patinlu01,6.0,2023-05-06,2023
FBW,hellije01,6.0,2023-05-07,2023
FBW,payanpe01,6.0,2023-05-08,2023
FBW,,6.0,2023-05-09,2023
FBW,mcclash01,5.0,2023-05-10,2023
FBW,patinlu01,6.0,2023-05-12,2023
FBW,hellije01,6.0,2023-05-13,2023
FBW,,6.0,2023-05-14,2023
FBW,hendrky01,7.0,2023-05-16,2023
FBW,mcclash01,7.0,2023-05-17,2023
FBW,patinlu01,6.0,2023-05-18,2023
FBW,hellije01,6.0,2023-05-19,2023
FBW,payanpe01,7.0,2023-05-21,2023
FBW,hendrky01,5.0,2023-05-21,2023
FBW,richatr01,34.0,2023-05-22,2023
FBW,patinlu01,5.0,2023-05-23,2023
FBW,hellije01,5.0,2023-05-24,2023
FBW,,5.0,2023-05-26,2023
FBW,payanpe01,6.0,2023-05-27,2023
FBW,richatr01,6.0,2023-05-28,2023
FBW,patinlu01,6.0,2023-05-29,2023
FBW,hellije01,6.0,2023-05-30,2023
FBW,hendrky01,5.0,2023-05-31,2023
FBW,payanpe01,5.0,2023-06-01,2023
FBW,bettial01,56.0,2023-06-02,2023
FBW,patinlu01,5.0,2023-06-03,2023
FBW,jacksed01,,2023-06-04,2023
FBW,hendrky01,6.0,2023-06-06,2023
FBW,payanpe01,6.0,2023-06-07,2023
FBW,bettial01,6.0,2023-06-08,2023
FBW,patinlu01,6.0,2023-06-09,2023
FBW,,6.0,2023-06-10,2023
FBW,hendrky01,5.0,2023-06-11,2023
FBW,payanpe01,,2023-06-13,2023
FBW,bettial01,6.0,2023-06-14,2023
FBW,patinlu01,6.0,2023-06-15,2023
FBW,,,2023-06-16,2023
FBW,hendrky01,6.0,2023-06-17,2023
FBW,payanpe01,5.0,2023-06-18,2023
FBW,bettial01,6.0,2023-06-20,2023
FBW,stridsp01,,2023-06-21,2023
FBW,patinlu01,7.0,2023-06-22,2023
FBW,hendrky01,6.0,2023-06-23,2023
FBW,payanpe01,6.0,2023-06-24,2023
FBW,bettial01,5.0,2023-06-25,2023
FBW,stridsp01,6.0,2023-06-27,2023
FBW,patinlu01,6.0,2023-06-28,2023
FBW,hendrky01,6.0,2023-06-29,2023
FBW,hellije01,31.0,2023-06-30,2023
FBW,payanpe01,7.0,2023-07-01,2023
FBW,bettial01,7.0,2023-07-02,2023
FBW,stridsp01,6.0,2023-07-03,2023
FBW,hendrky01,,2023-07-04,2023
FBW,hellije01,5.0,2023-07-05,2023
FBW,payanpe01,5.0,2023-07-06,2023
FBW,bettial01,5.0,2023-07-07,2023
FBW,stridsp01,5.0,2023-07-08,2023
FBW,hendrky01,5.0,2023-07-09,2023
FBW,bettial01,7.0,2023-07-14,2023
FBW,stridsp01,7.0,2023-07-15,2023
FBW,payanpe01,,2023-07-16,2023
FBW,bonilli01,,2023-07-17,2023
FBW,patinlu01,20.0,2023-07-18,2023
FBW,bettial01,5.0,2023-07-19,2023
FBW,stridsp01,6.0,2023-07-21,2023
FBW,payanpe01,6.0,2023-07-22,2023
FBW,bonilli01,6.0,2023-07-23,2023
FBW,patinlu01,6.0,2023-07-24,2023
FBW,bettial01,6.0,2023-07-25,2023
FBW,stridsp01,5.0,2023-07-26,2023
FBW,payanpe01,5.0,2023-07-27,2023
FBW,bonilli01,5.0,2023-07-28,2023
FBW,patinlu01,5.0,2023-07-29,2023
FBW,bettial01,5.0,2023-07-30,2023
FBW,oswalco01,54.0,2023-07-31,2023
GKO,,,2016-04-04,2016
GKO,meisiry01,,2016-04-05,2016
GKO,skenepa01,,2016-04-06,2016
GKO,woodtr01,,2016-04-08,2016
GKO,fillmhe01,5.0,2016-04-09,2016
GKO,meisiry01,5.0,2016-04-10,2016
GKO,skenepa01,6.0,2016-04-12,2016
GKO,woodtr01,5.0,2016-04-13,2016
GKO,fillmhe01,5.0,2016-04-14,2016
GKO,meisiry01,5.0,2016-04-15,2016
GKO,,,2016-04-16,2016
GKO,skenepa01,5.0,2016-04-17,2016
GKO,,5.0,2016-04-18,2016
GKO,fillmhe01,5.0,2016-04-19,2016
GKO,meisiry01,5.0,2016-04-20,2016
GKO,biagijo01,,2016-04-22,2016
GKO,skenepa01,6.0,2016-04-23,2016
GKO,woodtr01,6.0,2016-04-24,2016
GKO,meisiry01,5.0,2016-04-25,2016
GKO,,7.0,2016-04-26,2016
GKO,biagijo01,5.0,2016-04-27,2016
GKO,skenepa01,6.0,2016-04-29,2016
GKO,zimmejo02,,2016-04-30,2016
GKO,meisiry01,6.0,2016-05-01,2016
GKO,biagijo01,5.0,2016-05-02,2016
GKO,cannigr01,,2016-05-03,2016
GKO,skenepa01,5.0,2016-05-04,2016
GKO,zimmejo02,5.0,2016-05-05,2016
GKO,meisiry01,5.0,2016-05-06,2016
GKO,biagijo01,5.0,2016-05-07,2016
GKO,cannigr01,5.0,2016-05-08,2016
GKO,skenepa01,5.0,2016-05-09,2016
GKO,zimmejo02,5.0,2016-05-10,2016
GKO,meisiry01,5.0,2016-05-11,2016
GKO,biagijo01,6.0,2016-05-13,2016
GKO,cannigr01,6.0,2016-05-14,2016
GKO,skenepa01,,2016-05-15,2016
GKO,meisiry01,6.0,2016-05-17,2016
GKO,zimmejo02,8.0,2016-05-18,2016
GKO,biagijo01,6.0,2016-05-19,2016
GKO,cannigr01,6.0,2016-05-20,2016
GKO,skenepa01,6.0,2016-05-21,2016
GKO,woodtr01,29.0,2016-05-23,2016
GKO,fillmhe01,28.0,2016-05-24,2016
GKO,meisiry01,,2016-05-25,2016
GKO,biagijo01,7.0,2016-05-26,2016
GKO,skenepa01,6.0,2016-05-27,2016
GKO,cannigr01,8.0,2016-05-28,2016
GKO,zimmejo02,11.0,2016-05-29,2016
GKO,meisiry01,5.0,2016-05-30,2016
GKO,biagijo01,5.0,2016-05-31,2016
GKO,skenepa01,5.0,2016-06-01,2016
GKO,cannigr01,5.0,2016-06-02,2016
GKO,zimmejo02,5.0,2016-06-03,2016
GKO,meisiry01,5.0,2016-06-04,2016
GKO,biagijo01,5.0,2016-06-05,2016
GKO,skenepa01,5.0,2016-06-06,2016
GKO,cannigr01,5.0,2016-06-07,2016
GKO,zimmejo02,5.0,2016-06-08,2016
GKO,meisiry01,5.0,2016-06-09,2016
GKO,biagijo01,5.0,2016-06-10,2016
GKO,skenepa01,5.0,2016-06-11,2016
GKO,parkebl01,,2016-06-12,2016
GKO,fillmhe01,21.0,2016-06-14,2016
GKO,meisiry01,6.0,2016-06-15,2016
GKO,biagijo01,7.0,2016-06-17,2016
GKO,skenepa01,7.0,2016-06-18,2016
GKO,parkebl01,7.0,2016-06-19,2016
GKO,fillmhe01,6.0,2016-06-20,2016
GKO,meisiry01,6.0,2016-06-21,2016
GKO,biagijo01,5.0,2016-06-22,2016
GKO,cannigr01,16.0,2016-06-23,2016
GKO,parkebl01,5.0,2016-06-24,2016
GKO,fillmhe01,5.0,2016-06-25,2016
GKO,meisiry01,5.0,2016-06-26,2016
GKO,biagijo01,,2016-06-27,2016
GKO,cannigr01,5.0,2016-06-28,2016
GKO,parkebl01,5.0,2016-06-29,2016
GKO,fillmhe01,6.0,2016-07-01,2016
GKO,meisiry01,6.0,2016-07-02,2016
GKO,biagijo01,6.0,2016-07-03,2016
GKO,parkebl01,5.0,2016-07-04,2016
GKO,skenepa01,17.0,2016-07-05,2016
GKO,fillmhe01,5.0,2016-07-06,2016
GKO,meisiry01,5.0,2016-07-07,2016
GKO,biagijo01,5.0,2016-07-08,2016
GKO,,5.0,2016-07-09,2016
GKO,skenepa01,5.0,2016-07-10,2016
GKO,fillmhe01,9.0,2016-07-15,2016
GKO,meisiry01,9.0,2016-07-16,2016
GKO,biagijo01,9.0,2016-07-17,2016
GKO,parkebl01,9.0,2016-07-18,2016
GKO,skenepa01,9.0,2016-07-19,2016
GKO,fillmhe01,5.0,2016-07-20,2016
GKO,meisiry01,5.0,2016-07-21,2016
GKO,biagijo01,5.0,2016-07-22,2016
GKO,parkebl01,5.0,2016-07-23,2016
GKO,skenepa01,5.0,2016-07-24,2016
GKO,fillmhe01,5.0,2016-07-25,2016
GKO,meisiry01,5.0,2016-07-26,2016
GKO,biagijo01,5.0,2016-07-27,2016
GKO,parkebl01,5.0,2016-07-28,2016
GKO,skenepa01,5.0,2016-07-29,2016
GKO,fillmhe01,5.0,2016-07-30,2016
GKO,meisiry01,5.0,2016-07-31,2016
GKO,biagijo01,,2017-04-03,2017
GKO,parkebl01,,2017-04-04,2017
GKO,skenepa01,,2017-04-05,2017
GKO,hergeji01,,2017-04-06,2017
GKO,hatchto01,,2017-04-07,2017
GKO,biagijo01,5.0,2017-04-08,2017
GKO,parkebl01,5.0,2017-04-09,2017
GKO,skenepa01,5.0,2017-04-10,2017
GKO,hergeji01,5.0,2017-04-11,2017
GKO,,5.0,2017-04-12,2017
GKO,biagijo01,5.0,2017-04-13,2017
GKO,parkebl01,5.0,2017-04-14,2017
GKO,skenepa01,5.0,2017-04-15,2017
GKO,hergeji01,5.0,2017-04-16,2017
GKO,hatchto01,6.0,2017-04-18,2017
GKO,parkebl01,5.0,2017-04-19,2017
GKO,skenepa01,6.0,2017-04-21,2017
GKO,hergeji01,6.0,2017-04-22,2017
GKO,hatchto01,5.0,2017-04-23,2017
GKO,parkebl01,5.0,2017-04-24,2017
GKO,wrighmi01,,2017-04-25,2017
GKO,skenepa01,5.0,2017-04-26,2017
GKO,hergeji01,,2017-04-27,2017
GKO,hatchto01,5.0,2017-04-28,2017
GKO,parkebl01,5.0,2017-04-29,2017
GKO,wrighmi01,5.0,2017-04-30,2017
GKO,skenepa01,6.0,2017-05-02,2017
GKO,hergeji01,6.0,2017-05-03,2017
GKO,hatchto01,6.0,2017-05-04,2017
GKO,wrighmi01,5.0,2017-05-05,2017
GKO,parkebl01,7.0,2017-05-06,2017
GKO,skenepa01,5.0,2017-05-07,2017
GKO,hatchto01,5.0,2017-05-09,2017
GKO,hergeji01,6.0,2017-05-09,2017
GKO,wrighmi01,5.0,2017-05-10,2017
GKO,reyesde02,,2017-05-11,2017
GKO,,5.0,2017-05-12,2017
GKO,parkebl01,7.0,2017-05-13,2017
GKO,hergeji01,5.0,2017-05-14,2017
GKO,hatchto01,7.0,2017-05-16,2017
GKO,wrighmi01,8.0,2017-05-18,2017
GKO,skenepa01,6.0,2017-05-18,2017
GKO,parkebl01,6.0,2017-05-19,2017
GKO,hergeji01,6.0,2017-05-20,2017
GKO,hatchto01,5.0,2017-05-21,2017
GKO,reyesde02,,2017-05-22,2017
GKO,wrighmi01,5.0,2017-05-23,2017
GKO,skenepa01,6.0,2017-05-24,2017
GKO,parkebl01,6.0,2017-05-25,2017
GKO,hergeji01,6.0,2017-05-26,2017
GKO,,6.0,2017-05-27,2017
GKO,wrighmi01,5.0,2017-05-28,2017
GKO,skenepa01,5.0,2017-05-29,2017
GKO,parkebl01,5.0,2017-05-30,2017
GKO,hergeji01,5.0,2017-05-31,2017
GKO,hatchto01,5.0,2017-06-01,2017
GKO,wrighmi01,5.0,2017-06-02,2017
GKO,skenepa01,5.0,2017-06-03,2017
GKO,reyesde02,13.0,2017-06-04,2017
GKO,hergeji01,6.0,2017-06-06,2017
GKO,hatchto01,6.0,2017-06-07,2017
GKO,skenepa01,5.0,2017-06-08,2017
GKO,wrighmi01,7.0,2017-06-09,2017
GKO,reyesde02,6.0,2017-06-10,2017
GKO,hergeji01,,2017-06-11,2017
GKO,hatchto01,5.0,2017-06-12,2017
GKO,,5.0,2017-06-13,2017
GKO,wrighmi01,5.0,2017-06-14,2017
GKO,reyesde02,5.0,2017-06-15,2017
GKO,hergeji01,5.0,2017-06-16,2017
GKO,hatchto01,5.0,2017-06-17,2017
GKO,skenepa01,5.0,2017-06-18,2017
GKO,wrighmi01,6.0,2017-06-20,2017
GKO,reyesde02,6.0,2017-06-21,2017
GKO,hergeji01,6.0,2017-06-22,2017
GKO,hatchto01,6.0,2017-06-23,2017
GKO,skenepa01,6.0,2017-06-24,2017
GKO,parkebl01,26.0,2017-06-25,2017
GKO,wrighmi01,6.0,2017-06-26,2017
GKO,reyesde02,6.0,2017-06-27,2017
GKO,hatchto01,5.0,2017-06-28,2017
GKO,biagijo01,78.0,2017-06-30,2017
GKO,skenepa01,7.0,2017-07-01,2017
GKO,wrighmi01,6.0,2017-07-02,2017
GKO,reyesde02,6.0,2017-07-03,2017
GKO,hatchto01,6.0,2017-07-04,2017
GKO,biagijo01,5.0,2017-07-05,2017
GKO,skenepa01,5.0,2017-07-06,2017
GKO,,5.0,2017-07-07,2017
GKO,reyesde02,5.0,2017-07-08,2017
GKO,hatchto01,5.0,2017-07-09,2017
GKO,biagijo01,9.0,2017-07-14,2017
GKO,skenepa01,9.0,2017-07-15,2017
GKO,reyesde02,8.0,2017-07-16,2017
GKO,wrighmi01,10.0,2017-07-17,2017
GKO,,26.0,2017-07-18,2017
GKO,biagijo01,5.0,2017-07-19,2017
GKO,reyesde02,5.0,2017-07-21,2017
GKO,wrighmi01,5.0,2017-07-22,2017
GKO,hatchto01,14.0,2017-07-23,2017
GKO,hergeji01,6.0,2017-07-24,2017
GKO,biagijo01,6.0,2017-07-25,2017
GKO,,5.0,2017-07-26,2017
GKO,wrighmi01,,2017-07-29,2017
GKO,biagijo01,5.0,2017-07-30,2017
GKO,hatchto01,7.0,2017-07-30,2017
GKO,biagijo01,,2018-03-29,2018
GKO,parkebl01,,2018-03-30,2018
GKO,wrighmi01,,2018-03-31,2018
GKO,meisiry01,,2018-04-02,2018
GKO,hatchto01,,2018-04-03,2018
GKO,biagijo01,6.0,2018-04-04,2018
GKO,parkebl01,6.0,2018-04-05,2018
GKO,wrighmi01,6.0,2018-04-06,2018
GKO,meisiry01,5.0,2018-04-07,2018
GKO,hatchto01,5.0,2018-04-08,2018
GKO,biagijo01,5.0,2018-04-09,2018
GKO,parkebl01,5.0,2018-04-10,2018
GKO,wrighmi01,5.0,2018-04-11,2018
GKO,meisiry01,5.0,2018-04-12,2018
GKO,hatchto01,5.0,2018-04-13,2018
GKO,biagijo01,5.0,2018-04-14,2018
GKO,parkebl01,5.0,2018-04-15,2018
GKO,wrighmi01,5.0,2018-04-16,2018
GKO,meisiry01,5.0,2018-04-17,2018
GKO,hatchto01,5.0,2018-04-18,2018
GKO,biagijo01,6.0,2018-04-20,2018
GKO,parkebl01,6.0,2018-04-21,2018
GKO,wrighmi01,,2018-04-22,2018
GKO,meisiry01,6.0,2018-04-23,2018
GKO,hatchto01,6.0,2018-04-24,2018
GKO,biagijo01,5.0,2018-04-25,2018
GKO,parkebl01,6.0,2018-04-27,2018
GKO,wrighmi01,6.0,2018-04-28,2018
GKO,meisiry01,6.0,2018-04-29,2018
GKO,hatchto01,6.0,2018-04-30,2018
GKO,biagijo01,6.0,2018-05-01,2018
GKO,parkebl01,5.0,2018-05-02,2018
GKO,wrighmi01,6.0,2018-05-04,2018
GKO,meisiry01,6.0,2018-05-05,2018
GKO,hatchto01,6.0,2018-05-06,2018
GKO,biagijo01,7.0,2018-05-08,2018
GKO,,7.0,2018-05-09,2018
GKO,wrighmi01,6.0,2018-05-10,2018
GKO,meisiry01,6.0,2018-05-11,2018
GKO,hatchto01,6.0,2018-05-12,2018
GKO,biagijo01,5.0,2018-05-13,2018
GKO,parkebl01,5.0,2018-05-14,2018
GKO,wrighmi01,5.0,2018-05-15,2018
GKO,meisiry01,6.0,2018-05-17,2018
GKO,hatchto01,6.0,2018-05-18,2018
GKO,biagijo01,6.0,2018-05-19,2018
GKO,parkebl01,6.0,2018-05-20,2018
GKO,wrighmi01,6.0,2018-05-21,2018
GKO,meisiry01,,2018-05-22,2018
GKO,hatchto01,5.0,2018-05-23,2018
GKO,biagijo01,6.0,2018-05-25,2018
GKO,parkebl01,6.0,2018-05-26,2018
GKO,wrighmi01,6.0,2018-05-27,2018
GKO,meisiry01,6.0,2018-05-28,2018
GKO,hatchto01,6.0,2018-05-29,2018
GKO,biagijo01,5.0,2018-05-30,2018
GKO,parkebl01,6.0,2018-06-01,2018
GKO,wrighmi01,6.0,2018-06-02,2018
GKO,meisiry01,6.0,2018-06-03,2018
GKO,hatchto01,7.0,2018-06-05,2018
GKO,biagijo01,,2018-06-06,2018
GKO,parkebl01,,2018-06-07,2018
GKO,wrighmi01,6.0,2018-06-08,2018
GKO,meisiry01,6.0,2018-06-09,2018
GKO,hatchto01,5.0,2018-06-10,2018
GKO,biagijo01,6.0,2018-06-12,2018
GKO,parkebl01,6.0,2018-06-13,2018
GKO,wrighmi01,6.0,2018-06-14,2018
GKO,meisiry01,6.0,2018-06-15,2018
GKO,hatchto01,6.0,2018-06-16,2018
GKO,biagijo01,5.0,2018-06-17,2018
GKO,parkebl01,5.0,2018-06-18,2018
GKO,wrighmi01,5.0,2018-06-19,2018
GKO,meisiry01,5.0,2018-06-20,2018
GKO,hatchto01,,2018-06-21,2018
GKO,biagijo01,5.0,2018-06-22,2018
GKO,parkebl01,5.0,2018-06-23,2018
GKO,wrighmi01,5.0,2018-06-24,2018
GKO,meisiry01,6.0,2018-06-26,2018
GKO,hatchto01,6.0,2018-06-27,2018
GKO,,6.0,2018-06-28,2018
GKO,parkebl01,6.0,2018-06-29,2018
GKO,,6.0,2018-06-30,2018
GKO,meisiry01,5.0,2018-07-01,2018
GKO,hatchto01,5.0,2018-07-02,2018
GKO,hergeji01,,2018-07-03,2018
GKO,parkebl01,5.0,2018-07-04,2018
GKO,wrighmi01,6.0,2018-07-06,2018
GKO,hatchto01,5.0,2018-07-07,2018
GKO,hergeji01,5.0,2018-07-08,2018
GKO,parkebl01,6.0,2018-07-10,2018
GKO,,5.0,2018-07-11,2018
GKO,hatchto01,5.0,2018-07-12,2018
GKO,reyesde02,,2018-07-13,2018
GKO,biagijo01,16.0,2018-07-14,2018
GKO,,5.0,2018-07-15,2018
GKO,wrighmi01,9.0,2018-07-20,2018
GKO,hatchto01,9.0,2018-07-21,2018
GKO,hergeji01,,2018-07-22,2018
GKO,parkebl01,9.0,2018-07-24,2018
GKO,biagijo01,11.0,2018-07-25,2018
GKO,hatchto01,6.0,2018-07-27,2018
GKO,hergeji01,6.0,2018-07-28,2018
GKO,wrighmi01,9.0,2018-07-29,2018
GKO,parkebl01,6.0,2018-07-30,2018
GKO,biagijo01,6.0,2018-07-31,2018
GKO,hatchto01,,2019-03-28,2019
GKO,wrighmi01,,2019-03-29,2019
GKO,parkebl01,,2019-03-30,2019
GKO,biagijo01,,2019-03-31,2019
GKO,meisiry01,,2019-04-01,2019
GKO,hatchto01,5.0,2019-04-02,2019
GKO,wrighmi01,5.0,2019-04-03,2019
GKO,parkebl01,6.0,2019-04-05,2019
GKO,biagijo01,6.0,2019-04-06,2019
GKO,meisiry01,6.0,2019-04-07,2019
GKO,hatchto01,6.0,2019-04-08,2019
GKO,wrighmi01,6.0,2019-04-09,2019
GKO,biagijo01,5.0,2019-04-11,2019
GKO,meisiry01,5.0,2019-04-12,2019
GKO,hatchto01,5.0,2019-04-13,2019
GKO,wrighmi01,5.0,2019-04-14,2019
GKO,hergeji01,,2019-04-15,2019
GKO,biagijo01,5.0,2019-04-16,2019
GKO,hatchto01,5.0,2019-04-18,2019
GKO,wrighmi01,5.0,2019-04-19,2019
GKO,hergeji01,5.0,2019-04-20,2019
GKO,biagijo01,5.0,2019-04-21,2019
GKO,parkebl01,17.0,2019-04-22,2019
GKO,reyesde02,,2019-04-23,2019
GKO,wrighmi01,5.0,2019-04-24,2019
GKO,hergeji01,6.0,2019-04-26,2019
GKO,biagijo01,6.0,2019-04-27,2019
GKO,parkebl01,6.0,2019-04-28,2019
GKO,hatchto01,11.0,2019-04-29,2019
GKO,wrighmi01,6.0,2019-04-30,2019
GKO,hergeji01,5.0,2019-05-01,2019
GKO,biagijo01,5.0,2019-05-02,2019
GKO,parkebl01,5.0,2019-05-03,2019
GKO,hatchto01,5.0,2019-05-04,2019
GKO,wrighmi01,5.0,2019-05-05,2019
GKO,hergeji01,6.0,2019-05-07,2019
GKO,hatchto01,5.0,2019-05-09,2019
GKO,wrighmi01,5.0,2019-05-10,2019
GKO,biagijo01,9.0,2019-05-11,2019
GKO,hergeji01,5.0,2019-05-12,2019
GKO,hatchto01,5.0,2019-05-14,2019
GKO,wrighmi01,5.0,2019-05-15,2019
GKO,biagijo01,6.0,2019-05-17,2019
GKO,hergeji01,6.0,2019-05-18,2019
GKO,hatchto01,5.0,2019-05-19,2019
GKO,wrighmi01,,2019-05-21,2019
GKO,biagijo01,5.0,2019-05-22,2019
GKO,hergeji01,5.0,2019-05-23,2019
GKO,reyesde02,31.0,2019-05-24,2019
GKO,hatchto01,6.0,2019-05-25,2019
GKO,wrighmi01,5.0,2019-05-26,2019
GKO,biagijo01,5.0,2019-05-27,2019
GKO,hergeji01,5.0,2019-05-28,2019
GKO,reyesde02,5.0,2019-05-29,2019
GKO,hatchto01,5.0,2019-05-30,2019
GKO,wrighmi01,5.0,2019-05-31,2019
GKO,biagijo01,5.0,2019-06-01,2019
GKO,hergeji01,,2019-06-02,2019
GKO,reyesde02,6.0,2019-06-04,2019
GKO,wrighmi01,5.0,2019-06-05,2019
GKO,megilty01,,2019-06-06,2019
GKO,hergeji01,5.0,2019-06-07,2019
GKO,biagijo01,7.0,2019-06-08,2019
GKO,reyesde02,5.0,2019-06-09,2019
GKO,wrighmi01,5.0,2019-06-10,2019
GKO,megilty01,5.0,2019-06-11,2019
GKO,hergeji01,5.0,2019-06-12,2019
GKO,biagijo01,5.0,2019-06-13,2019
GKO,reyesde02,5.0,2019-06-14,2019
GKO,wrighmi01,5.0,2019-06-15,2019
GKO,megilty01,5.0,2019-06-16,2019
GKO,hergeji01,6.0,2019-06-18,2019
GKO,biagijo01,6.0,2019-06-19,2019
GKO,reyesde02,,2019-06-20,2019
GKO,wrighmi01,6.0,2019-06-21,2019
GKO,megilty01,6.0,2019-06-22,2019
GKO,hergeji01,5.0,2019-06-23,2019
GKO,biagijo01,5.0,2019-06-24,2019
GKO,garcija04,,2019-06-25,2019
GKO,wrighmi01,,2019-06-26,2019
GKO,megilty01,5.0,2019-06-27,2019
GKO,hergeji01,5.0,2019-06-28,2019
GKO,biagijo01,5.0,2019-06-29,2019
GKO,garcija04,5.0,2019-06-30,2019
GKO,wrighmi01,6.0,2019-07-02,2019
GKO,megilty01,6.0,2019-07-03,2019
GKO,hergeji01,7.0,2019-07-05,2019
GKO,biagijo01,7.0,2019-07-06,2019
GKO,wrighmi01,5.0,2019-07-07,2019
GKO,biagijo01,6.0,2019-07-12,2019
GKO,hatchto01,44.0,2019-07-13,2019
GKO,,9.0,2019-07-14,2019
GKO,garcija04,15.0,2019-07-15,2019
GKO,wrighmi01,8.0,2019-07-15,2019
GKO,megilty01,13.0,2019-07-16,2019
GKO,biagijo01,5.0,2019-07-17,2019
GKO,hatchto01,6.0,2019-07-19,2019
GKO,hergeji01,6.0,2019-07-20,2019
GKO,wrighmi01,6.0,2019-07-21,2019
GKO,megilty01,7.0,2019-07-23,2019
GKO,hatchto01,5.0,2019-07-24,2019
GKO,biagijo01,7.0,2019-07-24,2019
GKO,reyesde02,35.0,2019-07-25,2019
GKO,wrighmi01,5.0,2019-07-26,2019
GKO,garcija04,12.0,2019-07-27,2019
GKO,megilty01,5.0,2019-07-28,2019
GKO,biagijo01,5.0,2019-07-29,2019
GKO,hatchto01,6.0,2019-07-30,2019
GKO,wrighmi01,5.0,2019-07-31,2019
GKO,wrighmi01,,2021-04-01,2021
GKO,hergeji01,,2021-04-02,2021
GKO,biagijo01,,2021-04-03,2021
GKO,gearrco01,,2021-04-04,2021
GKO,wrighmi01,5.0,2021-04-06,2021
GKO,hergeji01,5.0,2021-04-07,2021
GKO,biagijo01,5.0,2021-04-08,2021
GKO,gearrco01,5.0,2021-04-09,2021
GKO,garcija04,,2021-04-10,2021
GKO,wrighmi01,5.0,2021-04-11,2021
GKO,hergeji01,6.0,2021-04-13,2021
GKO,biagijo01,6.0,2021-04-14,2021
GKO,gearrco01,6.0,2021-04-15,2021
GKO,wrighmi01,6.0,2021-04-17,2021
GKO,garcija04,7.0,2021-04-17,2021
GKO,hergeji01,5.0,2021-04-18,2021
GKO,biagijo01,6.0,2021-04-20,2021
GKO,,6.0,2021-04-21,2021
GKO,wrighmi01,6.0,2021-04-23,2021
GKO,hergeji01,6.0,2021-04-24,2021
GKO,biagijo01,5.0,2021-04-25,2021
GKO,gearrco01,5.0,2021-04-26,2021
GKO,garcija04,10.0,2021-04-27,2021
GKO,wrighmi01,5.0,2021-04-28,2021
GKO,hergeji01,5.0,2021-04-29,2021
GKO,biagijo01,5.0,2021-04-30,2021
GKO,gearrco01,5.0,2021-05-01,2021
GKO,garcija04,5.0,2021-05-02,2021
GKO,wrighmi01,6.0,2021-05-04,2021
GKO,samarje01,,2021-05-04,2021
GKO,biagijo01,5.0,2021-05-05,2021
GKO,gearrco01,6.0,2021-05-07,2021
GKO,garcija04,,2021-05-08,2021
GKO,wrighmi01,5.0,2021-05-09,2021
GKO,hergeji01,12.0,2021-05-11,2021
GKO,biagijo01,7.0,2021-05-12,2021
GKO,gearrco01,5.0,2021-05-12,2021
GKO,garcija04,5.0,2021-05-13,2021
GKO,wrighmi01,5.0,2021-05-14,2021
GKO,schulja02,,2021-05-15,2021
GKO,hergeji01,5.0,2021-05-16,2021
GKO,biagijo01,5.0,2021-05-17,2021
GKO,gearrco01,6.0,2021-05-18,2021
GKO,garcija04,6.0,2021-05-19,2021
GKO,wrighmi01,7.0,2021-05-21,2021
GKO,hergeji01,6.0,2021-05-22,2021
GKO,biagijo01,6.0,2021-05-23,2021
GKO,gearrco01,6.0,2021-05-24,2021
GKO,hatchto01,,2021-05-25,2021
GKO,wrighmi01,6.0,2021-05-27,2021
GKO,hergeji01,5.0,2021-05-27,2021
GKO,gearrco01,5.0,2021-05-29,2021
GKO,biagijo01,6.0,2021-05-29,2021
GKO,hatchto01,5.0,2021-05-30,2021
GKO,wrighmi01,5.0,2021-06-01,2021
GKO,hergeji01,6.0,2021-06-02,2021
GKO,gearrco01,5.0,2021-06-03,2021
GKO,biagijo01,6.0,2021-06-04,2021
GKO,hatchto01,6.0,2021-06-05,2021
GKO,wrighmi01,5.0,2021-06-06,2021
GKO,hergeji01,6.0,2021-06-08,2021
GKO,gearrco01,6.0,2021-06-09,2021
GKO,garcija04,22.0,2021-06-10,2021
GKO,hatchto01,6.0,2021-06-11,2021
GKO,wrighmi01,6.0,2021-06-12,2021
GKO,hergeji01,5.0,2021-06-13,2021
GKO,gearrco01,5.0,2021-06-14,2021
GKO,garcija04,5.0,2021-06-15,2021
GKO,hatchto01,5.0,2021-06-16,2021
GKO,wrighmi01,5.0,2021-06-17,2021
GKO,hergeji01,5.0,2021-06-18,2021
GKO,gearrco01,5.0,2021-06-19,2021
GKO,garcija04,5.0,2021-06-20,2021
GKO,hatchto01,6.0,2021-06-22,2021
GKO,wrighmi01,6.0,2021-06-23,2021
GKO,biagijo01,21.0,2021-06-25,2021
GKO,hergeji01,8.0,2021-06-26,2021
GKO,garcija04,7.0,2021-06-27,2021
GKO,hatchto01,6.0,2021-06-28,2021
GKO,wrighmi01,6.0,2021-06-29,2021
GKO,biagijo01,5.0,2021-06-30,2021
GKO,hergeji01,5.0,2021-07-01,2021
GKO,garcija04,5.0,2021-07-02,2021
GKO,hatchto01,5.0,2021-07-03,2021
GKO,wrighmi01,5.0,2021-07-04,2021
GKO,biagijo01,6.0,2021-07-06,2021
GKO,hergeji01,6.0,2021-07-07,2021
GKO,garcija04,6.0,2021-07-08,2021
GKO,hatchto01,6.0,2021-07-09,2021
GKO,wrighmi01,,2021-07-10,2021
GKO,biagijo01,5.0,2021-07-11,2021
GKO,garcija04,8.0,2021-07-16,2021
GKO,hatchto01,8.0,2021-07-17,2021
GKO,biagijo01,7.0,2021-07-18,2021
GKO,wrighmi01,10.0,2021-07-20,2021
GKO,gearrco01,32.0,2021-07-21,2021
GKO,garcija04,7.0,2021-07-23,2021
GKO,hatchto01,,2021-07-24,2021
GKO,biagijo01,7.0,2021-07-25,2021
GKO,wrighmi01,6.0,2021-07-26,2021
GKO,gearrco01,6.0,2021-07-27,2021
GKO,hillri01,,2021-07-28,2021
GKO,,5.0,2021-07-29,2021
GKO,biagijo01,5.0,2021-07-30,2021
GKO,wrighmi01,5.0,2021-07-31,2021
GKO,hatchto01,,2022-04-08,2022
GKO,wrighmi01,,2022-04-09,2022
GKO,hergeji01,,2022-04-10,2022
GKO,gearrco01,,2022-04-11,2022
GKO,colege01,,2022-04-12,2022
GKO,hatchto01,6.0,2022-04-14,2022
GKO,wrighmi01,6.0,2022-04-15,2022
GKO,hergeji01,,2022-04-16,2022
GKO,gearrco01,6.0,2022-04-17,2022
GKO,colege01,6.0,2022-04-18,2022
GKO,hatchto01,5.0,2022-04-19,2022
GKO,wrighmi01,5.0,2022-04-20,2022
GKO,hergeji01,7.0,2022-04-23,2022
GKO,gearrco01,,2022-04-23,2022
GKO,colege01,6.0,2022-04-24,2022
GKO,hatchto01,6.0,2022-04-25,2022
GKO,wrighmi01,6.0,2022-04-26,2022
GKO,knebeco01,,2022-04-27,2022
GKO,gearrco01,5.0,2022-04-28,2022
GKO,hergeji01,6.0,2022-04-29,2022
GKO,colege01,6.0,2022-04-30,2022
GKO,hatchto01,6.0,2022-05-01,2022
GKO,wrighmi01,7.0,2022-05-03,2022
GKO,gearrco01,6.0,2022-05-04,2022
GKO,hergeji01,6.0,2022-05-05,2022
GKO,colege01,6.0,2022-05-06,2022
GKO,hatchto01,6.0,2022-05-07,2022
GKO,wrighmi01,5.0,2022-05-08,2022
GKO,gearrco01,5.0,2022-05-09,2022
GKO,hergeji01,5.0,2022-05-10,2022
GKO,colege01,5.0,2022-05-11,2022
GKO,hatchto01,6.0,2022-05-13,2022
GKO,wrighmi01,6.0,2022-05-14,2022
GKO,gearrco01,6.0,2022-05-15,2022
GKO,hergeji01,6.0,2022-05-16,2022
GKO,colege01,6.0,2022-05-17,2022
GKO,hatchto01,5.0,2022-05-18,2022
GKO,wrighmi01,7.0,2022-05-21,2022
GKO,ucetaed01,,2022-05-21,2022
GKO,gearrco01,7.0,2022-05-22,2022
GKO,colege01,6.0,2022-05-23,2022
GKO,hatchto01,6.0,2022-05-24,2022
GKO,knebeco01,28.0,2022-05-25,2022
GKO,wrighmi01,5.0,2022-05-26,2022
GKO,colege01,5.0,2022-05-28,2022
GKO,gearrco01,,2022-05-28,2022
GKO,hatchto01,5.0,2022-05-29,2022
GKO,knebeco01,5.0,2022-05-30,2022
GKO,hergeji01,16.0,2022-06-01,2022
GKO,wrighmi01,6.0,2022-06-01,2022
GKO,gearrco01,5.0,2022-06-02,2022
GKO,colege01,6.0,2022-06-03,2022
GKO,hatchto01,6.0,2022-06-04,2022
GKO,knebeco01,6.0,2022-06-05,2022
GKO,wrighmi01,6.0,2022-06-07,2022
GKO,hergeji01,7.0,2022-06-08,2022
GKO,gearrco01,7.0,2022-06-09,2022
GKO,colege01,7.0,2022-06-10,2022
GKO,knebeco01,6.0,2022-06-11,2022
GKO,hatchto01,7.0,2022-06-11,2022
GKO,wrighmi01,5.0,2022-06-12,2022
GKO,hergeji01,6.0,2022-06-14,2022
GKO,gearrco01,6.0,2022-06-15,2022
GKO,colege01,6.0,2022-06-16,2022
GKO,hatchto01,6.0,2022-06-17,2022
GKO,wrighmi01,6.0,2022-06-18,2022
GKO,hergeji01,5.0,2022-06-19,2022
GKO,knebeco01,10.0,2022-06-21,2022
GKO,colege01,6.0,2022-06-22,2022
GKO,hatchto01,6.0,2022-06-23,2022
GKO,wrighmi01,6.0,2022-06-24,2022
GKO,hergeji01,6.0,2022-06-25,2022
GKO,knebeco01,5.0,2022-06-26,2022
GKO,colege01,5.0,2022-06-27,2022
GKO,hatchto01,5.0,2022-06-28,2022
GKO,wrighmi01,5.0,2022-06-29,2022
GKO,hergeji01,6.0,2022-07-01,2022
GKO,gearrco01,17.0,2022-07-02,2022
GKO,,6.0,2022-07-03,2022
GKO,hatchto01,6.0,2022-07-04,2022
GKO,wrighmi01,6.0,2022-07-05,2022
GKO,fostema01,,2022-07-06,2022
GKO,gearrco01,5.0,2022-07-07,2022
GKO,colege01,5.0,2022-07-08,2022
GKO,hatchto01,5.0,2022-07-09,2022
GKO,wrighmi01,5.0,2022-07-10,2022
GKO,fostema01,5.0,2022-07-11,2022
GKO,gearrco01,5.0,2022-07-12,2022
GKO,colege01,5.0,2022-07-13,2022
GKO,hatchto01,5.0,2022-07-14,2022
GKO,wrighmi01,5.0,2022-07-15,2022
GKO,fostema01,5.0,2022-07-16,2022
GKO,gearrco01,5.0,2022-07-17,2022
GKO,hergeji01,,2022-07-22,2022
GKO,fostema01,7.0,2022-07-23,2022
GKO,colege01,11.0,2022-07-24,2022
GKO,hatchto01,11.0,2022-07-25,2022
GKO,wrighmi01,11.0,2022-07-26,2022
GKO,hergeji01,5.0,2022-07-27,2022
GKO,fostema01,5.0,2022-07-28,2022
GKO,colege01,5.0,2022-07-29,2022
GKO,hatchto01,5.0,2022-07-30,2022
GKO,wrighmi01,5.0,2022-07-31,2022
GKO,wrighmi01,,2023-03-30,2023
GKO,hatchto01,,2023-03-31,2023
GKO,fostema01,,2023-04-01,2023
GKO,gearrco01,,2023-04-02,2023
GKO,knebeco01,,2023-04-03,2023
GKO,,5.0,2023-04-04,2023
GKO,hatchto01,6.0,2023-04-06,2023
GKO,fostema01,6.0,2023-04-07,2023
GKO,gearrco01,6.0,2023-04-08,2023
GKO,knebeco01,6.0,2023-04-09,2023
GKO,wrighmi01,6.0,2023-04-10,2023
GKO,hatchto01,5.0,2023-04-11,2023
GKO,fostema01,5.0,2023-04-12,2023
GKO,gearrco01,6.0,2023-04-14,2023
GKO,knebeco01,6.0,2023-04-15,2023
GKO,tanakma01,,2023-04-16,2023
GKO,hatchto01,6.0,2023-04-17,2023
GKO,fostema01,6.0,2023-04-18,2023
GKO,gearrco01,5.0,2023-04-19,2023
GKO,knebeco01,5.0,2023-04-20,2023
GKO,tanakma01,5.0,2023-04-21,2023
GKO,hatchto01,5.0,2023-04-22,2023
GKO,fostema01,5.0,2023-04-23,2023
GKO,,5.0,2023-04-24,2023
GKO,knebeco01,5.0,2023-04-25,2023
GKO,,16.0,2023-04-26,2023
GKO,hatchto01,6.0,2023-04-28,2023
GKO,tanakma01,8.0,2023-04-29,2023
GKO,gearrco01,,2023-04-30,2023
GKO,knebeco01,7.0,2023-05-02,2023
GKO,hatchto01,5.0,2023-05-03,2023
GKO,castidi01,,2023-05-04,2023
GKO,hergeji01,,2023-05-05,2023
GKO,gearrco01,6.0,2023-05-06,2023
GKO,knebeco01,5.0,2023-05-07,2023
GKO,hatchto01,5.0,2023-05-08,2023
GKO,castidi01,5.0,2023-05-09,2023
GKO,,5.0,2023-05-10,2023
GKO,gearrco01,6.0,2023-05-12,2023
GKO,knebeco01,6.0,2023-05-13,2023
GKO,hatchto01,6.0,2023-05-14,2023
GKO,castidi01,6.0,2023-05-15,2023
GKO,brighje01,,2023-05-16,2023
GKO,gearrco01,5.0,2023-05-17,2023
GKO,luzarje01,,2023-05-19,2023
GKO,,6.0,2023-05-20,2023
GKO,,6.0,2023-05-21,2023
GKO,brighje01,6.0,2023-05-22,2023
GKO,gearrco01,6.0,2023-05-23,2023
GKO,,5.0,2023-05-24,2023
GKO,hatchto01,5.0,2023-05-25,2023
GKO,castidi01,5.0,2023-05-26,2023
GKO,brighje01,5.0,2023-05-27,2023
GKO,gearrco01,5.0,2023-05-28,2023
GKO,luzarje01,5.0,2023-05-29,2023
GKO,hatchto01,5.0,2023-05-30,2023
GKO,triggan01,,2023-05-31,2023
GKO,,6.0,2023-06-01,2023
GKO,brighje01,,2023-06-02,2023
GKO,gearrco01,6.0,2023-06-03,2023
GKO,hatchto01,5.0,2023-06-04,2023
GKO,triggan01,6.0,2023-06-06,2023
GKO,castidi01,6.0,2023-06-07,2023
GKO,brighje01,6.0,2023-06-08,2023
GKO,gearrco01,6.0,2023-06-09,2023
GKO,hatchto01,6.0,2023-06-10,2023
GKO,triggan01,5.0,2023-06-11,2023
GKO,castidi01,,2023-06-12,2023
GKO,brighje01,5.0,2023-06-13,2023
GKO,gearrco01,5.0,2023-06-14,2023
GKO,hatchto01,,2023-06-15,2023
GKO,triggan01,5.0,2023-06-16,2023
GKO,castidi01,5.0,2023-06-17,2023
GKO,,5.0,2023-06-18,2023
GKO,gearrco01,5.0,2023-06-19,2023
GKO,tanakma01,52.0,2023-06-20,2023
GKO,turneja01,,2023-06-21,2023
GKO,hatchto01,,2023-06-23,2023
GKO,brighje01,,2023-06-24,2023
GKO,gearrco01,6.0,2023-06-25,2023
GKO,castidi01,10.0,2023-06-27,2023
GKO,,5.0,2023-06-28,2023
GKO,brighje01,,2023-06-29,2023
GKO,gearrco01,5.0,2023-06-30,2023
GKO,megilty01,,2023-07-01,2023
GKO,castidi01,,2023-07-02,2023
GKO,hatchto01,6.0,2023-07-04,2023
GKO,brighje01,6.0,2023-07-05,2023
GKO,gearrco01,7.0,2023-07-07,2023
GKO,castidi01,6.0,2023-07-08,2023
GKO,hatchto01,5.0,2023-07-09,2023
GKO,gearrco01,7.0,2023-07-14,2023
GKO,castidi01,7.0,2023-07-15,2023
GKO,brighje01,11.0,2023-07-16,2023
GKO,turneja01,27.0,2023-07-18,2023
GKO,gearrco01,5.0,2023-07-19,2023
GKO,,20.0,2023-07-21,2023
GKO,brighje01,6.0,2023-07-22,2023
GKO,ucetaed01,,2023-07-23,2023
GKO,turneja01,6.0,2023-07-24,2023
GKO,gearrco01,6.0,2023-07-25,2023
GKO,megilty01,5.0,2023-07-26,2023
GKO,hatchto01,19.0,2023-07-28,2023
GKO,fulmemi01,97.0,2023-07-29,2023
GKO,ucetaed01,,2023-07-30,2023
GKO,gearrco01,6.0,2023-07-31,2023
GLO,briesbe01,,2016-04-05,2016
GLO,nunezda01,,2016-04-06,2016
GLO,senzaan01,,2016-04-08,2016
GLO,finnebr01,,2016-04-09,2016
GLO,briesbe01,6.0,2016-04-11,2016
GLO,nunezda01,6.0,2016-04-12,2016
GLO,,,2016-04-13,2016
GLO,senzaan01,6.0,2016-04-14,2016
GLO,finnebr01,6.0,2016-04-15,2016
GLO,briesbe01,5.0,2016-04-16,2016
GLO,nunezda01,5.0,2016-04-17,2016
GLO,jamesjo02,6.0,2016-04-19,2016
GLO,senzaan01,6.0,2016-04-20,2016
GLO,finnebr01,6.0,2016-04-21,2016
GLO,briesbe01,6.0,2016-04-22,2016
GLO,nunezda01,6.0,2016-04-23,2016
GLO,jamesjo02,5.0,2016-04-24,2016
GLO,,5.0,2016-04-25,2016
GLO,finnebr01,5.0,2016-04-26,2016
GLO,briesbe01,,2016-04-27,2016
GLO,nunezda01,,2016-04-28,2016
GLO,carasma01,,2016-04-29,2016
GLO,senzaan01,5.0,2016-04-30,2016
GLO,finnebr01,5.0,2016-05-01,2016
GLO,briesbe01,,2016-05-03,2016
GLO,nunezda01,6.0,2016-05-04,2016
GLO,carasma01,,2016-05-05,2016
GLO,senzaan01,6.0,2016-05-06,2016
GLO,,6.0,2016-05-07,2016
GLO,briesbe01,5.0,2016-05-08,2016
GLO,nunezda01,5.0,2016-05-09,2016
GLO,carasma01,5.0,2016-05-10,2016
GLO,senzaan01,5.0,2016-05-11,2016
GLO,finnebr01,5.0,2016-05-12,2016
GLO,briesbe01,5.0,2016-05-13,2016
GLO,nunezda01,5.0,2016-05-14,2016
GLO,carasma01,5.0,2016-05-15,2016
GLO,senzaan01,5.0,2016-05-16,2016
GLO,,5.0,2016-05-17,2016
GLO,briesbe01,5.0,2016-05-18,2016
GLO,nunezda01,6.0,2016-05-20,2016
GLO,carasma01,6.0,2016-05-21,2016
GLO,senzaan01,6.0,2016-05-22,2016
GLO,finnebr01,6.0,2016-05-23,2016
GLO,briesbe01,6.0,2016-05-24,2016
GLO,nunezda01,5.0,2016-05-25,2016
GLO,carasma01,6.0,2016-05-27,2016
GLO,diazjh01,,2016-05-28,2016
GLO,finnebr01,6.0,2016-05-29,2016
GLO,briesbe01,6.0,2016-05-30,2016
GLO,nunezda01,6.0,2016-05-31,2016
GLO,carasma01,5.0,2016-06-01,2016
GLO,diazjh01,,2016-06-02,2016
GLO,senzaan01,12.0,2016-06-03,2016
GLO,finnebr01,6.0,2016-06-04,2016
GLO,briesbe01,6.0,2016-06-05,2016
GLO,carasma01,5.0,2016-06-06,2016
GLO,diazjh01,5.0,2016-06-07,2016
GLO,senzaan01,5.0,2016-06-08,2016
GLO,finnebr01,6.0,2016-06-10,2016
GLO,briesbe01,6.0,2016-06-11,2016
GLO,carasma01,6.0,2016-06-12,2016
GLO,diazjh01,6.0,2016-06-13,2016
GLO,senzaan01,6.0,2016-06-14,2016
GLO,finnebr01,5.0,2016-06-15,2016
GLO,briesbe01,5.0,2016-06-16,2016
GLO,carasma01,5.0,2016-06-17,2016
GLO,diazjh01,5.0,2016-06-18,2016
GLO,,5.0,2016-06-19,2016
GLO,finnebr01,5.0,2016-06-20,2016
GLO,briesbe01,5.0,2016-06-21,2016
GLO,carasma01,5.0,2016-06-22,2016
GLO,matusbr01,,2016-06-23,2016
GLO,senzaan01,5.0,2016-06-24,2016
GLO,nunezda01,25.0,2016-06-25,2016
GLO,briesbe01,5.0,2016-06-26,2016
GLO,finnebr01,8.0,2016-06-28,2016
GLO,matusbr01,6.0,2016-06-29,2016
GLO,senzaan01,6.0,2016-06-30,2016
GLO,,9.0,2016-07-01,2016
GLO,briesbe01,6.0,2016-07-02,2016
GLO,finnebr01,5.0,2016-07-03,2016
GLO,matusbr01,5.0,2016-07-04,2016
GLO,nunezda01,10.0,2016-07-05,2016
GLO,carasma01,5.0,2016-07-06,2016
GLO,briesbe01,5.0,2016-07-07,2016
GLO,finnebr01,5.0,2016-07-08,2016
GLO,diazjh01,,2016-07-09,2016
GLO,nunezda01,5.0,2016-07-10,2016
GLO,briesbe01,8.0,2016-07-15,2016
GLO,finnebr01,8.0,2016-07-16,2016
GLO,carasma01,11.0,2016-07-17,2016
GLO,diazjh01,9.0,2016-07-18,2016
GLO,nunezda01,9.0,2016-07-19,2016
GLO,briesbe01,5.0,2016-07-20,2016
GLO,finnebr01,5.0,2016-07-21,2016
GLO,carasma01,5.0,2016-07-22,2016
GLO,diazjh01,5.0,2016-07-23,2016
GLO,nunezda01,5.0,2016-07-24,2016
GLO,briesbe01,5.0,2016-07-25,2016
GLO,finnebr01,5.0,2016-07-26,2016
GLO,carasma01,5.0,2016-07-27,2016
GLO,diazjh01,6.0,2016-07-29,2016
GLO,briesbe01,5.0,2016-07-30,2016
GLO,finnebr01,5.0,2016-07-31,2016
GLO,briesbe01,,2017-04-04,2017
GLO,diazjh01,,2017-04-06,2017
GLO,carasma01,,2017-04-07,2017
GLO,senzaan01,,2017-04-08,2017
GLO,matusbr01,,2017-04-09,2017
GLO,briesbe01,6.0,2017-04-10,2017
GLO,diazjh01,5.0,2017-04-11,2017
GLO,,,2017-04-12,2017
GLO,senzaan01,5.0,2017-04-13,2017
GLO,matusbr01,5.0,2017-04-14,2017
GLO,briesbe01,5.0,2017-04-15,2017
GLO,diazjh01,5.0,2017-04-16,2017
GLO,carasma01,6.0,2017-04-18,2017
GLO,senzaan01,6.0,2017-04-19,2017
GLO,matusbr01,6.0,2017-04-20,2017
GLO,briesbe01,6.0,2017-04-21,2017
GLO,diazjh01,6.0,2017-04-22,2017
GLO,carasma01,5.0,2017-04-23,2017
GLO,senzaan01,6.0,2017-04-25,2017
GLO,matusbr01,6.0,2017-04-26,2017
GLO,briesbe01,6.0,2017-04-27,2017
GLO,diazjh01,6.0,2017-04-28,2017
GLO,carasma01,6.0,2017-04-29,2017
GLO,senzaan01,5.0,2017-04-30,2017
GLO,matusbr01,5.0,2017-05-01,2017
GLO,briesbe01,5.0,2017-05-02,2017
GLO,diazjh01,5.0,2017-05-03,2017
GLO,carasma01,6.0,2017-05-05,2017
GLO,senzaan01,6.0,2017-05-06,2017
GLO,matusbr01,6.0,2017-05-07,2017
GLO,briesbe01,7.0,2017-05-09,2017
GLO,diazjh01,7.0,2017-05-10,2017
GLO,carasma01,6.0,2017-05-11,2017
GLO,,6.0,2017-05-12,2017
GLO,matusbr01,6.0,2017-05-13,2017
GLO,briesbe01,5.0,2017-05-14,2017
GLO,diazjh01,6.0,2017-05-16,2017
GLO,carasma01,6.0,2017-05-17,2017
GLO,senzaan01,6.0,2017-05-18,2017
GLO,matusbr01,6.0,2017-05-19,2017
GLO,briesbe01,6.0,2017-05-20,2017
GLO,diazjh01,5.0,2017-05-21,2017
GLO,carasma01,5.0,2017-05-22,2017
GLO,senzaan01,5.0,2017-05-23,2017
GLO,matusbr01,5.0,2017-05-24,2017
GLO,briesbe01,5.0,2017-05-25,2017
GLO,diazjh01,5.0,2017-05-26,2017
GLO,carasma01,5.0,2017-05-27,2017
GLO,ellisch01,,2017-05-27,2017
GLO,senzaan01,5.0,2017-05-28,2017
GLO,matusbr01,5.0,2017-05-29,2017
GLO,briesbe01,5.0,2017-05-30,2017
GLO,diazjh01,5.0,2017-05-31,2017
GLO,carasma01,,2017-06-02,2017
GLO,senzaan01,6.0,2017-06-03,2017
GLO,briesbe01,5.0,2017-06-04,2017
GLO,matusbr01,8.0,2017-06-06,2017
GLO,ellisch01,11.0,2017-06-07,2017
GLO,carasma01,6.0,2017-06-08,2017
GLO,senzaan01,6.0,2017-06-09,2017
GLO,briesbe01,6.0,2017-06-10,2017
GLO,matusbr01,5.0,2017-06-11,2017
GLO,ellisch01,6.0,2017-06-13,2017
GLO,senzaan01,5.0,2017-06-14,2017
GLO,briesbe01,5.0,2017-06-15,2017
GLO,matusbr01,5.0,2017-06-16,2017
GLO,carasma01,9.0,2017-06-17,2017
GLO,ellisch01,5.0,2017-06-18,2017
GLO,nunezda01,,2017-06-19,2017
GLO,senzaan01,6.0,2017-06-20,2017
GLO,briesbe01,6.0,2017-06-21,2017
GLO,matusbr01,6.0,2017-06-22,2017
GLO,carasma01,6.0,2017-06-23,2017
GLO,nunezda01,5.0,2017-06-24,2017
GLO,senzaan01,5.0,2017-06-25,2017
GLO,briesbe01,6.0,2017-06-27,2017
GLO,matusbr01,,2017-06-28,2017
GLO,carasma01,6.0,2017-06-29,2017
GLO,senzaan01,6.0,2017-07-01,2017
GLO,nunezda01,7.0,2017-07-01,2017
GLO,briesbe01,5.0,2017-07-02,2017
GLO,carasma01,5.0,2017-07-04,2017
GLO,matusbr01,7.0,2017-07-05,2017
GLO,nunezda01,5.0,2017-07-06,2017
GLO,senzaan01,6.0,2017-07-07,2017
GLO,briesbe01,6.0,2017-07-08,2017
GLO,carasma01,5.0,2017-07-09,2017
GLO,briesbe01,6.0,2017-07-14,2017
GLO,carasma01,6.0,2017-07-15,2017
GLO,,10.0,2017-07-16,2017
GLO,senzaan01,10.0,2017-07-17,2017
GLO,diazjh01,48.0,2017-07-18,2017
GLO,briesbe01,5.0,2017-07-19,2017
GLO,carasma01,5.0,2017-07-20,2017
GLO,nunezda01,5.0,2017-07-21,2017
GLO,senzaan01,5.0,2017-07-22,2017
GLO,,5.0,2017-07-23,2017
GLO,briesbe01,5.0,2017-07-24,2017
GLO,carasma01,5.0,2017-07-25,2017
GLO,nunezda01,5.0,2017-07-26,2017
GLO,senzaan01,6.0,2017-07-28,2017
GLO,diazjh01,6.0,2017-07-29,2017
GLO,briesbe01,6.0,2017-07-30,2017
GLO,carasma01,6.0,2017-07-31,2017
GLO,senzaan01,,2018-03-30,2018
GLO,carasma01,,2018-04-01,2018
GLO,galleza01,,2018-04-01,2018
GLO,lodolni01,,2018-04-02,2018
GLO,diazjh01,,2018-04-03,2018
GLO,senzaan01,6.0,2018-04-05,2018
GLO,carasma01,6.0,2018-04-07,2018
GLO,henryto01,,2018-04-08,2018
GLO,lodolni01,7.0,2018-04-09,2018
GLO,diazjh01,7.0,2018-04-10,2018
GLO,senzaan01,6.0,2018-04-11,2018
GLO,carasma01,5.0,2018-04-12,2018
GLO,,5.0,2018-04-13,2018
GLO,lodolni01,8.0,2018-04-17,2018
GLO,diazjh01,8.0,2018-04-18,2018
GLO,senzaan01,,2018-04-19,2018
GLO,carasma01,8.0,2018-04-20,2018
GLO,matusbr01,,2018-04-20,2018
GLO,henryto01,8.0,2018-04-21,2018
GLO,lodolni01,5.0,2018-04-22,2018
GLO,senzaan01,6.0,2018-04-25,2018
GLO,diazjh01,7.0,2018-04-25,2018
GLO,carasma01,6.0,2018-04-26,2018
GLO,henryto01,6.0,2018-04-27,2018
GLO,lodolni01,6.0,2018-04-28,2018
GLO,matusbr01,9.0,2018-04-29,2018
GLO,senzaan01,5.0,2018-04-30,2018
GLO,,,2018-05-01,2018
GLO,carasma01,6.0,2018-05-02,2018
GLO,henryto01,6.0,2018-05-03,2018
GLO,lodolni01,6.0,2018-05-04,2018
GLO,senzaan01,5.0,2018-05-05,2018
GLO,diazjh01,5.0,2018-05-06,2018
GLO,carasma01,5.0,2018-05-07,2018
GLO,henryto01,5.0,2018-05-08,2018
GLO,lodolni01,5.0,2018-05-09,2018
GLO,diazjh01,6.0,2018-05-12,2018
GLO,carasma01,5.0,2018-05-12,2018
GLO,stoudle01,,2018-05-13,2018
GLO,henryto01,6.0,2018-05-14,2018
GLO,lodolni01,6.0,2018-05-15,2018
GLO,galleza01,45.0,2018-05-16,2018
GLO,diazjh01,5.0,2018-05-17,2018
GLO,carasma01,,2018-05-18,2018
GLO,henryto01,5.0,2018-05-19,2018
GLO,lodolni01,5.0,2018-05-20,2018
GLO,stoudle01,8.0,2018-05-21,2018
GLO,diazjh01,5.0,2018-05-22,2018
GLO,carasma01,5.0,2018-05-23,2018
GLO,henryto01,6.0,2018-05-25,2018
GLO,lodolni01,6.0,2018-05-26,2018
GLO,stoudle01,6.0,2018-05-27,2018
GLO,diazjh01,6.0,2018-05-28,2018
GLO,carasma01,6.0,2018-05-29,2018
GLO,henryto01,5.0,2018-05-30,2018
GLO,galleza01,15.0,2018-05-31,2018
GLO,stoudle01,5.0,2018-06-01,2018
GLO,diazjh01,5.0,2018-06-02,2018
GLO,carasma01,5.0,2018-06-03,2018
GLO,,,2018-06-04,2018
GLO,henryto01,5.0,2018-06-04,2018
GLO,durapmo01,,2018-06-05,2018
GLO,stoudle01,5.0,2018-06-06,2018
GLO,diazjh01,5.0,2018-06-07,2018
GLO,carasma01,5.0,2018-06-08,2018
GLO,henryto01,5.0,2018-06-09,2018
GLO,durapmo01,5.0,2018-06-10,2018
GLO,stoudle01,6.0,2018-06-12,2018
GLO,diazjh01,6.0,2018-06-13,2018
GLO,carasma01,6.0,2018-06-14,2018
GLO,henryto01,,2018-06-15,2018
GLO,senzaan01,42.0,2018-06-16,2018
GLO,stoudle01,5.0,2018-06-17,2018
GLO,diazjh01,6.0,2018-06-19,2018
GLO,carasma01,6.0,2018-06-20,2018
GLO,henryto01,7.0,2018-06-22,2018
GLO,lodolni01,28.0,2018-06-23,2018
GLO,diazjh01,5.0,2018-06-24,2018
GLO,senzaan01,9.0,2018-06-25,2018
GLO,stoudle01,9.0,2018-06-26,2018
GLO,henryto01,5.0,2018-06-27,2018
GLO,carasma01,8.0,2018-06-28,2018
GLO,lodolni01,6.0,2018-06-29,2018
GLO,diazjh01,6.0,2018-06-30,2018
GLO,senzaan01,,2018-07-01,2018
GLO,henryto01,5.0,2018-07-02,2018
GLO,carasma01,5.0,2018-07-03,2018
GLO,lodolni01,5.0,2018-07-04,2018
GLO,diazjh01,5.0,2018-07-05,2018
GLO,senzaan01,5.0,2018-07-06,2018
GLO,henryto01,5.0,2018-07-07,2018
GLO,carasma01,5.0,2018-07-08,2018
GLO,lodolni01,5.0,2018-07-09,2018
GLO,diazjh01,5.0,2018-07-10,2018
GLO,,5.0,2018-07-11,2018
GLO,henryto01,6.0,2018-07-13,2018
GLO,carasma01,6.0,2018-07-14,2018
GLO,lodolni01,6.0,2018-07-15,2018
GLO,diazjh01,10.0,2018-07-20,2018
GLO,henryto01,8.0,2018-07-21,2018
GLO,stoudle01,26.0,2018-07-22,2018
GLO,lodolni01,8.0,2018-07-23,2018
GLO,senzaan01,13.0,2018-07-24,2018
GLO,diazjh01,5.0,2018-07-25,2018
GLO,henryto01,6.0,2018-07-27,2018
GLO,stoudle01,6.0,2018-07-28,2018
GLO,senzaan01,5.0,2018-07-29,2018
GLO,diazjh01,6.0,2018-07-31,2018
GLO,senzaan01,,2019-03-28,2019
GLO,diazjh01,,2019-03-29,2019
GLO,cainma01,,2019-03-30,2019
GLO,,,2019-03-31,2019
GLO,burrobe01,,2019-04-01,2019
GLO,senzaan01,5.0,2019-04-02,2019
GLO,diazjh01,5.0,2019-04-03,2019
GLO,cainma01,5.0,2019-04-04,2019
GLO,garzaju01,6.0,2019-04-06,2019
GLO,burrobe01,6.0,2019-04-07,2019
GLO,senzaan01,7.0,2019-04-09,2019
GLO,diazjh01,7.0,2019-04-10,2019
GLO,cainma01,7.0,2019-04-11,2019
GLO,burrobe01,6.0,2019-04-13,2019
GLO,senzaan01,5.0,2019-04-14,2019
GLO,diazjh01,6.0,2019-04-16,2019
GLO,cainma01,6.0,2019-04-17,2019
GLO,burrobe01,5.0,2019-04-18,2019
GLO,senzaan01,5.0,2019-04-19,2019
GLO,matusbr01,,2019-04-21,2019
GLO,diazjh01,7.0,2019-04-23,2019
GLO,cainma01,6.0,2019-04-23,2019
GLO,burrobe01,6.0,2019-04-24,2019
GLO,senzaan01,6.0,2019-04-25,2019
GLO,matusbr01,5.0,2019-04-26,2019
GLO,diazjh01,5.0,2019-04-28,2019
GLO,,,2019-04-30,2019
GLO,matusbr01,5.0,2019-05-01,2019
GLO,diazjh01,5.0,2019-05-03,2019
GLO,burrobe01,10.0,2019-05-04,2019
GLO,cainma01,5.0,2019-05-05,2019
GLO,matusbr01,6.0,2019-05-07,2019
GLO,diazjh01,5.0,2019-05-08,2019
GLO,galleza01,,2019-05-09,2019
GLO,burrobe01,6.0,2019-05-10,2019
GLO,whalero01,,2019-05-11,2019
GLO,cainma01,6.0,2019-05-11,2019
GLO,matusbr01,5.0,2019-05-12,2019
GLO,diazjh01,5.0,2019-05-13,2019
GLO,galleza01,,2019-05-14,2019
GLO,whalero01,4.0,2019-05-15,2019
GLO,cainma01,5.0,2019-05-16,2019
GLO,matusbr01,5.0,2019-05-17,2019
GLO,diazjh01,5.0,2019-05-18,2019
GLO,whalero01,4.0,2019-05-19,2019
GLO,cainma01,5.0,2019-05-21,2019
GLO,matusbr01,5.0,2019-05-22,2019
GLO,diazjh01,5.0,2019-05-23,2019
GLO,whalero01,5.0,2019-05-24,2019
GLO,galleza01,11.0,2019-05-25,2019
GLO,cainma01,5.0,2019-05-26,2019
GLO,,5.0,2019-05-27,2019
GLO,diazjh01,5.0,2019-05-28,2019
GLO,galleza01,4.0,2019-05-29,2019
GLO,cainma01,5.0,2019-05-31,2019
GLO,matusbr01,5.0,2019-06-01,2019
GLO,diazjh01,5.0,2019-06-02,2019
GLO,galleza01,6.0,2019-06-04,2019
GLO,cainma01,5.0,2019-06-05,2019
GLO,matusbr01,5.0,2019-06-06,2019
GLO,diazjh01,5.0,2019-06-07,2019
GLO,ellisch01,,2019-06-08,2019
GLO,galleza01,5.0,2019-06-09,2019
GLO,cainma01,6.0,2019-06-11,2019
GLO,matusbr01,6.0,2019-06-12,2019
GLO,diazjh01,6.0,2019-06-13,2019
GLO,galleza01,5.0,2019-06-14,2019
GLO,whalero01,22.0,2019-06-15,2019
GLO,cainma01,5.0,2019-06-16,2019
GLO,matusbr01,6.0,2019-06-18,2019
GLO,senzaan01,55.0,2019-06-19,2019
GLO,diazjh01,8.0,2019-06-21,2019
GLO,cainma01,6.0,2019-06-22,2019
GLO,matusbr01,5.0,2019-06-23,2019
GLO,senzaan01,6.0,2019-06-25,2019
GLO,diazjh01,5.0,2019-06-26,2019
GLO,cainma01,5.0,2019-06-27,2019
GLO,matusbr01,5.0,2019-06-28,2019
GLO,whalero01,14.0,2019-06-29,2019
GLO,senzaan01,5.0,2019-06-30,2019
GLO,matusbr01,5.0,2019-07-03,2019
GLO,butleed01,,2019-07-03,2019
GLO,diazjh01,8.0,2019-07-04,2019
GLO,galleza01,21.0,2019-07-05,2019
GLO,senzaan01,,2019-07-06,2019
GLO,whalero01,8.0,2019-07-07,2019
GLO,cainma01,15.0,2019-07-12,2019
GLO,diazjh01,9.0,2019-07-13,2019
GLO,senzaan01,8.0,2019-07-14,2019
GLO,matusbr01,12.0,2019-07-15,2019
GLO,galleza01,11.0,2019-07-16,2019
GLO,cainma01,5.0,2019-07-17,2019
GLO,diazjh01,5.0,2019-07-18,2019
GLO,senzaan01,5.0,2019-07-19,2019
GLO,matusbr01,5.0,2019-07-20,2019
GLO,butleed01,,2019-07-21,2019
GLO,diazjh01,5.0,2019-07-23,2019
GLO,senzaan01,5.0,2019-07-24,2019
GLO,seaboco01,,2019-07-25,2019
GLO,,6.0,2019-07-26,2019
GLO,butleed01,6.0,2019-07-27,2019
GLO,diazjh01,5.0,2019-07-28,2019
GLO,senzaan01,5.0,2019-07-29,2019
GLO,,5.0,2019-07-30,2019
GLO,matusbr01,5.0,2019-07-31,2019
GLO,diazjh01,,2021-04-01,2021
GLO,scottch01,,2021-04-03,2021
GLO,sborzjo01,,2021-04-04,2021
GLO,fostema01,,2021-04-05,2021
GLO,nelsoji02,,2021-04-06,2021
GLO,diazjh01,6.0,2021-04-07,2021
GLO,holmegr01,,2021-04-09,2021
GLO,sborzjo01,6.0,2021-04-10,2021
GLO,fostema01,6.0,2021-04-11,2021
GLO,nelsoji02,6.0,2021-04-12,2021
GLO,diazjh01,6.0,2021-04-13,2021
GLO,carasma01,,2021-04-14,2021
GLO,sborzjo01,5.0,2021-04-15,2021
GLO,fostema01,5.0,2021-04-16,2021
GLO,nelsoji02,,2021-04-17,2021
GLO,diazjh01,,2021-04-18,2021
GLO,cainma01,,2021-04-21,2021
GLO,carasma01,7.0,2021-04-21,2021
GLO,fostema01,6.0,2021-04-22,2021
GLO,nelsoji02,6.0,2021-04-23,2021
GLO,diazjh01,6.0,2021-04-24,2021
GLO,carasma01,4.0,2021-04-25,2021
GLO,cainma01,,2021-04-26,2021
GLO,fostema01,5.0,2021-04-27,2021
GLO,diazjh01,5.0,2021-04-29,2021
GLO,nelsoji02,6.0,2021-04-29,2021
GLO,sborzjo01,15.0,2021-04-30,2021
GLO,cainma01,5.0,2021-05-01,2021
GLO,fostema01,5.0,2021-05-02,2021
GLO,carasma01,9.0,2021-05-04,2021
GLO,nelsoji02,6.0,2021-05-05,2021
GLO,cainma01,5.0,2021-05-06,2021
GLO,sborzjo01,7.0,2021-05-07,2021
GLO,fostema01,6.0,2021-05-08,2021
GLO,diazjh01,12.0,2021-05-11,2021
GLO,nelsoji02,7.0,2021-05-12,2021
GLO,cainma01,7.0,2021-05-13,2021
GLO,sborzjo01,7.0,2021-05-14,2021
GLO,fostema01,7.0,2021-05-15,2021
GLO,diazjh01,5.0,2021-05-16,2021
GLO,nelsoji02,5.0,2021-05-17,2021
GLO,cainma01,5.0,2021-05-18,2021
GLO,sborzjo01,5.0,2021-05-19,2021
GLO,fostema01,6.0,2021-05-21,2021
GLO,diazjh01,6.0,2021-05-22,2021
GLO,nelsoji02,6.0,2021-05-23,2021
GLO,,6.0,2021-05-24,2021
GLO,sborzjo01,6.0,2021-05-25,2021
GLO,fostema01,5.0,2021-05-26,2021
GLO,diazjh01,5.0,2021-05-27,2021
GLO,nelsoji02,5.0,2021-05-28,2021
GLO,cainma01,5.0,2021-05-29,2021
GLO,sborzjo01,5.0,2021-05-30,2021
GLO,butleed01,,2021-05-31,2021
GLO,diazjh01,5.0,2021-06-01,2021
GLO,nelsoji02,6.0,2021-06-03,2021
GLO,cainma01,6.0,2021-06-04,2021
GLO,sborzjo01,6.0,2021-06-05,2021
GLO,fostema01,11.0,2021-06-06,2021
GLO,diazjh01,7.0,2021-06-08,2021
GLO,nelsoji02,,2021-06-09,2021
GLO,butleed01,,2021-06-10,2021
GLO,sborzjo01,6.0,2021-06-11,2021
GLO,fostema01,6.0,2021-06-12,2021
GLO,whitebr01,,2021-06-13,2021
GLO,diazjh01,6.0,2021-06-14,2021
GLO,nelsoji02,6.0,2021-06-15,2021
GLO,sborzjo01,5.0,2021-06-16,2021
GLO,lauerer01,,2021-06-17,2021
GLO,fostema01,6.0,2021-06-18,2021
GLO,overtco01,,2021-06-19,2021
GLO,nelsoji02,,2021-06-20,2021
GLO,sborzjo01,6.0,2021-06-22,2021
GLO,lauerer01,6.0,2021-06-23,2021
GLO,fostema01,6.0,2021-06-24,2021
GLO,nelsoji02,6.0,2021-06-26,2021
GLO,overtco01,7.0,2021-06-26,2021
GLO,sborzjo01,5.0,2021-06-27,2021
GLO,lauerer01,,2021-06-28,2021
GLO,fostema01,,2021-06-30,2021
GLO,overtco01,4.0,2021-06-30,2021
GLO,nelsoji02,6.0,2021-07-02,2021
GLO,sborzjo01,6.0,2021-07-03,2021
GLO,lauerer01,6.0,2021-07-04,2021
GLO,overtco01,5.0,2021-07-05,2021
GLO,fostema01,6.0,2021-07-06,2021
GLO,nelsoji02,5.0,2021-07-07,2021
GLO,sborzjo01,5.0,2021-07-08,2021
GLO,lauerer01,5.0,2021-07-09,2021
GLO,whitebr01,27.0,2021-07-10,2021
GLO,overtco01,6.0,2021-07-11,2021
GLO,fostema01,11.0,2021-07-17,2021
GLO,butleed01,37.0,2021-07-17,2021
GLO,overtco01,7.0,2021-07-18,2021
GLO,nelsoji02,12.0,2021-07-19,2021
GLO,sborzjo01,12.0,2021-07-20,2021
GLO,lauerer01,12.0,2021-07-21,2021
GLO,butleed01,5.0,2021-07-22,2021
GLO,overtco01,5.0,2021-07-23,2021
GLO,nelsoji02,,2021-07-24,2021
GLO,sborzjo01,5.0,2021-07-25,2021
GLO,,5.0,2021-07-26,2021
GLO,butleed01,5.0,2021-07-27,2021
GLO,overtco01,5.0,2021-07-28,2021
GLO,nelsoji02,5.0,2021-07-29,2021
GLO,sborzjo01,5.0,2021-07-30,2021
GLO,lauerer01,5.0,2021-07-31,2021
GLO,adamsch01,,2022-04-08,2022
GLO,nelsoji02,,2022-04-09,2022
GLO,sborzjo01,,2022-04-10,2022
GLO,lauerer01,,2022-04-11,2022
GLO,butleed01,,2022-04-12,2022
GLO,adamsch01,5.0,2022-04-13,2022
GLO,nelsoji02,5.0,2022-04-14,2022
GLO,sborzjo01,5.0,2022-04-15,2022
GLO,lauerer01,5.0,2022-04-16,2022
GLO,butleed01,7.0,2022-04-19,2022
GLO,adamsch01,,2022-04-20,2022
GLO,maldoan01,,2022-04-21,2022
GLO,sborzjo01,8.0,2022-04-23,2022
GLO,lockewa01,,2022-04-23,2022
GLO,butleed01,5.0,2022-04-24,2022
GLO,adamsch01,6.0,2022-04-26,2022
GLO,maldoan01,6.0,2022-04-27,2022
GLO,sborzjo01,,2022-04-28,2022
GLO,butleed01,5.0,2022-04-29,2022
GLO,lockewa01,7.0,2022-04-30,2022
GLO,,5.0,2022-05-01,2022
GLO,lackejo01,,2022-05-04,2022
GLO,maldoan01,7.0,2022-05-04,2022
GLO,sborzjo01,7.0,2022-05-05,2022
GLO,lockewa01,,2022-05-06,2022
GLO,adamsch01,6.0,2022-05-07,2022
GLO,overtco01,,2022-05-08,2022
GLO,maldoan01,5.0,2022-05-09,2022
GLO,alvarjo02,6.0,2022-05-10,2022
GLO,lackejo01,6.0,2022-05-10,2022
GLO,kirbyge01,,2022-05-11,2022
GLO,lockewa01,6.0,2022-05-12,2022
GLO,adamsch01,6.0,2022-05-13,2022
GLO,maldoan01,5.0,2022-05-14,2022
GLO,sborzjo01,5.0,2022-05-15,2022
GLO,lackejo01,6.0,2022-05-16,2022
GLO,lockewa01,5.0,2022-05-17,2022
GLO,adamsch01,5.0,2022-05-18,2022
GLO,sborzjo01,5.0,2022-05-20,2022
GLO,lackejo01,6.0,2022-05-22,2022
GLO,bettich01,,2022-05-23,2022
GLO,lockewa01,7.0,2022-05-24,2022
GLO,ponceda01,,2022-05-25,2022
GLO,sborzjo01,6.0,2022-05-26,2022
GLO,lackejo01,6.0,2022-05-28,2022
GLO,bettich01,6.0,2022-05-29,2022
GLO,lockewa01,6.0,2022-05-30,2022
GLO,ponceda01,,2022-05-31,2022
GLO,kirbyge01,20.0,2022-05-31,2022
GLO,sborzjo01,6.0,2022-06-01,2022
GLO,lackejo01,5.0,2022-06-02,2022
GLO,bettich01,5.0,2022-06-03,2022
GLO,,5.0,2022-06-04,2022
GLO,ponceda01,5.0,2022-06-05,2022
GLO,sborzjo01,6.0,2022-06-07,2022
GLO,lackejo01,6.0,2022-06-08,2022
GLO,bettich01,7.0,2022-06-10,2022
GLO,lockewa01,7.0,2022-06-11,2022
GLO,sborzjo01,5.0,2022-06-12,2022
GLO,ponceda01,8.0,2022-06-13,2022
GLO,aquinja01,,2022-06-14,2022
GLO,lackejo01,7.0,2022-06-15,2022
GLO,lockewa01,5.0,2022-06-16,2022
GLO,sborzjo01,5.0,2022-06-17,2022
GLO,ponceda01,5.0,2022-06-18,2022
GLO,aquinja01,5.0,2022-06-19,2022
GLO,lackejo01,5.0,2022-06-20,2022
GLO,lockewa01,5.0,2022-06-21,2022
GLO,sborzjo01,5.0,2022-06-22,2022
GLO,ponceda01,6.0,2022-06-24,2022
GLO,lackejo01,5.0,2022-06-25,2022
GLO,lockewa01,5.0,2022-06-26,2022
GLO,sborzjo01,6.0,2022-06-28,2022
GLO,ponceda01,5.0,2022-06-29,2022
GLO,maldoan01,48.0,2022-07-01,2022
GLO,lockewa01,6.0,2022-07-02,2022
GLO,sborzjo01,5.0,2022-07-03,2022
GLO,armenro01,,2022-07-04,2022
GLO,lackejo01,9.0,2022-07-04,2022
GLO,aquinja01,16.0,2022-07-05,2022
GLO,maldoan01,5.0,2022-07-06,2022
GLO,lockewa01,5.0,2022-07-07,2022
GLO,sborzjo01,5.0,2022-07-08,2022
GLO,armenro01,5.0,2022-07-09,2022
GLO,aquinja01,5.0,2022-07-10,2022
GLO,maldoan01,5.0,2022-07-11,2022
GLO,lackejo01,7.0,2022-07-11,2022
GLO,lockewa01,5.0,2022-07-12,2022
GLO,sborzjo01,5.0,2022-07-13,2022
GLO,bettich01,34.0,2022-07-14,2022
GLO,aquinja01,5.0,2022-07-15,2022
GLO,maldoan01,5.0,2022-07-16,2022
GLO,armenro01,12.0,2022-07-21,2022
GLO,sborzjo01,8.0,2022-07-21,2022
GLO,maldoan01,7.0,2022-07-23,2022
GLO,ponceda01,25.0,2022-07-24,2022
GLO,aquinja01,10.0,2022-07-25,2022
GLO,armenro01,,2022-07-26,2022
GLO,sborzjo01,6.0,2022-07-27,2022
GLO,butleed01,90.0,2022-07-28,2022
GLO,romerfe01,,2022-07-29,2022
GLO,aquinja01,5.0,2022-07-30,2022
GLO,armenro01,5.0,2022-07-31,2022
GLO,adamsch01,,2023-03-30,2023
GLO,cainma01,,2023-04-01,2023
GLO,,,2023-04-02,2023
GLO,diazjh01,,2023-04-03,2023
GLO,lauerer01,,2023-04-04,2023
GLO,adamsch01,6.0,2023-04-05,2023
GLO,cainma01,5.0,2023-04-06,2023
GLO,,6.0,2023-04-08,2023
GLO,diazjh01,6.0,2023-04-09,2023
GLO,lauerer01,7.0,2023-04-11,2023
GLO,adamsch01,7.0,2023-04-12,2023
GLO,cainma01,,2023-04-13,2023
GLO,kirbyge01,6.0,2023-04-14,2023
GLO,searsjp01,,2023-04-15,2023
GLO,adamsch01,6.0,2023-04-18,2023
GLO,diazjh01,9.0,2023-04-18,2023
GLO,cainma01,,2023-04-19,2023
GLO,searsjp01,6.0,2023-04-21,2023
GLO,kirbyge01,8.0,2023-04-22,2023
GLO,adamsch01,5.0,2023-04-23,2023
GLO,diazjh01,,2023-04-24,2023
GLO,cainma01,6.0,2023-04-25,2023
GLO,searsjp01,5.0,2023-04-26,2023
GLO,kirbyge01,5.0,2023-04-27,2023
GLO,adamsch01,6.0,2023-04-29,2023
GLO,diazjh01,5.0,2023-04-29,2023
GLO,cainma01,5.0,2023-04-30,2023
GLO,kirbyge01,6.0,2023-05-03,2023
GLO,searsjp01,7.0,2023-05-03,2023
GLO,adamsch01,5.0,2023-05-04,2023
GLO,diazjh01,6.0,2023-05-05,2023
GLO,cainma01,,2023-05-06,2023
GLO,lackejo01,,2023-05-07,2023
GLO,kirbyge01,5.0,2023-05-08,2023
GLO,searsjp01,6.0,2023-05-09,2023
GLO,adamsch01,6.0,2023-05-10,2023
GLO,diazjh01,7.0,2023-05-12,2023
GLO,lackejo01,6.0,2023-05-13,2023
GLO,kirbyge01,6.0,2023-05-14,2023
GLO,searsjp01,7.0,2023-05-16,2023
GLO,,7.0,2023-05-17,2023
GLO,diazjh01,7.0,2023-05-19,2023
GLO,lackejo01,7.0,2023-05-20,2023
GLO,kirbyge01,7.0,2023-05-21,2023
GLO,searsjp01,6.0,2023-05-22,2023
GLO,adamsch01,6.0,2023-05-23,2023
GLO,diazjh01,5.0,2023-05-24,2023
GLO,lackejo01,5.0,2023-05-25,2023
GLO,kirbyge01,5.0,2023-05-26,2023
GLO,searsjp01,5.0,2023-05-27,2023
GLO,,5.0,2023-05-28,2023
GLO,diazjh01,5.0,2023-05-29,2023
GLO,lackejo01,5.0,2023-05-30,2023
GLO,kirbyge01,5.0,2023-05-31,2023
GLO,ortizlu02,,2023-06-02,2023
GLO,searsjp01,7.0,2023-06-03,2023
GLO,diazjh01,6.0,2023-06-04,2023
GLO,kirbyge01,5.0,2023-06-05,2023
GLO,butleed01,,2023-06-06,2023
GLO,smithdr01,,2023-06-08,2023
GLO,searsjp01,6.0,2023-06-09,2023
GLO,diazjh01,6.0,2023-06-10,2023
GLO,wielajo01,,2023-06-11,2023
GLO,straida01,,2023-06-12,2023
GLO,searsjp01,5.0,2023-06-14,2023
GLO,ortizlu02,12.0,2023-06-14,2023
GLO,diazjh01,5.0,2023-06-15,2023
GLO,wielajo01,5.0,2023-06-16,2023
GLO,kirbyge01,12.0,2023-06-17,2023
GLO,wielajo01,2.0,2023-06-18,2023
GLO,ortizlu02,5.0,2023-06-19,2023
GLO,searsjp01,6.0,2023-06-20,2023
GLO,diazjh01,6.0,2023-06-21,2023
GLO,kirbyge01,6.0,2023-06-23,2023
GLO,ortizlu02,5.0,2023-06-24,2023
GLO,searsjp01,5.0,2023-06-25,2023
GLO,diazjh01,5.0,2023-06-26,2023
GLO,,77.0,2023-06-27,2023
GLO,kirbyge01,5.0,2023-06-28,2023
GLO,ortizlu02,5.0,2023-06-29,2023
GLO,,5.0,2023-06-30,2023
GLO,porceri01,,2023-07-01,2023
GLO,lauerer01,,2023-07-02,2023
GLO,sborzjo01,,2023-07-04,2023
GLO,adamsch01,38.0,2023-07-05,2023
GLO,searsjp01,6.0,2023-07-06,2023
GLO,lackejo01,38.0,2023-07-07,2023
GLO,lauerer01,6.0,2023-07-08,2023
GLO,sborzjo01,5.0,2023-07-09,2023
GLO,adamsch01,9.0,2023-07-14,2023
GLO,searsjp01,9.0,2023-07-15,2023
GLO,ortizlu02,17.0,2023-07-16,2023
GLO,lauerer01,9.0,2023-07-17,2023
GLO,sborzjo01,9.0,2023-07-18,2023
GLO,adamsch01,5.0,2023-07-19,2023
GLO,searsjp01,5.0,2023-07-20,2023
GLO,ortizlu02,5.0,2023-07-21,2023
GLO,lauerer01,5.0,2023-07-22,2023
GLO,,16.0,2023-07-23,2023
GLO,sborzjo01,6.0,2023-07-24,2023
GLO,adamsch01,6.0,2023-07-25,2023
GLO,lauerer01,,2023-07-27,2023
GLO,searsjp01,7.0,2023-07-27,2023
GLO,ortizlu02,7.0,2023-07-28,2023
GLO,lockewa01,,2023-07-29,2023
GLO,sborzjo01,6.0,2023-07-30,2023
GUT,hugheph01,,2016-04-05,2016
GUT,strahma01,,2016-04-06,2016
GUT,,,2016-04-07,2016
GUT,iwakuhi01,,2016-04-10,2016
GUT,birdsha01,,2016-04-11,2016
GUT,,6.0,2016-04-12,2016
GUT,blackma01,6.0,2016-04-13,2016
GUT,hugheph01,10.0,2016-04-15,2016
GUT,iwakuhi01,6.0,2016-04-16,2016
GUT,birdsha01,6.0,2016-04-17,2016
GUT,strahma01,6.0,2016-04-18,2016
GUT,blackma01,6.0,2016-04-19,2016
GUT,hugheph01,5.0,2016-04-20,2016
GUT,iwakuhi01,5.0,2016-04-21,2016
GUT,birdsha01,5.0,2016-04-22,2016
GUT,strahma01,5.0,2016-04-23,2016
GUT,blackma01,5.0,2016-04-24,2016
GUT,,5.0,2016-04-25,2016
GUT,iwakuhi01,5.0,2016-04-26,2016
GUT,crochga01,,2016-04-27,2016
GUT,strahma01,5.0,2016-04-28,2016
GUT,blackma01,,2016-04-29,2016
GUT,hugheph01,5.0,2016-04-30,2016
GUT,iwakuhi01,5.0,2016-05-01,2016
GUT,crochga01,6.0,2016-05-03,2016
GUT,strahma01,6.0,2016-05-04,2016
GUT,blackma01,6.0,2016-05-05,2016
GUT,hugheph01,6.0,2016-05-06,2016
GUT,iwakuhi01,6.0,2016-05-07,2016
GUT,crochga01,5.0,2016-05-08,2016
GUT,strahma01,5.0,2016-05-09,2016
GUT,blackma01,5.0,2016-05-10,2016
GUT,hugheph01,5.0,2016-05-11,2016
GUT,iwakuhi01,6.0,2016-05-13,2016
GUT,crochga01,6.0,2016-05-14,2016
GUT,blalobr01,,2016-05-14,2016
GUT,strahma01,,2016-05-15,2016
GUT,blackma01,6.0,2016-05-16,2016
GUT,hugheph01,6.0,2016-05-17,2016
GUT,iwakuhi01,5.0,2016-05-18,2016
GUT,crochga01,,2016-05-20,2016
GUT,strahma01,6.0,2016-05-21,2016
GUT,blackma01,6.0,2016-05-22,2016
GUT,hugheph01,6.0,2016-05-23,2016
GUT,iwakuhi01,6.0,2016-05-24,2016
GUT,crochga01,5.0,2016-05-25,2016
GUT,strahma01,5.0,2016-05-26,2016
GUT,blackma01,5.0,2016-05-27,2016
GUT,hugheph01,5.0,2016-05-28,2016
GUT,iwakuhi01,5.0,2016-05-29,2016
GUT,crochga01,5.0,2016-05-30,2016
GUT,strahma01,5.0,2016-05-31,2016
GUT,blackma01,5.0,2016-06-01,2016
GUT,hugheph01,5.0,2016-06-02,2016
GUT,iwakuhi01,5.0,2016-06-03,2016
GUT,crochga01,,2016-06-04,2016
GUT,strahma01,5.0,2016-06-05,2016
GUT,blackma01,6.0,2016-06-07,2016
GUT,hugheph01,6.0,2016-06-08,2016
GUT,iwakuhi01,6.0,2016-06-09,2016
GUT,crochga01,6.0,2016-06-10,2016
GUT,strahma01,6.0,2016-06-11,2016
GUT,blackma01,5.0,2016-06-12,2016
GUT,hugheph01,5.0,2016-06-13,2016
GUT,iwakuhi01,5.0,2016-06-14,2016
GUT,crochga01,5.0,2016-06-15,2016
GUT,blackma01,5.0,2016-06-17,2016
GUT,hugheph01,5.0,2016-06-18,2016
GUT,iwakuhi01,5.0,2016-06-19,2016
GUT,alvarjo03,,2016-06-20,2016
GUT,strahma01,10.0,2016-06-21,2016
GUT,blackma01,5.0,2016-06-22,2016
GUT,hugheph01,5.0,2016-06-23,2016
GUT,iwakuhi01,5.0,2016-06-24,2016
GUT,alvarjo03,5.0,2016-06-25,2016
GUT,strahma01,5.0,2016-06-26,2016
GUT,blackma01,6.0,2016-06-28,2016
GUT,iwakuhi01,5.0,2016-06-29,2016
GUT,hugheph01,7.0,2016-06-30,2016
GUT,crochga01,16.0,2016-07-01,2016
GUT,strahma01,6.0,2016-07-02,2016
GUT,blackma01,5.0,2016-07-03,2016
GUT,iwakuhi01,5.0,2016-07-04,2016
GUT,hugheph01,5.0,2016-07-05,2016
GUT,crochga01,5.0,2016-07-06,2016
GUT,,,2016-07-08,2016
GUT,blackma01,6.0,2016-07-09,2016
GUT,iwakuhi01,6.0,2016-07-10,2016
GUT,hugheph01,10.0,2016-07-15,2016
GUT,iwakuhi01,6.0,2016-07-16,2016
GUT,blackma01,8.0,2016-07-17,2016
GUT,,10.0,2016-07-18,2016
GUT,fostema01,,2016-07-19,2016
GUT,hugheph01,5.0,2016-07-20,2016
GUT,iwakuhi01,5.0,2016-07-21,2016
GUT,blackma01,5.0,2016-07-22,2016
GUT,strahma01,5.0,2016-07-23,2016
GUT,fostema01,5.0,2016-07-24,2016
GUT,birdsha01,94.0,2016-07-25,2016
GUT,iwakuhi01,5.0,2016-07-26,2016
GUT,blackma01,5.0,2016-07-27,2016
GUT,strahma01,5.0,2016-07-28,2016
GUT,,5.0,2016-07-29,2016
GUT,coveydy01,5.0,2016-07-30,2016
GUT,diazmi02,5.0,2016-07-31,2016
GUT,taillja01,,2017-04-03,2017
GUT,kellemi03,,2017-04-05,2017
GUT,iwakuhi01,,2017-04-06,2017
GUT,hugheph01,,2017-04-07,2017
GUT,blackma01,,2017-04-08,2017
GUT,taillja01,6.0,2017-04-09,2017
GUT,kellemi03,6.0,2017-04-11,2017
GUT,iwakuhi01,6.0,2017-04-12,2017
GUT,hugheph01,6.0,2017-04-13,2017
GUT,taillja01,5.0,2017-04-14,2017
GUT,blackma01,7.0,2017-04-15,2017
GUT,kellemi03,5.0,2017-04-16,2017
GUT,iwakuhi01,5.0,2017-04-17,2017
GUT,hugheph01,5.0,2017-04-18,2017
GUT,taillja01,5.0,2017-04-19,2017
GUT,blackma01,6.0,2017-04-21,2017
GUT,kellemi03,6.0,2017-04-22,2017
GUT,iwakuhi01,6.0,2017-04-23,2017
GUT,hugheph01,8.0,2017-04-26,2017
GUT,taillja01,8.0,2017-04-27,2017
GUT,blackma01,7.0,2017-04-28,2017
GUT,kellemi03,7.0,2017-04-29,2017
GUT,iwakuhi01,7.0,2017-04-30,2017
GUT,hugheph01,,2017-05-01,2017
GUT,taillja01,5.0,2017-05-02,2017
GUT,blackma01,5.0,2017-05-03,2017
GUT,kellemi03,5.0,2017-05-04,2017
GUT,iwakuhi01,5.0,2017-05-05,2017
GUT,wentzjo01,,2017-05-06,2017
GUT,fostema01,,2017-05-07,2017
GUT,blackma01,5.0,2017-05-08,2017
GUT,kellemi03,5.0,2017-05-09,2017
GUT,iwakuhi01,5.0,2017-05-10,2017
GUT,fostema01,5.0,2017-05-12,2017
GUT,taillja01,11.0,2017-05-13,2017
GUT,crochga01,,2017-05-14,2017
GUT,kellemi03,,2017-05-15,2017
GUT,,6.0,2017-05-16,2017
GUT,fostema01,5.0,2017-05-17,2017
GUT,,5.0,2017-05-18,2017
GUT,crochga01,5.0,2017-05-19,2017
GUT,kellemi03,5.0,2017-05-20,2017
GUT,mendeyo01,,2017-05-21,2017
GUT,fostema01,6.0,2017-05-23,2017
GUT,taillja01,6.0,2017-05-24,2017
GUT,kellemi03,6.0,2017-05-26,2017
GUT,mendeyo01,6.0,2017-05-27,2017
GUT,fostema01,5.0,2017-05-28,2017
GUT,taillja01,5.0,2017-05-29,2017
GUT,crochga01,11.0,2017-05-30,2017
GUT,kellemi03,5.0,2017-05-31,2017
GUT,pallaan01,,2017-06-01,2017
GUT,fostema01,5.0,2017-06-02,2017
GUT,taillja01,5.0,2017-06-03,2017
GUT,mendeyo01,8.0,2017-06-04,2017
GUT,kellemi03,5.0,2017-06-05,2017
GUT,pallaan01,5.0,2017-06-06,2017
GUT,fostema01,5.0,2017-06-07,2017
GUT,taillja01,5.0,2017-06-08,2017
GUT,mendeyo01,5.0,2017-06-09,2017
GUT,kellemi03,5.0,2017-06-10,2017
GUT,pallaan01,5.0,2017-06-11,2017
GUT,fostema01,6.0,2017-06-13,2017
GUT,taillja01,6.0,2017-06-14,2017
GUT,kellemi03,6.0,2017-06-16,2017
GUT,pallaan01,6.0,2017-06-17,2017
GUT,fostema01,5.0,2017-06-18,2017
GUT,crochga01,20.0,2017-06-19,2017
GUT,taillja01,6.0,2017-06-20,2017
GUT,kellemi03,5.0,2017-06-21,2017
GUT,pallaan01,5.0,2017-06-22,2017
GUT,fostema01,5.0,2017-06-23,2017
GUT,crochga01,5.0,2017-06-24,2017
GUT,taillja01,5.0,2017-06-25,2017
GUT,kellemi03,6.0,2017-06-27,2017
GUT,pallaan01,6.0,2017-06-28,2017
GUT,fostema01,6.0,2017-06-29,2017
GUT,taillja01,,2017-06-30,2017
GUT,iwakuhi01,,2017-07-01,2017
GUT,kellemi03,5.0,2017-07-02,2017
GUT,pallaan01,5.0,2017-07-03,2017
GUT,fostema01,5.0,2017-07-04,2017
GUT,taillja01,5.0,2017-07-05,2017
GUT,iwakuhi01,5.0,2017-07-06,2017
GUT,,5.0,2017-07-07,2017
GUT,lopezre01,,2017-07-08,2017
GUT,fostema01,5.0,2017-07-09,2017
GUT,kellemi03,,2017-07-14,2017
GUT,fostema01,6.0,2017-07-15,2017
GUT,lopezre01,8.0,2017-07-16,2017
GUT,iwakuhi01,11.0,2017-07-17,2017
GUT,blackma01,71.0,2017-07-18,2017
GUT,kellemi03,5.0,2017-07-19,2017
GUT,fostema01,6.0,2017-07-21,2017
GUT,lopezre01,6.0,2017-07-22,2017
GUT,iwakuhi01,6.0,2017-07-23,2017
GUT,,6.0,2017-07-24,2017
GUT,kellemi03,6.0,2017-07-25,2017
GUT,fostema01,5.0,2017-07-26,2017
GUT,lopezre01,5.0,2017-07-27,2017
GUT,mendeyo01,49.0,2017-07-28,2017
GUT,blackma01,5.0,2017-07-29,2017
GUT,kellemi03,5.0,2017-07-30,2017
GUT,fostema01,5.0,2017-07-31,2017
GUT,fostema01,,2018-03-29,2018
GUT,birdja01,,2018-03-30,2018
GUT,,,2018-03-31,2018
GUT,bradlta01,,2018-04-01,2018
GUT,wilsobr02,,2018-04-02,2018
GUT,fostema01,5.0,2018-04-03,2018
GUT,birdja01,6.0,2018-04-05,2018
GUT,bradlta01,6.0,2018-04-07,2018
GUT,wilsobr02,6.0,2018-04-08,2018
GUT,fostema01,6.0,2018-04-09,2018
GUT,birdja01,5.0,2018-04-10,2018
GUT,santaer01,,2018-04-11,2018
GUT,bradlta01,6.0,2018-04-13,2018
GUT,wilsobr02,6.0,2018-04-14,2018
GUT,fostema01,6.0,2018-04-15,2018
GUT,birdja01,6.0,2018-04-16,2018
GUT,santaer01,6.0,2018-04-17,2018
GUT,,6.0,2018-04-19,2018
GUT,wilsobr02,,2018-04-20,2018
GUT,fostema01,6.0,2018-04-21,2018
GUT,birdja01,6.0,2018-04-22,2018
GUT,santaer01,6.0,2018-04-23,2018
GUT,bradlta01,5.0,2018-04-24,2018
GUT,wilsobr02,5.0,2018-04-25,2018
GUT,fostema01,6.0,2018-04-27,2018
GUT,hugheph01,,2018-04-28,2018
GUT,birdja01,7.0,2018-04-29,2018
GUT,kellemi03,,2018-04-30,2018
GUT,santaer01,8.0,2018-05-01,2018
GUT,fostema01,5.0,2018-05-02,2018
GUT,hugheph01,6.0,2018-05-04,2018
GUT,birdja01,6.0,2018-05-05,2018
GUT,kellemi03,6.0,2018-05-06,2018
GUT,santaer01,6.0,2018-05-07,2018
GUT,fostema01,,2018-05-08,2018
GUT,hugheph01,5.0,2018-05-09,2018
GUT,birdja01,5.0,2018-05-10,2018
GUT,kellemi03,5.0,2018-05-11,2018
GUT,santaer01,,2018-05-12,2018
GUT,fostema01,5.0,2018-05-13,2018
GUT,hugheph01,6.0,2018-05-15,2018
GUT,millsal02,,2018-05-16,2018
GUT,birdja01,7.0,2018-05-17,2018
GUT,kellemi03,7.0,2018-05-18,2018
GUT,fostema01,6.0,2018-05-19,2018
GUT,hugheph01,5.0,2018-05-20,2018
GUT,,5.0,2018-05-21,2018
GUT,birdja01,5.0,2018-05-22,2018
GUT,kellemi03,5.0,2018-05-23,2018
GUT,,,2018-05-25,2018
GUT,hugheph01,6.0,2018-05-26,2018
GUT,millsal02,6.0,2018-05-27,2018
GUT,birdja01,6.0,2018-05-28,2018
GUT,kellemi03,6.0,2018-05-29,2018
GUT,fostema01,5.0,2018-05-30,2018
GUT,hugheph01,5.0,2018-05-31,2018
GUT,millsal02,5.0,2018-06-01,2018
GUT,birdja01,5.0,2018-06-02,2018
GUT,kellemi03,5.0,2018-06-03,2018
GUT,fostema01,6.0,2018-06-05,2018
GUT,hugheph01,6.0,2018-06-06,2018
GUT,wilsobr02,43.0,2018-06-07,2018
GUT,birdja01,6.0,2018-06-08,2018
GUT,kellemi03,6.0,2018-06-09,2018
GUT,fostema01,5.0,2018-06-10,2018
GUT,hugheph01,5.0,2018-06-11,2018
GUT,wilsobr02,5.0,2018-06-12,2018
GUT,birdja01,5.0,2018-06-13,2018
GUT,kellemi03,5.0,2018-06-14,2018
GUT,fostema01,5.0,2018-06-15,2018
GUT,hugheph01,5.0,2018-06-16,2018
GUT,wilsobr02,5.0,2018-06-17,2018
GUT,birdja01,5.0,2018-06-18,2018
GUT,,5.0,2018-06-19,2018
GUT,fostema01,5.0,2018-06-20,2018
GUT,hugheph01,6.0,2018-06-22,2018
GUT,wilsobr02,6.0,2018-06-23,2018
GUT,birdja01,6.0,2018-06-24,2018
GUT,kellemi03,6.0,2018-06-25,2018
GUT,millsal02,25.0,2018-06-26,2018
GUT,hugheph01,5.0,2018-06-27,2018
GUT,wilsobr02,5.0,2018-06-28,2018
GUT,hentgsa01,,2018-06-29,2018
GUT,raganco01,,2018-06-30,2018
GUT,kellemi03,6.0,2018-07-01,2018
GUT,hugheph01,5.0,2018-07-02,2018
GUT,wilsobr02,5.0,2018-07-03,2018
GUT,fostema01,14.0,2018-07-04,2018
GUT,raganco01,5.0,2018-07-05,2018
GUT,kellemi03,5.0,2018-07-06,2018
GUT,hugheph01,5.0,2018-07-07,2018
GUT,,5.0,2018-07-08,2018
GUT,fostema01,5.0,2018-07-09,2018
GUT,raganco01,5.0,2018-07-10,2018
GUT,kellemi03,5.0,2018-07-11,2018
GUT,hugheph01,,2018-07-13,2018
GUT,wilsobr02,6.0,2018-07-14,2018
GUT,fostema01,6.0,2018-07-15,2018
GUT,kellemi03,9.0,2018-07-20,2018
GUT,raganco01,11.0,2018-07-21,2018
GUT,wilsobr02,8.0,2018-07-22,2018
GUT,fostema01,,2018-07-23,2018
GUT,hugheph01,11.0,2018-07-24,2018
GUT,kellemi03,6.0,2018-07-26,2018
GUT,raganco01,6.0,2018-07-27,2018
GUT,wilsobr02,6.0,2018-07-28,2018
GUT,fostema01,6.0,2018-07-29,2018
GUT,hugheph01,6.0,2018-07-30,2018
GUT,kellemi03,5.0,2018-07-31,2018
GUT,fostema01,,2019-03-28,2019
GUT,wilsobr02,,2019-03-29,2019
GUT,raganco01,,2019-03-30,2019
GUT,hentgsa01,,2019-03-31,2019
GUT,birdja01,,2019-04-01,2019
GUT,fostema01,5.0,2019-04-02,2019
GUT,wilsobr02,5.0,2019-04-03,2019
GUT,raganco01,6.0,2019-04-05,2019
GUT,hentgsa01,6.0,2019-04-06,2019
GUT,,6.0,2019-04-07,2019
GUT,fostema01,,2019-04-09,2019
GUT,wilsobr02,7.0,2019-04-10,2019
GUT,raganco01,6.0,2019-04-11,2019
GUT,hentgsa01,6.0,2019-04-12,2019
GUT,birdja01,6.0,2019-04-13,2019
GUT,fostema01,5.0,2019-04-14,2019
GUT,wilsobr02,5.0,2019-04-15,2019
GUT,raganco01,5.0,2019-04-16,2019
GUT,hentgsa01,5.0,2019-04-17,2019
GUT,birdja01,6.0,2019-04-19,2019
GUT,fostema01,6.0,2019-04-20,2019
GUT,wilsobr02,6.0,2019-04-21,2019
GUT,raganco01,7.0,2019-04-23,2019
GUT,hentgsa01,7.0,2019-04-24,2019
GUT,birdja01,6.0,2019-04-25,2019
GUT,fostema01,6.0,2019-04-26,2019
GUT,wilsobr02,6.0,2019-04-27,2019
GUT,raganco01,5.0,2019-04-28,2019
GUT,hentgsa01,6.0,2019-04-30,2019
GUT,birdja01,6.0,2019-05-01,2019
GUT,fostema01,7.0,2019-05-03,2019
GUT,wilsobr02,7.0,2019-05-04,2019
GUT,raganco01,7.0,2019-05-05,2019
GUT,hentgsa01,6.0,2019-05-06,2019
GUT,birdja01,6.0,2019-05-07,2019
GUT,fostema01,5.0,2019-05-08,2019
GUT,wilsobr02,,2019-05-09,2019
GUT,raganco01,5.0,2019-05-10,2019
GUT,hentgsa01,5.0,2019-05-11,2019
GUT,,7.0,2019-05-14,2019
GUT,fostema01,7.0,2019-05-15,2019
GUT,wilsobr02,8.0,2019-05-17,2019
GUT,raganco01,8.0,2019-05-18,2019
GUT,hentgsa01,8.0,2019-05-19,2019
GUT,birdja01,7.0,2019-05-21,2019
GUT,fostema01,7.0,2019-05-22,2019
GUT,wilsobr02,6.0,2019-05-23,2019
GUT,,6.0,2019-05-24,2019
GUT,hentgsa01,6.0,2019-05-25,2019
GUT,birdja01,5.0,2019-05-26,2019
GUT,fostema01,5.0,2019-05-27,2019
GUT,wilsobr02,5.0,2019-05-28,2019
GUT,raganco01,5.0,2019-05-29,2019
GUT,hentgsa01,5.0,2019-05-30,2019
GUT,birdja01,5.0,2019-05-31,2019
GUT,fostema01,5.0,2019-06-01,2019
GUT,wilsobr02,5.0,2019-06-02,2019
GUT,raganco01,6.0,2019-06-04,2019
GUT,hentgsa01,6.0,2019-06-05,2019
GUT,birdja01,6.0,2019-06-06,2019
GUT,fostema01,,2019-06-07,2019
GUT,wilsobr02,6.0,2019-06-08,2019
GUT,raganco01,5.0,2019-06-09,2019
GUT,hentgsa01,5.0,2019-06-10,2019
GUT,millsal02,,2019-06-11,2019
GUT,jorgefe01,,2019-06-12,2019
GUT,wilsobr02,6.0,2019-06-14,2019
GUT,raganco01,6.0,2019-06-15,2019
GUT,hentgsa01,6.0,2019-06-16,2019
GUT,millsal02,6.0,2019-06-17,2019
GUT,jorgefe01,6.0,2019-06-18,2019
GUT,wilsobr02,5.0,2019-06-19,2019
GUT,wilkad01,,2019-06-20,2019
GUT,hentgsa01,5.0,2019-06-21,2019
GUT,,5.0,2019-06-22,2019
GUT,jorgefe01,5.0,2019-06-23,2019
GUT,wilsobr02,6.0,2019-06-25,2019
GUT,wilkad01,,2019-06-26,2019
GUT,hentgsa01,6.0,2019-06-27,2019
GUT,millsal02,6.0,2019-06-28,2019
GUT,jorgefe01,6.0,2019-06-29,2019
GUT,wilsobr02,5.0,2019-06-30,2019
GUT,,6.0,2019-07-02,2019
GUT,hentgsa01,6.0,2019-07-03,2019
GUT,millsal02,6.0,2019-07-04,2019
GUT,jorgefe01,6.0,2019-07-05,2019
GUT,birdja01,30.0,2019-07-06,2019
GUT,wilsobr02,7.0,2019-07-07,2019
GUT,birdja01,6.0,2019-07-12,2019
GUT,wilkad01,11.0,2019-07-13,2019
GUT,hentgsa01,11.0,2019-07-14,2019
GUT,jorgefe01,,2019-07-16,2019
GUT,wilsobr02,10.0,2019-07-17,2019
GUT,birdja01,6.0,2019-07-18,2019
GUT,wilkad01,,2019-07-19,2019
GUT,hentgsa01,6.0,2019-07-20,2019
GUT,jorgefe01,5.0,2019-07-21,2019
GUT,wilsobr02,5.0,2019-07-22,2019
GUT,birdja01,5.0,2019-07-23,2019
GUT,wilkad01,5.0,2019-07-24,2019
GUT,hentgsa01,6.0,2019-07-26,2019
GUT,jorgefe01,6.0,2019-07-27,2019
GUT,millsal02,24.0,2019-07-28,2019
GUT,birdja01,6.0,2019-07-29,2019
GUT,wilkad01,6.0,2019-07-30,2019
GUT,hentgsa01,5.0,2019-07-31,2019
GUT,hentgsa01,,2021-04-01,2021
GUT,raganco01,,2021-04-02,2021
GUT,millsal02,,2021-04-03,2021
GUT,staumjo01,,2021-04-05,2021
GUT,hentgsa01,5.0,2021-04-06,2021
GUT,raganco01,5.0,2021-04-07,2021
GUT,barneja01,,2021-04-08,2021
GUT,staumjo01,5.0,2021-04-10,2021
GUT,millsal02,8.0,2021-04-11,2021
GUT,hentgsa01,6.0,2021-04-12,2021
GUT,raganco01,6.0,2021-04-13,2021
GUT,,6.0,2021-04-14,2021
GUT,staumjo01,5.0,2021-04-15,2021
GUT,mccauda01,,2021-04-16,2021
GUT,hentgsa01,5.0,2021-04-17,2021
GUT,raganco01,5.0,2021-04-18,2021
GUT,,6.0,2021-04-20,2021
GUT,staumjo01,6.0,2021-04-21,2021
GUT,mccauda01,6.0,2021-04-22,2021
GUT,hentgsa01,6.0,2021-04-23,2021
GUT,raganco01,6.0,2021-04-24,2021
GUT,desclan01,,2021-04-25,2021
GUT,staumjo01,5.0,2021-04-26,2021
GUT,mccauda01,5.0,2021-04-27,2021
GUT,hentgsa01,5.0,2021-04-28,2021
GUT,raganco01,6.0,2021-04-30,2021
GUT,salech01,,2021-05-01,2021
GUT,staumjo01,6.0,2021-05-02,2021
GUT,hentgsa01,6.0,2021-05-04,2021
GUT,desclan01,10.0,2021-05-05,2021
GUT,raganco01,6.0,2021-05-06,2021
GUT,staumjo01,5.0,2021-05-07,2021
GUT,mccauda01,11.0,2021-05-08,2021
GUT,hentgsa01,5.0,2021-05-09,2021
GUT,danksjo01,,2021-05-10,2021
GUT,raganco01,5.0,2021-05-11,2021
GUT,ramirye01,,2021-05-12,2021
GUT,staumjo01,6.0,2021-05-13,2021
GUT,hentgsa01,5.0,2021-05-14,2021
GUT,danksjo01,5.0,2021-05-15,2021
GUT,raganco01,5.0,2021-05-16,2021
GUT,ramirye01,6.0,2021-05-18,2021
GUT,staumjo01,6.0,2021-05-19,2021
GUT,hentgsa01,6.0,2021-05-20,2021
GUT,osullse01,,2021-05-21,2021
GUT,raganco01,,2021-05-22,2021
GUT,ramirye01,5.0,2021-05-23,2021
GUT,staumjo01,5.0,2021-05-24,2021
GUT,hentgsa01,5.0,2021-05-25,2021
GUT,barneja01,36.0,2021-05-26,2021
GUT,raganco01,5.0,2021-05-27,2021
GUT,ramirye01,5.0,2021-05-28,2021
GUT,staumjo01,,2021-05-29,2021
GUT,hentgsa01,7.0,2021-06-01,2021
GUT,raganco01,,2021-06-02,2021
GUT,millsal02,53.0,2021-06-03,2021
GUT,ramirye01,7.0,2021-06-04,2021
GUT,staumjo01,7.0,2021-06-05,2021
GUT,hentgsa01,5.0,2021-06-06,2021
GUT,cashnan01,,2021-06-07,2021
GUT,raganco01,6.0,2021-06-08,2021
GUT,sandopa02,,2021-06-09,2021
GUT,staumjo01,5.0,2021-06-10,2021
GUT,hentgsa01,5.0,2021-06-11,2021
GUT,cashnan01,5.0,2021-06-12,2021
GUT,raganco01,5.0,2021-06-13,2021
GUT,sandopa02,5.0,2021-06-14,2021
GUT,staumjo01,5.0,2021-06-15,2021
GUT,hentgsa01,5.0,2021-06-16,2021
GUT,ramirye01,14.0,2021-06-18,2021
GUT,raganco01,6.0,2021-06-19,2021
GUT,cashnan01,8.0,2021-06-20,2021
GUT,hentgsa01,6.0,2021-06-22,2021
GUT,staumjo01,8.0,2021-06-23,2021
GUT,ramirye01,,2021-06-24,2021
GUT,raganco01,6.0,2021-06-25,2021
GUT,cashnan01,,2021-06-26,2021
GUT,hentgsa01,5.0,2021-06-27,2021
GUT,staumjo01,6.0,2021-06-29,2021
GUT,danksjo01,46.0,2021-06-30,2021
GUT,raganco01,7.0,2021-07-02,2021
GUT,hentgsa01,6.0,2021-07-03,2021
GUT,cashnan01,8.0,2021-07-04,2021
GUT,staumjo01,6.0,2021-07-05,2021
GUT,raganco01,4.0,2021-07-06,2021
GUT,desclan01,63.0,2021-07-07,2021
GUT,hentgsa01,5.0,2021-07-08,2021
GUT,guthrje01,,2021-07-09,2021
GUT,staumjo01,5.0,2021-07-10,2021
GUT,raganco01,5.0,2021-07-11,2021
GUT,hentgsa01,8.0,2021-07-16,2021
GUT,desclan01,9.0,2021-07-16,2021
GUT,cashnan01,13.0,2021-07-17,2021
GUT,sandopa02,34.0,2021-07-18,2021
GUT,desclan01,3.0,2021-07-19,2021
GUT,staumjo01,10.0,2021-07-20,2021
GUT,barneja01,56.0,2021-07-21,2021
GUT,gillu01,,2021-07-22,2021
GUT,cashnan01,6.0,2021-07-23,2021
GUT,sandopa02,6.0,2021-07-24,2021
GUT,osullse01,,2021-07-25,2021
GUT,hentgsa01,11.0,2021-07-27,2021
GUT,danksjo01,28.0,2021-07-28,2021
GUT,cashnan01,7.0,2021-07-30,2021
GUT,,11.0,2021-07-31,2021
GUT,hentgsa01,,2022-04-08,2022
GUT,raganco01,,2022-04-09,2022
GUT,staumjo01,,2022-04-10,2022
GUT,millsal02,,2022-04-11,2022
GUT,lambeji01,,2022-04-12,2022
GUT,hentgsa01,6.0,2022-04-14,2022
GUT,raganco01,6.0,2022-04-15,2022
GUT,staumjo01,6.0,2022-04-16,2022
GUT,millsal02,6.0,2022-04-17,2022
GUT,lambeji01,7.0,2022-04-19,2022
GUT,hentgsa01,6.0,2022-04-20,2022
GUT,raganco01,6.0,2022-04-21,2022
GUT,staumjo01,6.0,2022-04-22,2022
GUT,millsal02,6.0,2022-04-23,2022
GUT,lambeji01,5.0,2022-04-24,2022
GUT,hentgsa01,,2022-04-26,2022
GUT,raganco01,6.0,2022-04-27,2022
GUT,staumjo01,6.0,2022-04-28,2022
GUT,millsal02,6.0,2022-04-29,2022
GUT,lambeji01,6.0,2022-04-30,2022
GUT,,5.0,2022-05-01,2022
GUT,raganco01,5.0,2022-05-02,2022
GUT,staumjo01,5.0,2022-05-03,2022
GUT,millsal02,5.0,2022-05-04,2022
GUT,lambeji01,5.0,2022-05-05,2022
GUT,hentgsa01,5.0,2022-05-06,2022
GUT,raganco01,5.0,2022-05-07,2022
GUT,staumjo01,5.0,2022-05-08,2022
GUT,millsal02,5.0,2022-05-09,2022
GUT,lambeji01,5.0,2022-05-10,2022
GUT,hentgsa01,5.0,2022-05-11,2022
GUT,raganco01,6.0,2022-05-13,2022
GUT,staumjo01,6.0,2022-05-14,2022
GUT,millsal02,6.0,2022-05-15,2022
GUT,,5.0,2022-05-16,2022
GUT,ramirye01,,2022-05-17,2022
GUT,raganco01,5.0,2022-05-18,2022
GUT,staumjo01,6.0,2022-05-20,2022
GUT,millsal02,6.0,2022-05-21,2022
GUT,,6.0,2022-05-22,2022
GUT,raganco01,6.0,2022-05-24,2022
GUT,ramirye01,8.0,2022-05-25,2022
GUT,staumjo01,7.0,2022-05-27,2022
GUT,hentgsa01,6.0,2022-05-28,2022
GUT,millsal02,8.0,2022-05-29,2022
GUT,raganco01,6.0,2022-05-30,2022
GUT,peterda01,,2022-06-01,2022
GUT,staumjo01,5.0,2022-06-01,2022
GUT,hentgsa01,5.0,2022-06-02,2022
GUT,gracego01,,2022-06-03,2022
GUT,raganco01,5.0,2022-06-04,2022
GUT,sandopa02,,2022-06-05,2022
GUT,peterda01,6.0,2022-06-07,2022
GUT,hentgsa01,6.0,2022-06-08,2022
GUT,staumjo01,8.0,2022-06-09,2022
GUT,raganco01,6.0,2022-06-10,2022
GUT,sandopa02,6.0,2022-06-11,2022
GUT,peterda01,5.0,2022-06-12,2022
GUT,hentgsa01,5.0,2022-06-13,2022
GUT,staumjo01,5.0,2022-06-14,2022
GUT,mccauda01,,2022-06-15,2022
GUT,raganco01,7.0,2022-06-17,2022
GUT,sandopa02,7.0,2022-06-18,2022
GUT,hentgsa01,6.0,2022-06-19,2022
GUT,staumjo01,6.0,2022-06-20,2022
GUT,mccauda01,6.0,2022-06-21,2022
GUT,raganco01,5.0,2022-06-22,2022
GUT,sandopa02,5.0,2022-06-23,2022
GUT,hentgsa01,5.0,2022-06-24,2022
GUT,staumjo01,5.0,2022-06-25,2022
GUT,mccauda01,5.0,2022-06-26,2022
GUT,raganco01,5.0,2022-06-27,2022
GUT,sandopa02,5.0,2022-06-28,2022
GUT,hentgsa01,5.0,2022-06-29,2022
GUT,staumjo01,6.0,2022-07-01,2022
GUT,mccauda01,,2022-07-02,2022
GUT,raganco01,,2022-07-03,2022
GUT,sandopa02,6.0,2022-07-04,2022
GUT,hentgsa01,,2022-07-05,2022
GUT,staumjo01,5.0,2022-07-06,2022
GUT,mccauda01,,2022-07-07,2022
GUT,,5.0,2022-07-08,2022
GUT,sandopa02,5.0,2022-07-09,2022
GUT,hentgsa01,5.0,2022-07-10,2022
GUT,,5.0,2022-07-11,2022
GUT,mccauda01,5.0,2022-07-12,2022
GUT,raganco01,5.0,2022-07-13,2022
GUT,sandopa02,5.0,2022-07-14,2022
GUT,hentgsa01,5.0,2022-07-15,2022
GUT,,,2022-07-16,2022
GUT,staumjo01,6.0,2022-07-17,2022
GUT,raganco01,8.0,2022-07-21,2022
GUT,sandopa02,8.0,2022-07-22,2022
GUT,millebr04,7.0,2022-07-23,2022
GUT,hentgsa01,9.0,2022-07-24,2022
GUT,staumjo01,8.0,2022-07-25,2022
GUT,raganco01,5.0,2022-07-26,2022
GUT,sandopa02,5.0,2022-07-27,2022
GUT,mccauda01,16.0,2022-07-28,2022
GUT,hentgsa01,5.0,2022-07-29,2022
GUT,barneja01,,2022-07-30,2022
GUT,,5.0,2022-07-31,2022
GUT,hentgsa01,,2023-03-30,2023
GUT,lambeji01,,2023-03-31,2023
GUT,peterda01,,2023-04-01,2023
GUT,staumjo01,,2023-04-02,2023
GUT,felizmi01,,2023-04-03,2023
GUT,hentgsa01,5.0,2023-04-04,2023
GUT,lambeji01,5.0,2023-04-05,2023
GUT,peterda01,6.0,2023-04-07,2023
GUT,staumjo01,6.0,2023-04-08,2023
GUT,sandopa02,,2023-04-09,2023
GUT,hentgsa01,6.0,2023-04-10,2023
GUT,lambeji01,6.0,2023-04-11,2023
GUT,peterda01,5.0,2023-04-12,2023
GUT,staumjo01,6.0,2023-04-14,2023
GUT,sandopa02,,2023-04-15,2023
GUT,hentgsa01,,2023-04-16,2023
GUT,lambeji01,6.0,2023-04-17,2023
GUT,peterda01,6.0,2023-04-18,2023
GUT,staumjo01,5.0,2023-04-19,2023
GUT,sandopa02,7.0,2023-04-22,2023
GUT,lametdi01,,2023-04-22,2023
GUT,lambeji01,6.0,2023-04-23,2023
GUT,peterda01,,2023-04-24,2023
GUT,priesqu01,,2023-04-25,2023
GUT,hentgsa01,10.0,2023-04-26,2023
GUT,sandopa02,5.0,2023-04-27,2023
GUT,lambeji01,5.0,2023-04-28,2023
GUT,peterda01,5.0,2023-04-29,2023
GUT,priesqu01,5.0,2023-04-30,2023
GUT,hentgsa01,6.0,2023-05-02,2023
GUT,sandopa02,6.0,2023-05-03,2023
GUT,lambeji01,6.0,2023-05-04,2023
GUT,peterda01,6.0,2023-05-05,2023
GUT,cortene01,,2023-05-06,2023
GUT,hentgsa01,,2023-05-07,2023
GUT,sandopa02,5.0,2023-05-08,2023
GUT,lambeji01,5.0,2023-05-09,2023
GUT,peterda01,5.0,2023-05-10,2023
GUT,gassero01,,2023-05-12,2023
GUT,hentgsa01,6.0,2023-05-13,2023
GUT,,6.0,2023-05-14,2023
GUT,lambeji01,7.0,2023-05-16,2023
GUT,,7.0,2023-05-17,2023
GUT,gassero01,6.0,2023-05-18,2023
GUT,hentgsa01,6.0,2023-05-19,2023
GUT,sandopa02,6.0,2023-05-20,2023
GUT,lambeji01,5.0,2023-05-21,2023
GUT,peterda01,5.0,2023-05-22,2023
GUT,gassero01,5.0,2023-05-23,2023
GUT,hentgsa01,5.0,2023-05-24,2023
GUT,sandopa02,5.0,2023-05-25,2023
GUT,lambeji01,5.0,2023-05-26,2023
GUT,,5.0,2023-05-27,2023
GUT,,5.0,2023-05-28,2023
GUT,hentgsa01,6.0,2023-05-30,2023
GUT,sandopa02,6.0,2023-05-31,2023
GUT,lambeji01,6.0,2023-06-01,2023
GUT,peterda01,6.0,2023-06-02,2023
GUT,gassero01,6.0,2023-06-03,2023
GUT,hentgsa01,5.0,2023-06-04,2023
GUT,sandopa02,5.0,2023-06-05,2023
GUT,lambeji01,5.0,2023-06-06,2023
GUT,peterda01,5.0,2023-06-07,2023
GUT,gassero01,,2023-06-09,2023
GUT,hentgsa01,6.0,2023-06-10,2023
GUT,sandopa02,,2023-06-11,2023
GUT,lambeji01,6.0,2023-06-12,2023
GUT,peterda01,6.0,2023-06-13,2023
GUT,gassero01,5.0,2023-06-14,2023
GUT,hentgsa01,6.0,2023-06-16,2023
GUT,sandopa02,6.0,2023-06-17,2023
GUT,lambeji01,6.0,2023-06-18,2023
GUT,priesqu01,50.0,2023-06-19,2023
GUT,gassero01,6.0,2023-06-20,2023
GUT,hentgsa01,5.0,2023-06-21,2023
GUT,sandopa02,5.0,2023-06-22,2023
GUT,lambeji01,5.0,2023-06-23,2023
GUT,priesqu01,5.0,2023-06-24,2023
GUT,gassero01,5.0,2023-06-25,2023
GUT,,6.0,2023-06-27,2023
GUT,sandopa02,6.0,2023-06-28,2023
GUT,lambeji01,6.0,2023-06-29,2023
GUT,priesqu01,6.0,2023-06-30,2023
GUT,gassero01,6.0,2023-07-01,2023
GUT,hentgsa01,5.0,2023-07-02,2023
GUT,sandopa02,5.0,2023-07-03,2023
GUT,lambeji01,5.0,2023-07-04,2023
GUT,,5.0,2023-07-05,2023
GUT,gassero01,5.0,2023-07-06,2023
GUT,hentgsa01,,2023-07-07,2023
GUT,sandopa02,5.0,2023-07-08,2023
GUT,lambeji01,5.0,2023-07-09,2023
GUT,hentgsa01,7.0,2023-07-14,2023
GUT,sandopa02,7.0,2023-07-15,2023
GUT,bushky01,,2023-07-16,2023
GUT,lambeji01,8.0,2023-07-17,2023
GUT,peterda01,35.0,2023-07-18,2023
GUT,hentgsa01,,2023-07-19,2023
GUT,sandopa02,6.0,2023-07-21,2023
GUT,felizmi01,110.0,2023-07-22,2023
GUT,lambeji01,6.0,2023-07-23,2023
GUT,peterda01,7.0,2023-07-25,2023
GUT,hentgsa01,7.0,2023-07-26,2023
GUT,sandopa02,,2023-07-28,2023
GUT,felizmi01,7.0,2023-07-29,2023
GUT,lambeji01,7.0,2023-07-30,2023
GUT,peterda01,6.0,2023-07-31,2023
HAN,hanifbr01,,2016-04-04,2016
HAN,kintzbr01,,2016-04-06,2016
HAN,becktr01,,2016-04-07,2016
HAN,mizeca01,,2016-04-10,2016
HAN,hanifbr01,7.0,2016-04-11,2016
HAN,widenta01,,2016-04-12,2016
HAN,becktr01,6.0,2016-04-13,2016
HAN,kintzbr01,8.0,2016-04-14,2016
HAN,mizeca01,5.0,2016-04-15,2016
HAN,hanifbr01,5.0,2016-04-16,2016
HAN,widenta01,5.0,2016-04-17,2016
HAN,becktr01,5.0,2016-04-18,2016
HAN,kintzbr01,5.0,2016-04-19,2016
HAN,mizeca01,5.0,2016-04-20,2016
HAN,hanifbr01,5.0,2016-04-21,2016
HAN,widenta01,5.0,2016-04-22,2016
HAN,becktr01,5.0,2016-04-23,2016
HAN,kintzbr01,,2016-04-24,2016
HAN,hanifbr01,5.0,2016-04-26,2016
HAN,widenta01,5.0,2016-04-27,2016
HAN,,5.0,2016-04-28,2016
HAN,kintzbr01,5.0,2016-04-29,2016
HAN,mizeca01,10.0,2016-04-30,2016
HAN,hanifbr01,5.0,2016-05-01,2016
HAN,widenta01,5.0,2016-05-02,2016
HAN,becktr01,5.0,2016-05-03,2016
HAN,,,2016-05-04,2016
HAN,mizeca01,5.0,2016-05-05,2016
HAN,hanifbr01,5.0,2016-05-06,2016
HAN,widenta01,5.0,2016-05-07,2016
HAN,becktr01,5.0,2016-05-08,2016
HAN,kintzbr01,5.0,2016-05-09,2016
HAN,mizeca01,5.0,2016-05-10,2016
HAN,hanifbr01,5.0,2016-05-11,2016
HAN,widenta01,6.0,2016-05-13,2016
HAN,kintzbr01,5.0,2016-05-14,2016
HAN,becktr01,6.0,2016-05-14,2016
HAN,mizeca01,5.0,2016-05-15,2016
HAN,hanifbr01,6.0,2016-05-17,2016
HAN,widenta01,,2016-05-18,2016
HAN,kintzbr01,,2016-05-19,2016
HAN,becktr01,6.0,2016-05-20,2016
HAN,mizeca01,,2016-05-21,2016
HAN,hanifbr01,5.0,2016-05-22,2016
HAN,widenta01,5.0,2016-05-23,2016
HAN,kintzbr01,5.0,2016-05-24,2016
HAN,becktr01,5.0,2016-05-25,2016
HAN,mizeca01,5.0,2016-05-26,2016
HAN,hanifbr01,5.0,2016-05-27,2016
HAN,widenta01,5.0,2016-05-28,2016
HAN,kintzbr01,5.0,2016-05-29,2016
HAN,becktr01,5.0,2016-05-30,2016
HAN,mizeca01,5.0,2016-05-31,2016
HAN,hanifbr01,5.0,2016-06-01,2016
HAN,widenta01,6.0,2016-06-03,2016
HAN,kintzbr01,6.0,2016-06-04,2016
HAN,becktr01,6.0,2016-06-05,2016
HAN,mizeca01,7.0,2016-06-07,2016
HAN,hanifbr01,7.0,2016-06-08,2016
HAN,,6.0,2016-06-09,2016
HAN,kintzbr01,6.0,2016-06-10,2016
HAN,becktr01,6.0,2016-06-11,2016
HAN,mizeca01,5.0,2016-06-12,2016
HAN,hanifbr01,5.0,2016-06-13,2016
HAN,widenta01,5.0,2016-06-14,2016
HAN,kintzbr01,5.0,2016-06-15,2016
HAN,,5.0,2016-06-16,2016
HAN,mizeca01,5.0,2016-06-17,2016
HAN,hanifbr01,5.0,2016-06-18,2016
HAN,widenta01,5.0,2016-06-19,2016
HAN,poynebo01,,2016-06-20,2016
HAN,becktr01,5.0,2016-06-21,2016
HAN,mizeca01,5.0,2016-06-22,2016
HAN,hanifbr01,6.0,2016-06-24,2016
HAN,widenta01,6.0,2016-06-25,2016
HAN,becktr01,5.0,2016-06-26,2016
HAN,mizeca01,5.0,2016-06-27,2016
HAN,anderta01,,2016-06-28,2016
HAN,hanifbr01,5.0,2016-06-29,2016
HAN,widenta01,5.0,2016-06-30,2016
HAN,becktr01,5.0,2016-07-01,2016
HAN,mizeca01,5.0,2016-07-02,2016
HAN,kintzbr01,18.0,2016-07-03,2016
HAN,hanifbr01,5.0,2016-07-04,2016
HAN,widenta01,5.0,2016-07-05,2016
HAN,becktr01,5.0,2016-07-06,2016
HAN,anderta01,9.0,2016-07-07,2016
HAN,kintzbr01,5.0,2016-07-08,2016
HAN,hanifbr01,5.0,2016-07-09,2016
HAN,widenta01,5.0,2016-07-10,2016
HAN,kintzbr01,7.0,2016-07-15,2016
HAN,becktr01,10.0,2016-07-16,2016
HAN,hanifbr01,8.0,2016-07-17,2016
HAN,murfepe01,,2016-07-19,2016
HAN,widenta01,10.0,2016-07-20,2016
HAN,kintzbr01,6.0,2016-07-21,2016
HAN,becktr01,6.0,2016-07-22,2016
HAN,hanifbr01,6.0,2016-07-23,2016
HAN,anderta01,17.0,2016-07-24,2016
HAN,widenta01,6.0,2016-07-26,2016
HAN,kintzbr01,6.0,2016-07-27,2016
HAN,becktr01,6.0,2016-07-28,2016
HAN,hanifbr01,6.0,2016-07-29,2016
HAN,murfepe01,11.0,2016-07-30,2016
HAN,widenta01,5.0,2016-07-31,2016
HAN,kintzbr01,,2017-04-03,2017
HAN,becktr01,,2017-04-05,2017
HAN,widenta01,,2017-04-06,2017
HAN,hanifbr01,,2017-04-07,2017
HAN,leeev01,,2017-04-08,2017
HAN,kintzbr01,6.0,2017-04-09,2017
HAN,,5.0,2017-04-10,2017
HAN,widenta01,5.0,2017-04-11,2017
HAN,hanifbr01,5.0,2017-04-12,2017
HAN,kintzbr01,5.0,2017-04-14,2017
HAN,becktr01,5.0,2017-04-15,2017
HAN,widenta01,5.0,2017-04-16,2017
HAN,hanifbr01,6.0,2017-04-18,2017
HAN,mizeca01,,2017-04-19,2017
HAN,kintzbr01,6.0,2017-04-20,2017
HAN,becktr01,6.0,2017-04-21,2017
HAN,widenta01,6.0,2017-04-22,2017
HAN,hanifbr01,5.0,2017-04-23,2017
HAN,stephja01,,2017-04-24,2017
HAN,mizeca01,6.0,2017-04-25,2017
HAN,becktr01,5.0,2017-04-26,2017
HAN,widenta01,5.0,2017-04-27,2017
HAN,hanifbr01,5.0,2017-04-28,2017
HAN,,9.0,2017-04-29,2017
HAN,mizeca01,5.0,2017-04-30,2017
HAN,becktr01,6.0,2017-05-02,2017
HAN,widenta01,6.0,2017-05-03,2017
HAN,hanifbr01,6.0,2017-05-04,2017
HAN,kintzbr01,6.0,2017-05-05,2017
HAN,henlebl01,,2017-05-06,2017
HAN,becktr01,5.0,2017-05-07,2017
HAN,widenta01,5.0,2017-05-08,2017
HAN,hanifbr01,,2017-05-09,2017
HAN,kintzbr01,5.0,2017-05-10,2017
HAN,becktr01,6.0,2017-05-13,2017
HAN,hanifbr01,5.0,2017-05-14,2017
HAN,widenta01,6.0,2017-05-14,2017
HAN,kintzbr01,6.0,2017-05-16,2017
HAN,stephja01,23.0,2017-05-17,2017
HAN,becktr01,5.0,2017-05-18,2017
HAN,widenta01,5.0,2017-05-19,2017
HAN,hanifbr01,6.0,2017-05-20,2017
HAN,kintzbr01,5.0,2017-05-21,2017
HAN,mizeca01,23.0,2017-05-23,2017
HAN,becktr01,6.0,2017-05-24,2017
HAN,widenta01,6.0,2017-05-25,2017
HAN,hanifbr01,6.0,2017-05-26,2017
HAN,kintzbr01,6.0,2017-05-27,2017
HAN,mizeca01,5.0,2017-05-28,2017
HAN,becktr01,5.0,2017-05-29,2017
HAN,widenta01,5.0,2017-05-30,2017
HAN,hanifbr01,5.0,2017-05-31,2017
HAN,kintzbr01,6.0,2017-06-02,2017
HAN,mizeca01,6.0,2017-06-03,2017
HAN,becktr01,6.0,2017-06-04,2017
HAN,widenta01,6.0,2017-06-05,2017
HAN,hanifbr01,,2017-06-06,2017
HAN,kintzbr01,5.0,2017-06-07,2017
HAN,mizeca01,5.0,2017-06-08,2017
HAN,becktr01,5.0,2017-06-09,2017
HAN,widenta01,5.0,2017-06-10,2017
HAN,hanifbr01,5.0,2017-06-11,2017
HAN,kintzbr01,5.0,2017-06-12,2017
HAN,mizeca01,5.0,2017-06-13,2017
HAN,becktr01,,2017-06-14,2017
HAN,widenta01,5.0,2017-06-15,2017
HAN,hanifbr01,5.0,2017-06-16,2017
HAN,kintzbr01,5.0,2017-06-17,2017
HAN,mizeca01,,2017-06-18,2017
HAN,becktr01,5.0,2017-06-19,2017
HAN,widenta01,5.0,2017-06-20,2017
HAN,hanifbr01,5.0,2017-06-21,2017
HAN,kintzbr01,6.0,2017-06-23,2017
HAN,mizeca01,6.0,2017-06-24,2017
HAN,becktr01,6.0,2017-06-25,2017
HAN,widenta01,6.0,2017-06-26,2017
HAN,hanifbr01,6.0,2017-06-27,2017
HAN,kintzbr01,5.0,2017-06-28,2017
HAN,mizeca01,5.0,2017-06-29,2017
HAN,becktr01,5.0,2017-06-30,2017
HAN,widenta01,5.0,2017-07-01,2017
HAN,hanifbr01,5.0,2017-07-02,2017
HAN,kintzbr01,5.0,2017-07-03,2017
HAN,mizeca01,,2017-07-04,2017
HAN,widenta01,5.0,2017-07-06,2017
HAN,hanifbr01,5.0,2017-07-07,2017
HAN,kintzbr01,5.0,2017-07-08,2017
HAN,mizeca01,5.0,2017-07-09,2017
HAN,widenta01,8.0,2017-07-14,2017
HAN,hanifbr01,8.0,2017-07-15,2017
HAN,,16.0,2017-07-16,2017
HAN,kintzbr01,9.0,2017-07-17,2017
HAN,mckaybr01,,2017-07-18,2017
HAN,widenta01,5.0,2017-07-19,2017
HAN,hanifbr01,6.0,2017-07-21,2017
HAN,becktr01,6.0,2017-07-22,2017
HAN,kintzbr01,6.0,2017-07-23,2017
HAN,,7.0,2017-07-25,2017
HAN,widenta01,,2017-07-26,2017
HAN,hanifbr01,6.0,2017-07-27,2017
HAN,becktr01,7.0,2017-07-29,2017
HAN,mckaybr01,5.0,2017-07-30,2017
HAN,,,2017-07-30,2017
HAN,widenta01,5.0,2017-07-31,2017
HAN,hanifbr01,,2018-03-30,2018
HAN,kintzbr01,,2018-03-31,2018
HAN,widenta01,,2018-04-01,2018
HAN,becktr01,,2018-04-02,2018
HAN,henlebl01,,2018-04-03,2018
HAN,,5.0,2018-04-04,2018
HAN,kintzbr01,5.0,2018-04-05,2018
HAN,widenta01,6.0,2018-04-07,2018
HAN,becktr01,6.0,2018-04-08,2018
HAN,hanifbr01,5.0,2018-04-09,2018
HAN,kintzbr01,5.0,2018-04-10,2018
HAN,henlebl01,8.0,2018-04-11,2018
HAN,widenta01,5.0,2018-04-12,2018
HAN,becktr01,5.0,2018-04-13,2018
HAN,hanifbr01,5.0,2018-04-14,2018
HAN,kintzbr01,5.0,2018-04-15,2018
HAN,wingetr01,,2018-04-16,2018
HAN,widenta01,,2018-04-17,2018
HAN,becktr01,5.0,2018-04-18,2018
HAN,hanifbr01,6.0,2018-04-20,2018
HAN,kintzbr01,6.0,2018-04-21,2018
HAN,wingetr01,6.0,2018-04-22,2018
HAN,widenta01,6.0,2018-04-23,2018
HAN,,6.0,2018-04-24,2018
HAN,hanifbr01,,2018-04-25,2018
HAN,kintzbr01,6.0,2018-04-27,2018
HAN,wingetr01,6.0,2018-04-28,2018
HAN,widenta01,6.0,2018-04-29,2018
HAN,becktr01,6.0,2018-04-30,2018
HAN,hanifbr01,6.0,2018-05-01,2018
HAN,kintzbr01,5.0,2018-05-02,2018
HAN,wingetr01,5.0,2018-05-03,2018
HAN,widenta01,5.0,2018-05-04,2018
HAN,becktr01,5.0,2018-05-05,2018
HAN,hanifbr01,5.0,2018-05-06,2018
HAN,kintzbr01,5.0,2018-05-07,2018
HAN,wingetr01,5.0,2018-05-08,2018
HAN,widenta01,5.0,2018-05-09,2018
HAN,becktr01,5.0,2018-05-10,2018
HAN,hanifbr01,5.0,2018-05-11,2018
HAN,kintzbr01,5.0,2018-05-12,2018
HAN,wingetr01,5.0,2018-05-13,2018
HAN,,6.0,2018-05-15,2018
HAN,hanifbr01,8.0,2018-05-19,2018
HAN,becktr01,9.0,2018-05-19,2018
HAN,kintzbr01,8.0,2018-05-20,2018
HAN,widenta01,6.0,2018-05-21,2018
HAN,wingetr01,9.0,2018-05-22,2018
HAN,goudeas01,,2018-05-23,2018
HAN,hanifbr01,6.0,2018-05-25,2018
HAN,becktr01,7.0,2018-05-26,2018
HAN,kintzbr01,7.0,2018-05-27,2018
HAN,widenta01,7.0,2018-05-28,2018
HAN,wingetr01,7.0,2018-05-29,2018
HAN,hanifbr01,5.0,2018-05-30,2018
HAN,becktr01,5.0,2018-05-31,2018
HAN,kintzbr01,5.0,2018-06-01,2018
HAN,widenta01,5.0,2018-06-02,2018
HAN,wingetr01,5.0,2018-06-03,2018
HAN,hanifbr01,6.0,2018-06-05,2018
HAN,becktr01,6.0,2018-06-06,2018
HAN,kintzbr01,7.0,2018-06-08,2018
HAN,widenta01,7.0,2018-06-09,2018
HAN,hanifbr01,5.0,2018-06-10,2018
HAN,becktr01,6.0,2018-06-12,2018
HAN,goudeas01,21.0,2018-06-13,2018
HAN,widenta01,6.0,2018-06-15,2018
HAN,hanifbr01,6.0,2018-06-16,2018
HAN,becktr01,5.0,2018-06-17,2018
HAN,goudeas01,,2018-06-18,2018
HAN,smylydr01,,2018-06-19,2018
HAN,widenta01,5.0,2018-06-20,2018
HAN,hanifbr01,5.0,2018-06-21,2018
HAN,becktr01,5.0,2018-06-22,2018
HAN,goudeas01,5.0,2018-06-23,2018
HAN,smylydr01,5.0,2018-06-24,2018
HAN,widenta01,5.0,2018-06-25,2018
HAN,hanifbr01,5.0,2018-06-26,2018
HAN,becktr01,6.0,2018-06-28,2018
HAN,goudeas01,6.0,2018-06-29,2018
HAN,wingetr01,27.0,2018-06-30,2018
HAN,widenta01,6.0,2018-07-01,2018
HAN,hanifbr01,6.0,2018-07-02,2018
HAN,becktr01,5.0,2018-07-03,2018
HAN,goudeas01,5.0,2018-07-04,2018
HAN,wingetr01,5.0,2018-07-05,2018
HAN,,5.0,2018-07-06,2018
HAN,hanifbr01,5.0,2018-07-07,2018
HAN,becktr01,5.0,2018-07-08,2018
HAN,smylydr01,15.0,2018-07-09,2018
HAN,wingetr01,5.0,2018-07-10,2018
HAN,widenta01,5.0,2018-07-11,2018
HAN,hanifbr01,5.0,2018-07-12,2018
HAN,becktr01,5.0,2018-07-13,2018
HAN,leeza01,,2018-07-14,2018
HAN,wingetr01,5.0,2018-07-15,2018
HAN,kintzbr01,42.0,2018-07-20,2018
HAN,hanifbr01,10.0,2018-07-22,2018
HAN,widenta01,12.0,2018-07-23,2018
HAN,wingetr01,9.0,2018-07-24,2018
HAN,becktr01,12.0,2018-07-25,2018
HAN,francjp01,,2018-07-26,2018
HAN,hanifbr01,5.0,2018-07-27,2018
HAN,widenta01,5.0,2018-07-28,2018
HAN,wingetr01,5.0,2018-07-29,2018
HAN,becktr01,6.0,2018-07-31,2018
HAN,,,2019-03-28,2019
HAN,kintzbr01,,2019-03-30,2019
HAN,iveyty01,,2019-03-31,2019
HAN,hanifbr01,5.0,2019-04-02,2019
HAN,nunezda01,,2019-04-03,2019
HAN,kintzbr01,5.0,2019-04-04,2019
HAN,iveyty01,6.0,2019-04-06,2019
HAN,hanifbr01,,2019-04-07,2019
HAN,nunezda01,5.0,2019-04-08,2019
HAN,kintzbr01,,2019-04-09,2019
HAN,wingetr01,,2019-04-10,2019
HAN,iveyty01,6.0,2019-04-12,2019
HAN,nunezda01,5.0,2019-04-13,2019
HAN,hanifbr01,7.0,2019-04-14,2019
HAN,kintzbr01,7.0,2019-04-16,2019
HAN,wingetr01,7.0,2019-04-17,2019
HAN,iveyty01,6.0,2019-04-18,2019
HAN,nunezda01,6.0,2019-04-19,2019
HAN,hanifbr01,6.0,2019-04-20,2019
HAN,kintzbr01,5.0,2019-04-21,2019
HAN,wingetr01,5.0,2019-04-22,2019
HAN,iveyty01,5.0,2019-04-23,2019
HAN,nunezda01,5.0,2019-04-24,2019
HAN,hanifbr01,6.0,2019-04-26,2019
HAN,kintzbr01,6.0,2019-04-27,2019
HAN,,6.0,2019-04-28,2019
HAN,iveyty01,6.0,2019-04-29,2019
HAN,nunezda01,6.0,2019-04-30,2019
HAN,hanifbr01,5.0,2019-05-01,2019
HAN,kintzbr01,5.0,2019-05-02,2019
HAN,wingetr01,5.0,2019-05-03,2019
HAN,iveyty01,5.0,2019-05-04,2019
HAN,nunezda01,5.0,2019-05-05,2019
HAN,hanifbr01,5.0,2019-05-06,2019
HAN,kintzbr01,,2019-05-07,2019
HAN,wingetr01,5.0,2019-05-08,2019
HAN,iveyty01,5.0,2019-05-09,2019
HAN,nunezda01,5.0,2019-05-10,2019
HAN,hanifbr01,5.0,2019-05-11,2019
HAN,kintzbr01,5.0,2019-05-12,2019
HAN,wingetr01,6.0,2019-05-14,2019
HAN,iveyty01,6.0,2019-05-15,2019
HAN,nunezda01,6.0,2019-05-16,2019
HAN,hanifbr01,6.0,2019-05-17,2019
HAN,kintzbr01,6.0,2019-05-18,2019
HAN,wingetr01,5.0,2019-05-19,2019
HAN,iveyty01,5.0,2019-05-20,2019
HAN,goudeas01,,2019-05-21,2019
HAN,hanifbr01,5.0,2019-05-22,2019
HAN,kintzbr01,5.0,2019-05-23,2019
HAN,alcansa01,,2019-05-24,2019
HAN,iveyty01,5.0,2019-05-25,2019
HAN,goudeas01,5.0,2019-05-26,2019
HAN,hanifbr01,5.0,2019-05-27,2019
HAN,kintzbr01,5.0,2019-05-28,2019
HAN,nunezda01,13.0,2019-05-29,2019
HAN,iveyty01,6.0,2019-05-31,2019
HAN,goudeas01,6.0,2019-06-01,2019
HAN,hanifbr01,6.0,2019-06-02,2019
HAN,,7.0,2019-06-04,2019
HAN,nunezda01,7.0,2019-06-05,2019
HAN,iveyty01,6.0,2019-06-06,2019
HAN,goudeas01,6.0,2019-06-07,2019
HAN,hanifbr01,6.0,2019-06-08,2019
HAN,kintzbr01,5.0,2019-06-09,2019
HAN,nunezda01,5.0,2019-06-10,2019
HAN,,5.0,2019-06-11,2019
HAN,goudeas01,6.0,2019-06-13,2019
HAN,hanifbr01,6.0,2019-06-14,2019
HAN,kintzbr01,6.0,2019-06-15,2019
HAN,nunezda01,6.0,2019-06-16,2019
HAN,hanifbr01,5.0,2019-06-19,2019
HAN,iveyty01,8.0,2019-06-19,2019
HAN,goudeas01,,2019-06-20,2019
HAN,kintzbr01,6.0,2019-06-21,2019
HAN,nunezda01,6.0,2019-06-22,2019
HAN,leeza01,,2019-06-23,2019
HAN,hanifbr01,6.0,2019-06-25,2019
HAN,iveyty01,7.0,2019-06-26,2019
HAN,kintzbr01,6.0,2019-06-27,2019
HAN,nunezda01,6.0,2019-06-28,2019
HAN,leeza01,6.0,2019-06-29,2019
HAN,hanifbr01,5.0,2019-06-30,2019
HAN,iveyty01,,2019-07-02,2019
HAN,kintzbr01,6.0,2019-07-03,2019
HAN,nunezda01,6.0,2019-07-04,2019
HAN,leeza01,6.0,2019-07-05,2019
HAN,hanifbr01,6.0,2019-07-06,2019
HAN,iveyty01,5.0,2019-07-07,2019
HAN,kintzbr01,9.0,2019-07-12,2019
HAN,iveyty01,6.0,2019-07-13,2019
HAN,nunezda01,10.0,2019-07-14,2019
HAN,leeza01,11.0,2019-07-16,2019
HAN,goudeas01,27.0,2019-07-17,2019
HAN,,6.0,2019-07-18,2019
HAN,iveyty01,6.0,2019-07-19,2019
HAN,nunezda01,6.0,2019-07-20,2019
HAN,mizeca01,,2019-07-21,2019
HAN,kintzbr01,5.0,2019-07-23,2019
HAN,iveyty01,5.0,2019-07-24,2019
HAN,goudeas01,7.0,2019-07-24,2019
HAN,hanifbr01,19.0,2019-07-25,2019
HAN,nunezda01,6.0,2019-07-26,2019
HAN,,,2019-07-27,2019
HAN,kintzbr01,5.0,2019-07-28,2019
HAN,iveyty01,5.0,2019-07-29,2019
HAN,,6.0,2019-07-30,2019
HAN,nunezda01,5.0,2019-07-31,2019
HAN,hanifbr01,,2021-04-06,2021
HAN,kintzbr01,,2021-04-07,2021
HAN,goudeas01,,2021-04-07,2021
HAN,mizeca01,,2021-04-09,2021
HAN,iveyty01,,2021-04-10,2021
HAN,hanifbr01,5.0,2021-04-11,2021
HAN,goudeas01,5.0,2021-04-12,2021
HAN,kintzbr01,6.0,2021-04-13,2021
HAN,mizeca01,5.0,2021-04-14,2021
HAN,iveyty01,5.0,2021-04-15,2021
HAN,,5.0,2021-04-16,2021
HAN,,,2021-04-17,2021
HAN,mcguide02,,2021-04-18,2021
HAN,mizeca01,5.0,2021-04-19,2021
HAN,iveyty01,5.0,2021-04-20,2021
HAN,hanifbr01,5.0,2021-04-21,2021
HAN,goudeas01,6.0,2021-04-23,2021
HAN,,5.0,2021-04-24,2021
HAN,iveyty01,5.0,2021-04-25,2021
HAN,hanifbr01,6.0,2021-04-27,2021
HAN,goudeas01,,2021-04-28,2021
HAN,cobbal01,,2021-04-30,2021
HAN,iveyty01,6.0,2021-05-01,2021
HAN,hanifbr01,5.0,2021-05-02,2021
HAN,mizeca01,10.0,2021-05-04,2021
HAN,goudeas01,7.0,2021-05-05,2021
HAN,,,2021-05-06,2021
HAN,iveyty01,6.0,2021-05-07,2021
HAN,hanifbr01,6.0,2021-05-08,2021
HAN,,5.0,2021-05-09,2021
HAN,goudeas01,6.0,2021-05-11,2021
HAN,cobbal01,6.0,2021-05-12,2021
HAN,iveyty01,6.0,2021-05-13,2021
HAN,hanifbr01,6.0,2021-05-14,2021
HAN,mizeca01,6.0,2021-05-15,2021
HAN,goudeas01,5.0,2021-05-16,2021
HAN,cobbal01,5.0,2021-05-17,2021
HAN,iveyty01,5.0,2021-05-18,2021
HAN,hanifbr01,5.0,2021-05-19,2021
HAN,mizeca01,5.0,2021-05-20,2021
HAN,kintzbr01,38.0,2021-05-21,2021
HAN,,5.0,2021-05-22,2021
HAN,iveyty01,5.0,2021-05-23,2021
HAN,hanifbr01,6.0,2021-05-25,2021
HAN,mizeca01,6.0,2021-05-26,2021
HAN,kintzbr01,6.0,2021-05-27,2021
HAN,iveyty01,6.0,2021-05-29,2021
HAN,cobbal01,7.0,2021-05-29,2021
HAN,,5.0,2021-05-30,2021
HAN,mizeca01,5.0,2021-05-31,2021
HAN,kintzbr01,,2021-06-01,2021
HAN,cobbal01,4.0,2021-06-02,2021
HAN,iveyty01,5.0,2021-06-03,2021
HAN,hanifbr01,5.0,2021-06-04,2021
HAN,mizeca01,5.0,2021-06-05,2021
HAN,leeza01,,2021-06-06,2021
HAN,cobbal01,6.0,2021-06-08,2021
HAN,iveyty01,6.0,2021-06-09,2021
HAN,hanifbr01,7.0,2021-06-11,2021
HAN,goudeas01,27.0,2021-06-12,2021
HAN,smylydr01,,2021-06-12,2021
HAN,mizeca01,8.0,2021-06-13,2021
HAN,cobbal01,6.0,2021-06-14,2021
HAN,iveyty01,6.0,2021-06-15,2021
HAN,mcguide02,59.0,2021-06-16,2021
HAN,goudeas01,6.0,2021-06-18,2021
HAN,mizeca01,6.0,2021-06-19,2021
HAN,cobbal01,5.0,2021-06-19,2021
HAN,iveyty01,5.0,2021-06-20,2021
HAN,hanifbr01,11.0,2021-06-22,2021
HAN,goudeas01,5.0,2021-06-23,2021
HAN,mizeca01,5.0,2021-06-24,2021
HAN,cobbal01,6.0,2021-06-25,2021
HAN,iveyty01,6.0,2021-06-26,2021
HAN,hanifbr01,5.0,2021-06-27,2021
HAN,mcguide02,12.0,2021-06-28,2021
HAN,mizeca01,5.0,2021-06-29,2021
HAN,cobbal01,5.0,2021-06-30,2021
HAN,iveyty01,5.0,2021-07-01,2021
HAN,hanifbr01,5.0,2021-07-02,2021
HAN,mcguide02,5.0,2021-07-03,2021
HAN,mizeca01,5.0,2021-07-04,2021
HAN,cobbal01,5.0,2021-07-05,2021
HAN,goudeas01,13.0,2021-07-06,2021
HAN,iveyty01,6.0,2021-07-07,2021
HAN,hanifbr01,6.0,2021-07-08,2021
HAN,mcguide02,,2021-07-09,2021
HAN,cobbal01,5.0,2021-07-10,2021
HAN,goudeas01,5.0,2021-07-11,2021
HAN,goudeas01,5.0,2021-07-16,2021
HAN,iveyty01,10.0,2021-07-17,2021
HAN,hanifbr01,10.0,2021-07-18,2021
HAN,cobbal01,9.0,2021-07-19,2021
HAN,mcguide02,11.0,2021-07-20,2021
HAN,goudeas01,5.0,2021-07-21,2021
HAN,iveyty01,6.0,2021-07-23,2021
HAN,cobbal01,5.0,2021-07-24,2021
HAN,mcguide02,5.0,2021-07-25,2021
HAN,mizeca01,22.0,2021-07-26,2021
HAN,goudeas01,6.0,2021-07-27,2021
HAN,hanifbr01,11.0,2021-07-29,2021
HAN,iveyty01,6.0,2021-07-29,2021
HAN,mcguide02,5.0,2021-07-30,2021
HAN,mizeca01,,2021-07-31,2021
HAN,iveyty01,,2022-04-07,2022
HAN,silsech01,,2022-04-08,2022
HAN,,,2022-04-09,2022
HAN,goudeas01,,2022-04-10,2022
HAN,falteba01,,2022-04-11,2022
HAN,iveyty01,5.0,2022-04-12,2022
HAN,silsech01,5.0,2022-04-13,2022
HAN,hammeja01,5.0,2022-04-14,2022
HAN,goudeas01,5.0,2022-04-15,2022
HAN,falteba01,5.0,2022-04-16,2022
HAN,iveyty01,5.0,2022-04-17,2022
HAN,hammeja01,5.0,2022-04-19,2022
HAN,silsech01,6.0,2022-04-19,2022
HAN,goudeas01,5.0,2022-04-20,2022
HAN,falteba01,5.0,2022-04-21,2022
HAN,iveyty01,5.0,2022-04-22,2022
HAN,kowarja01,,2022-04-23,2022
HAN,hammeja01,5.0,2022-04-24,2022
HAN,silsech01,,2022-04-26,2022
HAN,goudeas01,7.0,2022-04-27,2022
HAN,iveyty01,6.0,2022-04-28,2022
HAN,kowarja01,6.0,2022-04-29,2022
HAN,hammeja01,6.0,2022-04-30,2022
HAN,silsech01,5.0,2022-05-01,2022
HAN,goudeas01,6.0,2022-05-03,2022
HAN,iveyty01,6.0,2022-05-04,2022
HAN,kowarja01,6.0,2022-05-05,2022
HAN,hammeja01,6.0,2022-05-06,2022
HAN,silsech01,,2022-05-07,2022
HAN,goudeas01,5.0,2022-05-08,2022
HAN,iveyty01,6.0,2022-05-10,2022
HAN,kowarja01,6.0,2022-05-11,2022
HAN,hammeja01,6.0,2022-05-12,2022
HAN,silsech01,6.0,2022-05-13,2022
HAN,goudeas01,6.0,2022-05-14,2022
HAN,iveyty01,5.0,2022-05-15,2022
HAN,kowarja01,5.0,2022-05-16,2022
HAN,hammeja01,5.0,2022-05-17,2022
HAN,silsech01,5.0,2022-05-18,2022
HAN,goudeas01,6.0,2022-05-20,2022
HAN,iveyty01,6.0,2022-05-21,2022
HAN,kowarja01,6.0,2022-05-22,2022
HAN,,6.0,2022-05-23,2022
HAN,silsech01,6.0,2022-05-24,2022
HAN,goudeas01,5.0,2022-05-25,2022
HAN,iveyty01,5.0,2022-05-26,2022
HAN,hammeja01,5.0,2022-05-28,2022
HAN,kowarja01,6.0,2022-05-28,2022
HAN,silsech01,5.0,2022-05-29,2022
HAN,goudeas01,5.0,2022-05-30,2022
HAN,iveyty01,5.0,2022-05-31,2022
HAN,spierca01,,2022-06-01,2022
HAN,hammeja01,5.0,2022-06-02,2022
HAN,silsech01,5.0,2022-06-03,2022
HAN,goudeas01,5.0,2022-06-04,2022
HAN,iveyty01,5.0,2022-06-05,2022
HAN,hammeja01,5.0,2022-06-07,2022
HAN,silsech01,,2022-06-08,2022
HAN,kintzbr01,,2022-06-09,2022
HAN,goudeas01,6.0,2022-06-10,2022
HAN,iveyty01,6.0,2022-06-11,2022
HAN,mcguide02,,2022-06-12,2022
HAN,abbotco01,,2022-06-13,2022
HAN,lawde01,,2022-06-14,2022
HAN,goudeas01,5.0,2022-06-15,2022
HAN,iveyty01,5.0,2022-06-16,2022
HAN,hammeja01,10.0,2022-06-17,2022
HAN,mcguide02,5.0,2022-06-17,2022
HAN,silsech01,10.0,2022-06-18,2022
HAN,lawde01,5.0,2022-06-19,2022
HAN,goudeas01,6.0,2022-06-21,2022
HAN,iveyty01,6.0,2022-06-22,2022
HAN,mcguide02,7.0,2022-06-24,2022
HAN,silsech01,7.0,2022-06-25,2022
HAN,lawde01,7.0,2022-06-26,2022
HAN,goudeas01,6.0,2022-06-27,2022
HAN,iveyty01,6.0,2022-06-28,2022
HAN,mcguide02,5.0,2022-06-29,2022
HAN,silsech01,6.0,2022-07-01,2022
HAN,lawde01,,2022-07-02,2022
HAN,goudeas01,6.0,2022-07-03,2022
HAN,,6.0,2022-07-04,2022
HAN,mcguide02,6.0,2022-07-05,2022
HAN,silsech01,5.0,2022-07-06,2022
HAN,hammeja01,20.0,2022-07-07,2022
HAN,goudeas01,,2022-07-08,2022
HAN,iveyty01,5.0,2022-07-09,2022
HAN,mcguide02,5.0,2022-07-10,2022
HAN,,7.0,2022-07-13,2022
HAN,goudeas01,5.0,2022-07-13,2022
HAN,nunezda01,,2022-07-14,2022
HAN,iveyty01,6.0,2022-07-15,2022
HAN,,,2022-07-16,2022
HAN,abbotco01,34.0,2022-07-17,2022
HAN,iveyty01,7.0,2022-07-22,2022
HAN,nunezda01,9.0,2022-07-23,2022
HAN,goudeas01,11.0,2022-07-24,2022
HAN,mcguide02,9.0,2022-07-25,2022
HAN,silsech01,13.0,2022-07-26,2022
HAN,iveyty01,,2022-07-27,2022
HAN,nunezda01,6.0,2022-07-29,2022
HAN,mcguide02,5.0,2022-07-30,2022
HAN,silsech01,5.0,2022-07-31,2022
HAN,iveyty01,,2023-03-30,2023
HAN,,,2023-04-01,2023
HAN,lucchjo01,,2023-04-02,2023
HAN,rodried05,,2023-04-03,2023
HAN,colege01,,2023-04-04,2023
HAN,iveyty01,6.0,2023-04-05,2023
HAN,,5.0,2023-04-06,2023
HAN,lucchjo01,5.0,2023-04-07,2023
HAN,rodried05,5.0,2023-04-08,2023
HAN,colege01,5.0,2023-04-09,2023
HAN,iveyty01,5.0,2023-04-10,2023
HAN,silsech01,5.0,2023-04-11,2023
HAN,lucchjo01,5.0,2023-04-12,2023
HAN,,6.0,2023-04-14,2023
HAN,colege01,6.0,2023-04-15,2023
HAN,iveyty01,6.0,2023-04-16,2023
HAN,silsech01,7.0,2023-04-18,2023
HAN,lucchjo01,7.0,2023-04-19,2023
HAN,rodried05,7.0,2023-04-21,2023
HAN,colege01,7.0,2023-04-22,2023
HAN,iveyty01,7.0,2023-04-23,2023
HAN,silsech01,7.0,2023-04-25,2023
HAN,lucchjo01,7.0,2023-04-26,2023
HAN,rodried05,6.0,2023-04-27,2023
HAN,,6.0,2023-04-29,2023
HAN,colege01,7.0,2023-04-29,2023
HAN,silsech01,5.0,2023-04-30,2023
HAN,lucchjo01,5.0,2023-05-01,2023
HAN,rodried05,5.0,2023-05-02,2023
HAN,smithbu03,,2023-05-03,2023
HAN,iveyty01,5.0,2023-05-04,2023
HAN,,5.0,2023-05-05,2023
HAN,lucchjo01,5.0,2023-05-06,2023
HAN,rodried05,5.0,2023-05-07,2023
HAN,,5.0,2023-05-08,2023
HAN,iveyty01,,2023-05-09,2023
HAN,silsech01,5.0,2023-05-10,2023
HAN,lucchjo01,6.0,2023-05-12,2023
HAN,rodried05,6.0,2023-05-13,2023
HAN,smithbu03,6.0,2023-05-14,2023
HAN,iveyty01,6.0,2023-05-15,2023
HAN,silsech01,6.0,2023-05-16,2023
HAN,lucchjo01,5.0,2023-05-17,2023
HAN,rodried05,5.0,2023-05-18,2023
HAN,smithbu03,5.0,2023-05-19,2023
HAN,iveyty01,5.0,2023-05-20,2023
HAN,silsech01,5.0,2023-05-21,2023
HAN,lucchjo01,6.0,2023-05-23,2023
HAN,rodried05,6.0,2023-05-24,2023
HAN,smithbu03,,2023-05-25,2023
HAN,iveyty01,6.0,2023-05-26,2023
HAN,silsech01,6.0,2023-05-27,2023
HAN,lucchjo01,5.0,2023-05-28,2023
HAN,rodried05,5.0,2023-05-29,2023
HAN,smithbu03,5.0,2023-05-30,2023
HAN,iveyty01,5.0,2023-05-31,2023
HAN,silsech01,6.0,2023-06-02,2023
HAN,lucchjo01,6.0,2023-06-03,2023
HAN,rodried05,6.0,2023-06-04,2023
HAN,smithbu03,7.0,2023-06-06,2023
HAN,iveyty01,7.0,2023-06-07,2023
HAN,silsech01,7.0,2023-06-09,2023
HAN,lucchjo01,7.0,2023-06-10,2023
HAN,rodried05,7.0,2023-06-11,2023
HAN,iveyty01,6.0,2023-06-13,2023
HAN,silsech01,5.0,2023-06-14,2023
HAN,lucchjo01,5.0,2023-06-15,2023
HAN,rodried05,5.0,2023-06-16,2023
HAN,smithbu03,11.0,2023-06-17,2023
HAN,iveyty01,5.0,2023-06-18,2023
HAN,silsech01,5.0,2023-06-19,2023
HAN,lucchjo01,5.0,2023-06-20,2023
HAN,rodried05,5.0,2023-06-21,2023
HAN,smithbu03,5.0,2023-06-22,2023
HAN,iveyty01,5.0,2023-06-23,2023
HAN,silsech01,5.0,2023-06-24,2023
HAN,lucchjo01,5.0,2023-06-25,2023
HAN,rodried05,5.0,2023-06-26,2023
HAN,smithbu03,5.0,2023-06-27,2023
HAN,iveyty01,5.0,2023-06-28,2023
HAN,silsech01,6.0,2023-06-30,2023
HAN,lucchjo01,6.0,2023-07-01,2023
HAN,rodried05,6.0,2023-07-02,2023
HAN,smithbu03,6.0,2023-07-03,2023
HAN,iveyty01,6.0,2023-07-04,2023
HAN,silsech01,5.0,2023-07-05,2023
HAN,lucchjo01,5.0,2023-07-06,2023
HAN,rodried05,5.0,2023-07-07,2023
HAN,smithbu03,5.0,2023-07-08,2023
HAN,iveyty01,5.0,2023-07-09,2023
HAN,rodried05,7.0,2023-07-14,2023
HAN,smithbu03,7.0,2023-07-15,2023
HAN,silsech01,11.0,2023-07-16,2023
HAN,lucchjo01,11.0,2023-07-17,2023
HAN,,9.0,2023-07-18,2023
HAN,rodried05,5.0,2023-07-19,2023
HAN,smithbu03,6.0,2023-07-21,2023
HAN,silsech01,,2023-07-22,2023
HAN,lucchjo01,6.0,2023-07-23,2023
HAN,iveyty01,6.0,2023-07-24,2023
HAN,rodried05,6.0,2023-07-25,2023
HAN,smithbu03,5.0,2023-07-26,2023
HAN,silsech01,5.0,2023-07-27,2023
HAN,lucchjo01,5.0,2023-07-28,2023
HAN,iveyty01,5.0,2023-07-29,2023
HAN,rodried05,5.0,2023-07-30,2023
HAN,smithbu03,5.0,2023-07-31,2023
HXK,effrosc01,,2016-04-05,2016
HXK,nixja02,,2016-04-06,2016
HXK,henryto01,,2016-04-07,2016
HXK,wislema01,,2016-04-08,2016
HXK,millesh01,,2016-04-09,2016
HXK,effrosc01,5.0,2016-04-10,2016
HXK,nixja02,5.0,2016-04-11,2016
HXK,henryto01,5.0,2016-04-12,2016
HXK,wislema01,5.0,2016-04-13,2016
HXK,millesh01,5.0,2016-04-14,2016
HXK,effrosc01,5.0,2016-04-15,2016
HXK,nixja02,5.0,2016-04-16,2016
HXK,henryto01,5.0,2016-04-17,2016
HXK,wislema01,6.0,2016-04-19,2016
HXK,millesh01,6.0,2016-04-20,2016
HXK,effrosc01,6.0,2016-04-21,2016
HXK,nixja02,6.0,2016-04-22,2016
HXK,,6.0,2016-04-23,2016
HXK,wislema01,5.0,2016-04-24,2016
HXK,millesh01,,2016-04-25,2016
HXK,effrosc01,5.0,2016-04-26,2016
HXK,nixja02,5.0,2016-04-27,2016
HXK,henryto01,6.0,2016-04-29,2016
HXK,bushma01,,2016-04-30,2016
HXK,millesh01,6.0,2016-05-01,2016
HXK,effrosc01,6.0,2016-05-02,2016
HXK,,6.0,2016-05-03,2016
HXK,henryto01,5.0,2016-05-04,2016
HXK,bushma01,5.0,2016-05-05,2016
HXK,millesh01,5.0,2016-05-06,2016
HXK,effrosc01,5.0,2016-05-07,2016
HXK,nixja02,5.0,2016-05-08,2016
HXK,henryto01,,2016-05-09,2016
HXK,bushma01,5.0,2016-05-10,2016
HXK,millesh01,5.0,2016-05-11,2016
HXK,effrosc01,5.0,2016-05-12,2016
HXK,lewisco01,,2016-05-13,2016
HXK,nixja02,6.0,2016-05-14,2016
HXK,bushma01,5.0,2016-05-15,2016
HXK,effrosc01,5.0,2016-05-17,2016
HXK,millesh01,7.0,2016-05-18,2016
HXK,nixja02,5.0,2016-05-19,2016
HXK,lewisco01,7.0,2016-05-20,2016
HXK,henryto01,12.0,2016-05-21,2016
HXK,,5.0,2016-05-22,2016
HXK,millesh01,6.0,2016-05-24,2016
HXK,nixja02,6.0,2016-05-25,2016
HXK,lewisco01,,2016-05-26,2016
HXK,henryto01,6.0,2016-05-27,2016
HXK,effrosc01,,2016-05-28,2016
HXK,millesh01,5.0,2016-05-29,2016
HXK,nixja02,5.0,2016-05-30,2016
HXK,lewisco01,5.0,2016-05-31,2016
HXK,henryto01,5.0,2016-06-01,2016
HXK,,5.0,2016-06-02,2016
HXK,millesh01,5.0,2016-06-03,2016
HXK,nixja02,5.0,2016-06-04,2016
HXK,lewisco01,5.0,2016-06-05,2016
HXK,henryto01,5.0,2016-06-06,2016
HXK,effrosc01,5.0,2016-06-07,2016
HXK,millesh01,5.0,2016-06-08,2016
HXK,nixja02,5.0,2016-06-09,2016
HXK,lewisco01,5.0,2016-06-10,2016
HXK,henryto01,5.0,2016-06-11,2016
HXK,effrosc01,5.0,2016-06-12,2016
HXK,millesh01,6.0,2016-06-14,2016
HXK,nixja02,6.0,2016-06-15,2016
HXK,lewisco01,7.0,2016-06-17,2016
HXK,effrosc01,6.0,2016-06-18,2016
HXK,,8.0,2016-06-19,2016
HXK,millesh01,6.0,2016-06-20,2016
HXK,nixja02,6.0,2016-06-21,2016
HXK,lewisco01,5.0,2016-06-22,2016
HXK,effrosc01,,2016-06-24,2016
HXK,henryto01,6.0,2016-06-25,2016
HXK,millesh01,6.0,2016-06-26,2016
HXK,nixja02,6.0,2016-06-27,2016
HXK,wislema01,65.0,2016-06-28,2016
HXK,effrosc01,5.0,2016-06-29,2016
HXK,henryto01,6.0,2016-07-01,2016
HXK,,6.0,2016-07-02,2016
HXK,nixja02,6.0,2016-07-03,2016
HXK,lewisco01,12.0,2016-07-04,2016
HXK,effrosc01,6.0,2016-07-05,2016
HXK,henryto01,5.0,2016-07-06,2016
HXK,millesh01,5.0,2016-07-07,2016
HXK,,5.0,2016-07-08,2016
HXK,lewisco01,5.0,2016-07-09,2016
HXK,effrosc01,5.0,2016-07-10,2016
HXK,millesh01,8.0,2016-07-15,2016
HXK,lewisco01,,2016-07-16,2016
HXK,nixja02,9.0,2016-07-17,2016
HXK,henryto01,12.0,2016-07-18,2016
HXK,effrosc01,9.0,2016-07-19,2016
HXK,millesh01,5.0,2016-07-20,2016
HXK,lewisco01,6.0,2016-07-22,2016
HXK,nixja02,6.0,2016-07-23,2016
HXK,henryto01,6.0,2016-07-24,2016
HXK,effrosc01,6.0,2016-07-25,2016
HXK,millesh01,6.0,2016-07-26,2016
HXK,lewisco01,,2016-07-27,2016
HXK,nixja02,,2016-07-29,2016
HXK,henryto01,6.0,2016-07-30,2016
HXK,effrosc01,6.0,2016-07-31,2016
HXK,effrosc01,,2017-04-03,2017
HXK,lewisco01,,2017-04-04,2017
HXK,suarean01,,2017-04-05,2017
HXK,hoeinbr01,,2017-04-06,2017
HXK,henryto01,,2017-04-07,2017
HXK,effrosc01,5.0,2017-04-08,2017
HXK,lewisco01,5.0,2017-04-09,2017
HXK,suarean01,5.0,2017-04-10,2017
HXK,hoeinbr01,5.0,2017-04-11,2017
HXK,,5.0,2017-04-12,2017
HXK,effrosc01,6.0,2017-04-14,2017
HXK,lewisco01,6.0,2017-04-15,2017
HXK,suarean01,7.0,2017-04-17,2017
HXK,hoeinbr01,7.0,2017-04-18,2017
HXK,effrosc01,5.0,2017-04-19,2017
HXK,lewisco01,5.0,2017-04-20,2017
HXK,henryto01,9.0,2017-04-21,2017
HXK,,5.0,2017-04-22,2017
HXK,hoeinbr01,5.0,2017-04-23,2017
HXK,effrosc01,6.0,2017-04-25,2017
HXK,lewisco01,6.0,2017-04-26,2017
HXK,henryto01,6.0,2017-04-27,2017
HXK,,6.0,2017-04-28,2017
HXK,hoeinbr01,6.0,2017-04-29,2017
HXK,effrosc01,5.0,2017-04-30,2017
HXK,lewisco01,5.0,2017-05-01,2017
HXK,henryto01,5.0,2017-05-02,2017
HXK,,5.0,2017-05-03,2017
HXK,hoeinbr01,5.0,2017-05-04,2017
HXK,effrosc01,5.0,2017-05-05,2017
HXK,lewisco01,5.0,2017-05-06,2017
HXK,henryto01,5.0,2017-05-07,2017
HXK,suarean01,,2017-05-09,2017
HXK,hoeinbr01,6.0,2017-05-10,2017
HXK,effrosc01,6.0,2017-05-11,2017
HXK,lewisco01,6.0,2017-05-12,2017
HXK,suarean01,5.0,2017-05-14,2017
HXK,henryto01,7.0,2017-05-14,2017
HXK,hoeinbr01,5.0,2017-05-15,2017
HXK,effrosc01,5.0,2017-05-16,2017
HXK,lewisco01,5.0,2017-05-17,2017
HXK,suarean01,5.0,2017-05-19,2017
HXK,henryto01,6.0,2017-05-20,2017
HXK,hoeinbr01,6.0,2017-05-21,2017
HXK,jacqujo01,,2017-05-22,2017
HXK,lewisco01,6.0,2017-05-23,2017
HXK,suarean01,5.0,2017-05-24,2017
HXK,henryto01,5.0,2017-05-25,2017
HXK,hoeinbr01,5.0,2017-05-26,2017
HXK,effrosc01,11.0,2017-05-27,2017
HXK,lewisco01,5.0,2017-05-28,2017
HXK,jacqujo01,7.0,2017-05-29,2017
HXK,henryto01,5.0,2017-05-30,2017
HXK,smithch08,,2017-05-31,2017
HXK,effrosc01,6.0,2017-06-02,2017
HXK,lewisco01,6.0,2017-06-03,2017
HXK,jacqujo01,6.0,2017-06-04,2017
HXK,henryto01,6.0,2017-06-05,2017
HXK,smithch08,6.0,2017-06-06,2017
HXK,ramirjc01,,2017-06-07,2017
HXK,lewisco01,5.0,2017-06-08,2017
HXK,jacqujo01,5.0,2017-06-09,2017
HXK,henryto01,5.0,2017-06-10,2017
HXK,smithch08,5.0,2017-06-11,2017
HXK,hoeinbr01,17.0,2017-06-12,2017
HXK,jacqujo01,4.0,2017-06-13,2017
HXK,priceda01,,2017-06-14,2017
HXK,henryto01,6.0,2017-06-16,2017
HXK,smithch08,6.0,2017-06-17,2017
HXK,hoeinbr01,6.0,2017-06-18,2017
HXK,jacqujo01,6.0,2017-06-19,2017
HXK,priceda01,6.0,2017-06-20,2017
HXK,henryto01,5.0,2017-06-21,2017
HXK,smithch08,5.0,2017-06-22,2017
HXK,hoeinbr01,5.0,2017-06-23,2017
HXK,lewisco01,16.0,2017-06-24,2017
HXK,priceda01,5.0,2017-06-25,2017
HXK,henryto01,6.0,2017-06-27,2017
HXK,smithch08,6.0,2017-06-28,2017
HXK,jacqujo01,10.0,2017-06-29,2017
HXK,lewisco01,6.0,2017-06-30,2017
HXK,priceda01,6.0,2017-07-01,2017
HXK,henryto01,5.0,2017-07-02,2017
HXK,jacqujo01,5.0,2017-07-04,2017
HXK,hoeinbr01,12.0,2017-07-05,2017
HXK,lewisco01,6.0,2017-07-06,2017
HXK,suarean01,44.0,2017-07-07,2017
HXK,henryto01,6.0,2017-07-08,2017
HXK,jacqujo01,5.0,2017-07-09,2017
HXK,suarean01,7.0,2017-07-14,2017
HXK,hoeinbr01,10.0,2017-07-15,2017
HXK,henryto01,8.0,2017-07-16,2017
HXK,lewisco01,11.0,2017-07-17,2017
HXK,jacqujo01,9.0,2017-07-18,2017
HXK,suarean01,5.0,2017-07-19,2017
HXK,henryto01,5.0,2017-07-21,2017
HXK,nixja02,,2017-07-22,2017
HXK,lewisco01,6.0,2017-07-23,2017
HXK,jacqujo01,6.0,2017-07-24,2017
HXK,suarean01,6.0,2017-07-25,2017
HXK,henryto01,5.0,2017-07-26,2017
HXK,,56.0,2017-07-28,2017
HXK,nixja02,7.0,2017-07-29,2017
HXK,lewisco01,,2017-07-30,2017
HXK,,6.0,2017-07-31,2017
HXK,briesbe01,,2018-03-29,2018
HXK,effrosc01,,2018-03-30,2018
HXK,,,2018-03-31,2018
HXK,phillty01,,2018-04-01,2018
HXK,suarean01,,2018-04-02,2018
HXK,briesbe01,5.0,2018-04-03,2018
HXK,effrosc01,,2018-04-04,2018
HXK,lewisco01,6.0,2018-04-06,2018
HXK,phillty01,6.0,2018-04-07,2018
HXK,suarean01,6.0,2018-04-08,2018
HXK,briesbe01,6.0,2018-04-09,2018
HXK,effrosc01,6.0,2018-04-10,2018
HXK,lewisco01,5.0,2018-04-11,2018
HXK,phillty01,6.0,2018-04-13,2018
HXK,suarean01,6.0,2018-04-14,2018
HXK,briesbe01,6.0,2018-04-15,2018
HXK,,6.0,2018-04-16,2018
HXK,lewisco01,,2018-04-17,2018
HXK,phillty01,5.0,2018-04-18,2018
HXK,suarean01,5.0,2018-04-19,2018
HXK,briesbe01,5.0,2018-04-20,2018
HXK,effrosc01,5.0,2018-04-21,2018
HXK,lewisco01,5.0,2018-04-22,2018
HXK,phillty01,5.0,2018-04-23,2018
HXK,suarean01,5.0,2018-04-24,2018
HXK,briesbe01,5.0,2018-04-25,2018
HXK,effrosc01,6.0,2018-04-27,2018
HXK,lewisco01,6.0,2018-04-28,2018
HXK,phillty01,6.0,2018-04-29,2018
HXK,suarean01,6.0,2018-04-30,2018
HXK,briesbe01,6.0,2018-05-01,2018
HXK,effrosc01,5.0,2018-05-02,2018
HXK,lewisco01,5.0,2018-05-03,2018
HXK,phillty01,5.0,2018-05-04,2018
HXK,suarean01,,2018-05-05,2018
HXK,briesbe01,5.0,2018-05-06,2018
HXK,effrosc01,5.0,2018-05-07,2018
HXK,lewisco01,5.0,2018-05-08,2018
HXK,phillty01,5.0,2018-05-09,2018
HXK,briesbe01,5.0,2018-05-11,2018
HXK,suarean01,7.0,2018-05-12,2018
HXK,effrosc01,6.0,2018-05-13,2018
HXK,lewisco01,6.0,2018-05-14,2018
HXK,phillty01,6.0,2018-05-15,2018
HXK,briesbe01,5.0,2018-05-16,2018
HXK,suarean01,6.0,2018-05-18,2018
HXK,effrosc01,6.0,2018-05-19,2018
HXK,lewisco01,6.0,2018-05-20,2018
HXK,phillty01,7.0,2018-05-22,2018
HXK,briesbe01,7.0,2018-05-23,2018
HXK,suarean01,6.0,2018-05-24,2018
HXK,effrosc01,6.0,2018-05-25,2018
HXK,lewisco01,6.0,2018-05-26,2018
HXK,phillty01,5.0,2018-05-27,2018
HXK,briesbe01,5.0,2018-05-28,2018
HXK,suarean01,5.0,2018-05-29,2018
HXK,effrosc01,5.0,2018-05-30,2018
HXK,lewisco01,5.0,2018-05-31,2018
HXK,phillty01,,2018-06-01,2018
HXK,,5.0,2018-06-02,2018
HXK,suarean01,5.0,2018-06-03,2018
HXK,effrosc01,6.0,2018-06-05,2018
HXK,lewisco01,6.0,2018-06-06,2018
HXK,phillty01,,2018-06-07,2018
HXK,briesbe01,6.0,2018-06-08,2018
HXK,suarean01,6.0,2018-06-09,2018
HXK,effrosc01,5.0,2018-06-10,2018
HXK,lewisco01,6.0,2018-06-12,2018
HXK,phillty01,6.0,2018-06-13,2018
HXK,briesbe01,6.0,2018-06-14,2018
HXK,suarean01,6.0,2018-06-15,2018
HXK,effrosc01,6.0,2018-06-16,2018
HXK,lewisco01,5.0,2018-06-17,2018
HXK,phillty01,,2018-06-18,2018
HXK,briesbe01,5.0,2018-06-19,2018
HXK,suarean01,,2018-06-20,2018
HXK,effrosc01,6.0,2018-06-22,2018
HXK,lewisco01,6.0,2018-06-23,2018
HXK,phillty01,6.0,2018-06-24,2018
HXK,briesbe01,6.0,2018-06-25,2018
HXK,suarean01,6.0,2018-06-26,2018
HXK,effrosc01,5.0,2018-06-27,2018
HXK,lewisco01,5.0,2018-06-28,2018
HXK,,5.0,2018-06-29,2018
HXK,,5.0,2018-06-30,2018
HXK,suarean01,5.0,2018-07-01,2018
HXK,effrosc01,6.0,2018-07-03,2018
HXK,phillty01,5.0,2018-07-04,2018
HXK,briesbe01,5.0,2018-07-05,2018
HXK,lewisco01,8.0,2018-07-06,2018
HXK,suarean01,6.0,2018-07-07,2018
HXK,effrosc01,5.0,2018-07-08,2018
HXK,phillty01,5.0,2018-07-09,2018
HXK,briesbe01,5.0,2018-07-10,2018
HXK,lewisco01,5.0,2018-07-11,2018
HXK,suarean01,5.0,2018-07-12,2018
HXK,effrosc01,5.0,2018-07-13,2018
HXK,phillty01,5.0,2018-07-14,2018
HXK,briesbe01,,2018-07-15,2018
HXK,effrosc01,7.0,2018-07-20,2018
HXK,briesbe01,6.0,2018-07-21,2018
HXK,lewisco01,11.0,2018-07-22,2018
HXK,phillty01,10.0,2018-07-24,2018
HXK,suarean01,13.0,2018-07-25,2018
HXK,,7.0,2018-07-27,2018
HXK,briesbe01,7.0,2018-07-28,2018
HXK,lewisco01,7.0,2018-07-29,2018
HXK,phillty01,,2018-07-30,2018
HXK,suarean01,6.0,2018-07-31,2018
HXK,briesbe01,,2019-03-28,2019
HXK,phillty01,,2019-03-29,2019
HXK,nixja02,,2019-03-30,2019
HXK,rodrich01,,2019-03-31,2019
HXK,jacqujo01,,2019-04-01,2019
HXK,briesbe01,5.0,2019-04-02,2019
HXK,phillty01,5.0,2019-04-03,2019
HXK,nixja02,6.0,2019-04-05,2019
HXK,rodrich01,6.0,2019-04-06,2019
HXK,jacqujo01,,2019-04-07,2019
HXK,briesbe01,6.0,2019-04-08,2019
HXK,phillty01,6.0,2019-04-09,2019
HXK,,5.0,2019-04-10,2019
HXK,rodrich01,6.0,2019-04-12,2019
HXK,briesbe01,5.0,2019-04-13,2019
HXK,phillty01,5.0,2019-04-14,2019
HXK,nixja02,6.0,2019-04-16,2019
HXK,rodrich01,5.0,2019-04-17,2019
HXK,briesbe01,6.0,2019-04-19,2019
HXK,phillty01,6.0,2019-04-20,2019
HXK,nixja02,5.0,2019-04-21,2019
HXK,jacqujo01,15.0,2019-04-22,2019
HXK,rodrich01,6.0,2019-04-23,2019
HXK,,5.0,2019-04-24,2019
HXK,phillty01,,2019-04-25,2019
HXK,nixja02,5.0,2019-04-26,2019
HXK,jacqujo01,5.0,2019-04-27,2019
HXK,rodrich01,5.0,2019-04-28,2019
HXK,briesbe01,5.0,2019-04-29,2019
HXK,phillty01,5.0,2019-04-30,2019
HXK,nixja02,5.0,2019-05-01,2019
HXK,jacqujo01,5.0,2019-05-02,2019
HXK,rodrich01,6.0,2019-05-04,2019
HXK,briesbe01,6.0,2019-05-05,2019
HXK,phillty01,6.0,2019-05-06,2019
HXK,nixja02,6.0,2019-05-07,2019
HXK,jacqujo01,6.0,2019-05-08,2019
HXK,rodrich01,5.0,2019-05-09,2019
HXK,briesbe01,5.0,2019-05-10,2019
HXK,phillty01,5.0,2019-05-11,2019
HXK,oberhbr01,,2019-05-12,2019
HXK,jacqujo01,5.0,2019-05-13,2019
HXK,rodrich01,5.0,2019-05-14,2019
HXK,briesbe01,5.0,2019-05-15,2019
HXK,phillty01,6.0,2019-05-17,2019
HXK,oberhbr01,6.0,2019-05-18,2019
HXK,rodrich01,5.0,2019-05-19,2019
HXK,jacqujo01,7.0,2019-05-20,2019
HXK,briesbe01,6.0,2019-05-21,2019
HXK,phillty01,5.0,2019-05-22,2019
HXK,oberhbr01,5.0,2019-05-23,2019
HXK,rodrich01,5.0,2019-05-24,2019
HXK,jacqujo01,5.0,2019-05-25,2019
HXK,briesbe01,5.0,2019-05-26,2019
HXK,phillty01,5.0,2019-05-27,2019
HXK,oberhbr01,5.0,2019-05-28,2019
HXK,rodrich01,5.0,2019-05-29,2019
HXK,jacqujo01,6.0,2019-05-31,2019
HXK,briesbe01,6.0,2019-06-01,2019
HXK,phillty01,6.0,2019-06-02,2019
HXK,oberhbr01,6.0,2019-06-03,2019
HXK,rodrich01,6.0,2019-06-04,2019
HXK,jacqujo01,5.0,2019-06-05,2019
HXK,briesbe01,5.0,2019-06-06,2019
HXK,phillty01,5.0,2019-06-07,2019
HXK,graveke01,,2019-06-08,2019
HXK,rodrich01,5.0,2019-06-09,2019
HXK,jacqujo01,6.0,2019-06-11,2019
HXK,briesbe01,6.0,2019-06-12,2019
HXK,phillty01,7.0,2019-06-14,2019
HXK,graveke01,7.0,2019-06-15,2019
HXK,jacqujo01,5.0,2019-06-16,2019
HXK,rodrich01,,2019-06-17,2019
HXK,briesbe01,6.0,2019-06-18,2019
HXK,phillty01,,2019-06-19,2019
HXK,graveke01,5.0,2019-06-20,2019
HXK,jacqujo01,5.0,2019-06-21,2019
HXK,rodrich01,5.0,2019-06-22,2019
HXK,briesbe01,5.0,2019-06-23,2019
HXK,,6.0,2019-06-25,2019
HXK,graveke01,6.0,2019-06-26,2019
HXK,jacqujo01,,2019-06-27,2019
HXK,,6.0,2019-06-28,2019
HXK,,6.0,2019-06-29,2019
HXK,phillty01,5.0,2019-06-30,2019
HXK,friedch01,,2019-07-02,2019
HXK,rodrich01,5.0,2019-07-03,2019
HXK,briesbe01,6.0,2019-07-05,2019
HXK,phillty01,6.0,2019-07-06,2019
HXK,friedch01,5.0,2019-07-07,2019
HXK,graveke01,15.0,2019-07-11,2019
HXK,phillty01,6.0,2019-07-12,2019
HXK,rodrich01,10.0,2019-07-13,2019
HXK,briesbe01,9.0,2019-07-14,2019
HXK,,,2019-07-15,2019
HXK,plutkad01,,2019-07-16,2019
HXK,phillty01,5.0,2019-07-17,2019
HXK,rodrich01,5.0,2019-07-18,2019
HXK,briesbe01,5.0,2019-07-19,2019
HXK,friedch01,13.0,2019-07-20,2019
HXK,severlu01,,2019-07-21,2019
HXK,,5.0,2019-07-22,2019
HXK,rodrich01,5.0,2019-07-23,2019
HXK,briesbe01,5.0,2019-07-24,2019
HXK,friedch01,6.0,2019-07-26,2019
HXK,phillty01,5.0,2019-07-27,2019
HXK,rodrich01,5.0,2019-07-28,2019
HXK,briesbe01,6.0,2019-07-30,2019
HXK,,5.0,2019-07-31,2019
HXK,rodriya01,,2021-04-01,2021
HXK,conlopj01,,2021-04-02,2021
HXK,lewisco01,,2021-04-03,2021
HXK,friedch01,,2021-04-04,2021
HXK,mantijo01,,2021-04-05,2021
HXK,rodriya01,5.0,2021-04-06,2021
HXK,conlopj01,6.0,2021-04-08,2021
HXK,lewisco01,6.0,2021-04-09,2021
HXK,friedch01,6.0,2021-04-10,2021
HXK,rodriya01,6.0,2021-04-12,2021
HXK,adamsau02,,2021-04-13,2021
HXK,lewisco01,5.0,2021-04-14,2021
HXK,friedch01,6.0,2021-04-16,2021
HXK,rodriya01,5.0,2021-04-17,2021
HXK,adamsau02,5.0,2021-04-18,2021
HXK,mantijo01,,2021-04-20,2021
HXK,friedch01,5.0,2021-04-21,2021
HXK,conlopj01,14.0,2021-04-22,2021
HXK,rodriya01,6.0,2021-04-23,2021
HXK,adamsau02,6.0,2021-04-24,2021
HXK,lewisco01,11.0,2021-04-25,2021
HXK,friedch01,5.0,2021-04-26,2021
HXK,conlopj01,5.0,2021-04-27,2021
HXK,rodriya01,5.0,2021-04-28,2021
HXK,mantijo01,9.0,2021-04-29,2021
HXK,lewisco01,5.0,2021-04-30,2021
HXK,friedch01,5.0,2021-05-01,2021
HXK,conlopj01,5.0,2021-05-02,2021
HXK,rodriya01,6.0,2021-05-04,2021
HXK,mantijo01,6.0,2021-05-05,2021
HXK,lewisco01,6.0,2021-05-06,2021
HXK,friedch01,6.0,2021-05-07,2021
HXK,conlopj01,6.0,2021-05-08,2021
HXK,rodriya01,5.0,2021-05-09,2021
HXK,mantijo01,5.0,2021-05-10,2021
HXK,lewisco01,5.0,2021-05-11,2021
HXK,friedch01,5.0,2021-05-12,2021
HXK,conlopj01,5.0,2021-05-13,2021
HXK,rodriya01,5.0,2021-05-14,2021
HXK,mantijo01,5.0,2021-05-15,2021
HXK,lewisco01,5.0,2021-05-16,2021
HXK,conlopj01,5.0,2021-05-18,2021
HXK,rodriya01,5.0,2021-05-19,2021
HXK,mantijo01,5.0,2021-05-20,2021
HXK,lynnla01,,2021-05-21,2021
HXK,lewisco01,6.0,2021-05-22,2021
HXK,conlopj01,5.0,2021-05-23,2021
HXK,rodriya01,,2021-05-25,2021
HXK,mantijo01,6.0,2021-05-26,2021
HXK,graveke01,,2021-05-28,2021
HXK,adamsau02,35.0,2021-05-29,2021
HXK,rodriya01,5.0,2021-05-30,2021
HXK,friedch01,19.0,2021-05-31,2021
HXK,,6.0,2021-06-01,2021
HXK,graveke01,5.0,2021-06-02,2021
HXK,adamsau02,5.0,2021-06-03,2021
HXK,rodriya01,5.0,2021-06-04,2021
HXK,friedch01,,2021-06-05,2021
HXK,mantijo01,5.0,2021-06-06,2021
HXK,graveke01,6.0,2021-06-08,2021
HXK,adamsau02,6.0,2021-06-09,2021
HXK,rodriya01,6.0,2021-06-10,2021
HXK,friedch01,6.0,2021-06-11,2021
HXK,mantijo01,6.0,2021-06-12,2021
HXK,graveke01,5.0,2021-06-13,2021
HXK,lewisco01,24.0,2021-06-15,2021
HXK,rodriya01,6.0,2021-06-16,2021
HXK,friedch01,,2021-06-17,2021
HXK,mantijo01,6.0,2021-06-18,2021
HXK,graveke01,6.0,2021-06-19,2021
HXK,lewisco01,5.0,2021-06-20,2021
HXK,adamsau02,12.0,2021-06-21,2021
HXK,rodriya01,6.0,2021-06-22,2021
HXK,friedch01,6.0,2021-06-23,2021
HXK,mantijo01,6.0,2021-06-24,2021
HXK,,7.0,2021-06-26,2021
HXK,lewisco01,6.0,2021-06-26,2021
HXK,adamsau02,6.0,2021-06-27,2021
HXK,rodriya01,6.0,2021-06-28,2021
HXK,friedch01,6.0,2021-06-29,2021
HXK,mantijo01,6.0,2021-06-30,2021
HXK,graveke01,5.0,2021-07-01,2021
HXK,lewisco01,6.0,2021-07-02,2021
HXK,adamsau02,6.0,2021-07-03,2021
HXK,rodriya01,6.0,2021-07-04,2021
HXK,graveke01,5.0,2021-07-06,2021
HXK,mantijo01,7.0,2021-07-07,2021
HXK,lewisco01,6.0,2021-07-08,2021
HXK,adamsau02,6.0,2021-07-09,2021
HXK,rodriya01,6.0,2021-07-10,2021
HXK,graveke01,5.0,2021-07-11,2021
HXK,lewisco01,,2021-07-16,2021
HXK,adamsau02,8.0,2021-07-17,2021
HXK,graveke01,7.0,2021-07-18,2021
HXK,rodriya01,9.0,2021-07-19,2021
HXK,mantijo01,13.0,2021-07-20,2021
HXK,lewisco01,5.0,2021-07-21,2021
HXK,adamsau02,6.0,2021-07-23,2021
HXK,graveke01,6.0,2021-07-24,2021
HXK,rodriya01,6.0,2021-07-25,2021
HXK,mantijo01,6.0,2021-07-26,2021
HXK,lewisco01,6.0,2021-07-27,2021
HXK,adamsau02,5.0,2021-07-28,2021
HXK,graveke01,6.0,2021-07-30,2021
HXK,rodriya01,6.0,2021-07-31,2021
HXK,graveke01,,2022-04-07,2022
HXK,adamsau02,,2022-04-08,2022
HXK,briesbe01,,2022-04-09,2022
HXK,friedch01,,2022-04-10,2022
HXK,mantijo01,,2022-04-12,2022
HXK,graveke01,6.0,2022-04-13,2022
HXK,adamsau02,7.0,2022-04-15,2022
HXK,briesbe01,7.0,2022-04-16,2022
HXK,friedch01,7.0,2022-04-17,2022
HXK,mantijo01,6.0,2022-04-18,2022
HXK,,6.0,2022-04-19,2022
HXK,adamsau02,5.0,2022-04-20,2022
HXK,briesbe01,,2022-04-22,2022
HXK,friedch01,6.0,2022-04-23,2022
HXK,,6.0,2022-04-24,2022
HXK,graveke01,6.0,2022-04-25,2022
HXK,adamsau02,6.0,2022-04-26,2022
HXK,conlopj01,,2022-04-27,2022
HXK,briesbe01,6.0,2022-04-28,2022
HXK,friedch01,6.0,2022-04-29,2022
HXK,mantijo01,6.0,2022-04-30,2022
HXK,graveke01,6.0,2022-05-01,2022
HXK,adamsau02,6.0,2022-05-02,2022
HXK,conlopj01,6.0,2022-05-03,2022
HXK,briesbe01,6.0,2022-05-04,2022
HXK,friedch01,6.0,2022-05-05,2022
HXK,mantijo01,6.0,2022-05-06,2022
HXK,graveke01,6.0,2022-05-07,2022
HXK,adamsau02,6.0,2022-05-08,2022
HXK,briesbe01,6.0,2022-05-10,2022
HXK,friedch01,6.0,2022-05-11,2022
HXK,mantijo01,6.0,2022-05-12,2022
HXK,,6.0,2022-05-13,2022
HXK,conlopj01,11.0,2022-05-14,2022
HXK,briesbe01,5.0,2022-05-15,2022
HXK,adamsau02,8.0,2022-05-16,2022
HXK,friedch01,6.0,2022-05-17,2022
HXK,mantijo01,6.0,2022-05-18,2022
HXK,graveke01,6.0,2022-05-19,2022
HXK,conlopj01,6.0,2022-05-20,2022
HXK,briesbe01,6.0,2022-05-21,2022
HXK,friedch01,,2022-05-22,2022
HXK,mantijo01,5.0,2022-05-23,2022
HXK,graveke01,5.0,2022-05-24,2022
HXK,conlopj01,5.0,2022-05-25,2022
HXK,briesbe01,6.0,2022-05-27,2022
HXK,friedch01,6.0,2022-05-28,2022
HXK,mantijo01,6.0,2022-05-29,2022
HXK,graveke01,6.0,2022-05-30,2022
HXK,conlopj01,6.0,2022-05-31,2022
HXK,briesbe01,5.0,2022-06-01,2022
HXK,friedch01,6.0,2022-06-03,2022
HXK,mantijo01,6.0,2022-06-04,2022
HXK,graveke01,6.0,2022-06-05,2022
HXK,conlopj01,6.0,2022-06-06,2022
HXK,briesbe01,6.0,2022-06-07,2022
HXK,friedch01,,2022-06-08,2022
HXK,mantijo01,6.0,2022-06-10,2022
HXK,graveke01,6.0,2022-06-11,2022
HXK,briesbe01,5.0,2022-06-12,2022
HXK,conlopj01,7.0,2022-06-13,2022
HXK,friedch01,6.0,2022-06-14,2022
HXK,mantijo01,5.0,2022-06-15,2022
HXK,graveke01,6.0,2022-06-17,2022
HXK,briesbe01,6.0,2022-06-18,2022
HXK,conlopj01,6.0,2022-06-19,2022
HXK,friedch01,7.0,2022-06-21,2022
HXK,mantijo01,,2022-06-22,2022
HXK,graveke01,6.0,2022-06-23,2022
HXK,briesbe01,6.0,2022-06-24,2022
HXK,conlopj01,6.0,2022-06-25,2022
HXK,friedch01,,2022-06-26,2022
HXK,graveke01,5.0,2022-06-28,2022
HXK,briesbe01,5.0,2022-06-29,2022
HXK,mantijo01,8.0,2022-06-30,2022
HXK,conlopj01,6.0,2022-07-01,2022
HXK,friedch01,6.0,2022-07-02,2022
HXK,graveke01,5.0,2022-07-03,2022
HXK,adamsau02,49.0,2022-07-04,2022
HXK,mantijo01,5.0,2022-07-05,2022
HXK,conlopj01,,2022-07-06,2022
HXK,briesbe01,8.0,2022-07-07,2022
HXK,friedch01,6.0,2022-07-08,2022
HXK,,6.0,2022-07-09,2022
HXK,adamsau02,6.0,2022-07-10,2022
HXK,mantijo01,7.0,2022-07-12,2022
HXK,conlopj01,7.0,2022-07-13,2022
HXK,graveke01,5.0,2022-07-14,2022
HXK,friedch01,7.0,2022-07-15,2022
HXK,briesbe01,9.0,2022-07-16,2022
HXK,adamsau02,7.0,2022-07-17,2022
HXK,conlopj01,8.0,2022-07-21,2022
HXK,mantijo01,9.0,2022-07-21,2022
HXK,friedch01,7.0,2022-07-22,2022
HXK,briesbe01,7.0,2022-07-23,2022
HXK,graveke01,,2022-07-24,2022
HXK,adamsau02,8.0,2022-07-25,2022
HXK,mantijo01,5.0,2022-07-26,2022
HXK,conlopj01,6.0,2022-07-27,2022
HXK,friedch01,6.0,2022-07-28,2022
HXK,briesbe01,6.0,2022-07-29,2022
HXK,graveke01,6.0,2022-07-30,2022
HXK,adamsau02,6.0,2022-07-31,2022
HXK,graveke01,,2023-03-30,2023
HXK,conlopj01,,2023-03-31,2023
HXK,friedch01,,2023-04-01,2023
HXK,mantijo01,,2023-04-02,2023
HXK,worleva01,,2023-04-03,2023
HXK,graveke01,5.0,2023-04-04,2023
HXK,conlopj01,5.0,2023-04-05,2023
HXK,friedch01,6.0,2023-04-07,2023
HXK,mantijo01,6.0,2023-04-08,2023
HXK,worleva01,6.0,2023-04-09,2023
HXK,graveke01,6.0,2023-04-10,2023
HXK,conlopj01,6.0,2023-04-11,2023
HXK,friedch01,5.0,2023-04-12,2023
HXK,mantijo01,6.0,2023-04-14,2023
HXK,worleva01,6.0,2023-04-15,2023
HXK,graveke01,6.0,2023-04-16,2023
HXK,conlopj01,6.0,2023-04-17,2023
HXK,friedch01,,2023-04-18,2023
HXK,mantijo01,5.0,2023-04-19,2023
HXK,worleva01,6.0,2023-04-21,2023
HXK,,6.0,2023-04-22,2023
HXK,conlopj01,6.0,2023-04-23,2023
HXK,friedch01,6.0,2023-04-24,2023
HXK,mantijo01,6.0,2023-04-25,2023
HXK,worleva01,5.0,2023-04-26,2023
HXK,graveke01,6.0,2023-04-28,2023
HXK,conlopj01,6.0,2023-04-29,2023
HXK,,6.0,2023-04-30,2023
HXK,mantijo01,6.0,2023-05-01,2023
HXK,,6.0,2023-05-02,2023
HXK,graveke01,,2023-05-03,2023
HXK,conlopj01,6.0,2023-05-05,2023
HXK,olsonre01,,2023-05-06,2023
HXK,meansjo01,,2023-05-07,2023
HXK,worleva01,6.0,2023-05-08,2023
HXK,graveke01,6.0,2023-05-09,2023
HXK,conlopj01,5.0,2023-05-10,2023
HXK,olsonre01,6.0,2023-05-12,2023
HXK,meansjo01,6.0,2023-05-13,2023
HXK,worleva01,,2023-05-14,2023
HXK,graveke01,6.0,2023-05-15,2023
HXK,conlopj01,,2023-05-16,2023
HXK,olsonre01,5.0,2023-05-17,2023
HXK,meansjo01,6.0,2023-05-19,2023
HXK,worleva01,6.0,2023-05-20,2023
HXK,graveke01,6.0,2023-05-21,2023
HXK,conlopj01,6.0,2023-05-22,2023
HXK,olsonre01,6.0,2023-05-23,2023
HXK,meansjo01,5.0,2023-05-24,2023
HXK,worleva01,6.0,2023-05-26,2023
HXK,graveke01,6.0,2023-05-27,2023
HXK,conlopj01,6.0,2023-05-28,2023
HXK,olsonre01,6.0,2023-05-29,2023
HXK,meansjo01,6.0,2023-05-30,2023
HXK,worleva01,5.0,2023-05-31,2023
HXK,flynnbr01,,2023-06-01,2023
HXK,graveke01,6.0,2023-06-02,2023
HXK,conlopj01,6.0,2023-06-03,2023
HXK,olsonre01,6.0,2023-06-04,2023
HXK,meansjo01,6.0,2023-06-05,2023
HXK,worleva01,6.0,2023-06-06,2023
HXK,flynnbr01,6.0,2023-06-07,2023
HXK,graveke01,,2023-06-08,2023
HXK,conlopj01,6.0,2023-06-09,2023
HXK,olsonre01,6.0,2023-06-10,2023
HXK,,6.0,2023-06-11,2023
HXK,worleva01,7.0,2023-06-13,2023
HXK,graveke01,6.0,2023-06-14,2023
HXK,conlopj01,6.0,2023-06-15,2023
HXK,olsonre01,6.0,2023-06-16,2023
HXK,meansjo01,6.0,2023-06-17,2023
HXK,flynnbr01,11.0,2023-06-18,2023
HXK,worleva01,6.0,2023-06-19,2023
HXK,graveke01,6.0,2023-06-20,2023
HXK,conlopj01,6.0,2023-06-21,2023
HXK,olsonre01,7.0,2023-06-23,2023
HXK,flynnbr01,6.0,2023-06-24,2023
HXK,worleva01,6.0,2023-06-25,2023
HXK,graveke01,7.0,2023-06-27,2023
HXK,conlopj01,7.0,2023-06-28,2023
HXK,olsonre01,6.0,2023-06-29,2023
HXK,flynnbr01,6.0,2023-06-30,2023
HXK,worleva01,6.0,2023-07-01,2023
HXK,vesiaal01,,2023-07-02,2023
HXK,conlopj01,5.0,2023-07-03,2023
HXK,meansjo01,17.0,2023-07-04,2023
HXK,olsonre01,,2023-07-05,2023
HXK,flynnbr01,6.0,2023-07-06,2023
HXK,worleva01,6.0,2023-07-07,2023
HXK,graveke01,11.0,2023-07-08,2023
HXK,meansjo01,5.0,2023-07-09,2023
HXK,olsonre01,9.0,2023-07-14,2023
HXK,,7.0,2023-07-15,2023
HXK,conlopj01,13.0,2023-07-16,2023
HXK,worleva01,11.0,2023-07-18,2023
HXK,meansjo01,10.0,2023-07-19,2023
HXK,olsonre01,6.0,2023-07-20,2023
HXK,graveke01,6.0,2023-07-21,2023
HXK,conlopj01,,2023-07-22,2023
HXK,worleva01,5.0,2023-07-23,2023
HXK,meansjo01,5.0,2023-07-24,2023
HXK,olsonre01,5.0,2023-07-25,2023
HXK,graveke01,5.0,2023-07-26,2023
HXK,conlopj01,6.0,2023-07-28,2023
HXK,worleva01,6.0,2023-07-29,2023
HXK,meansjo01,6.0,2023-07-30,2023
HXK,olsonre01,6.0,2023-07-31,2023
JBM,taillja01,,2016-04-03,2016
JBM,phillev01,,2016-04-05,2016
JBM,martico02,,2016-04-08,2016
JBM,jonesja09,,2016-04-09,2016
JBM,taillja01,,2016-04-10,2016
JBM,phillev01,6.0,2016-04-11,2016
JBM,youngal01,,2016-04-12,2016
JBM,martico02,5.0,2016-04-13,2016
JBM,jonesja09,5.0,2016-04-14,2016
JBM,taillja01,5.0,2016-04-15,2016
JBM,phillev01,5.0,2016-04-16,2016
JBM,youngal01,5.0,2016-04-17,2016
JBM,martico02,6.0,2016-04-19,2016
JBM,jonesja09,6.0,2016-04-20,2016
JBM,taillja01,6.0,2016-04-21,2016
JBM,phillev01,6.0,2016-04-22,2016
JBM,youngal01,6.0,2016-04-23,2016
JBM,martico02,5.0,2016-04-24,2016
JBM,jonesja09,5.0,2016-04-25,2016
JBM,taillja01,5.0,2016-04-26,2016
JBM,phillev01,5.0,2016-04-27,2016
JBM,youngal01,6.0,2016-04-29,2016
JBM,martico02,6.0,2016-04-30,2016
JBM,jonesja09,6.0,2016-05-01,2016
JBM,taillja01,6.0,2016-05-02,2016
JBM,phillev01,6.0,2016-05-03,2016
JBM,youngal01,5.0,2016-05-04,2016
JBM,martico02,6.0,2016-05-06,2016
JBM,jonesja09,6.0,2016-05-07,2016
JBM,taillja01,6.0,2016-05-08,2016
JBM,phillev01,6.0,2016-05-09,2016
JBM,youngal01,6.0,2016-05-10,2016
JBM,martico02,,2016-05-11,2016
JBM,jonesja09,5.0,2016-05-12,2016
JBM,taillja01,5.0,2016-05-13,2016
JBM,medlekr01,,2016-05-14,2016
JBM,liriafr01,,2016-05-15,2016
JBM,martico02,6.0,2016-05-17,2016
JBM,jonesja09,6.0,2016-05-18,2016
JBM,taillja01,5.0,2016-05-18,2016
JBM,medlekr01,,2016-05-20,2016
JBM,liriafr01,6.0,2016-05-21,2016
JBM,martico02,5.0,2016-05-22,2016
JBM,jonesja09,5.0,2016-05-23,2016
JBM,taillja01,6.0,2016-05-24,2016
JBM,medlekr01,5.0,2016-05-25,2016
JBM,liriafr01,6.0,2016-05-27,2016
JBM,,6.0,2016-05-28,2016
JBM,taillja01,5.0,2016-05-29,2016
JBM,jonesja09,7.0,2016-05-30,2016
JBM,medlekr01,,2016-05-31,2016
JBM,liriafr01,5.0,2016-06-01,2016
JBM,martico02,5.0,2016-06-02,2016
JBM,taillja01,5.0,2016-06-03,2016
JBM,jonesja09,5.0,2016-06-04,2016
JBM,phillev01,27.0,2016-06-05,2016
JBM,liriafr01,5.0,2016-06-06,2016
JBM,martico02,5.0,2016-06-07,2016
JBM,taillja01,5.0,2016-06-08,2016
JBM,jonesja09,6.0,2016-06-10,2016
JBM,liriafr01,5.0,2016-06-11,2016
JBM,martico02,5.0,2016-06-12,2016
JBM,taillja01,5.0,2016-06-13,2016
JBM,phillev01,9.0,2016-06-14,2016
JBM,jonesja09,5.0,2016-06-15,2016
JBM,liriafr01,5.0,2016-06-16,2016
JBM,martico02,5.0,2016-06-17,2016
JBM,taillja01,5.0,2016-06-18,2016
JBM,phillev01,5.0,2016-06-19,2016
JBM,jonesja09,6.0,2016-06-21,2016
JBM,,6.0,2016-06-22,2016
JBM,taillja01,6.0,2016-06-24,2016
JBM,phillev01,6.0,2016-06-25,2016
JBM,jonesja09,,2016-06-26,2016
JBM,liriafr01,5.0,2016-06-27,2016
JBM,martico02,11.0,2016-06-28,2016
JBM,taillja01,5.0,2016-06-29,2016
JBM,phillev01,5.0,2016-06-30,2016
JBM,jonesja09,5.0,2016-07-01,2016
JBM,liriafr01,5.0,2016-07-02,2016
JBM,martico02,5.0,2016-07-03,2016
JBM,taillja01,5.0,2016-07-04,2016
JBM,phillev01,5.0,2016-07-05,2016
JBM,jonesja09,5.0,2016-07-06,2016
JBM,liriafr01,5.0,2016-07-07,2016
JBM,martico02,5.0,2016-07-08,2016
JBM,taillja01,5.0,2016-07-09,2016
JBM,medlekr01,40.0,2016-07-10,2016
JBM,jonesja09,9.0,2016-07-15,2016
JBM,liriafr01,9.0,2016-07-16,2016
JBM,martico02,9.0,2016-07-17,2016
JBM,taillja01,9.0,2016-07-18,2016
JBM,tinocje01,,2016-07-19,2016
JBM,jonesja09,5.0,2016-07-20,2016
JBM,liriafr01,6.0,2016-07-22,2016
JBM,martico02,6.0,2016-07-23,2016
JBM,taillja01,6.0,2016-07-24,2016
JBM,jonesja09,5.0,2016-07-25,2016
JBM,medlekr01,16.0,2016-07-26,2016
JBM,,5.0,2016-07-27,2016
JBM,martico02,5.0,2016-07-28,2016
JBM,taillja01,5.0,2016-07-29,2016
JBM,jonesja09,5.0,2016-07-30,2016
JBM,medlekr01,5.0,2016-07-31,2016
JBM,liriafr01,,2017-04-03,2017
JBM,jonesja09,,2017-04-05,2017
JBM,garzama01,,2017-04-06,2017
JBM,estesjo01,,2017-04-07,2017
JBM,liriafr01,5.0,2017-04-08,2017
JBM,baezmi01,,2017-04-09,2017
JBM,jonesja09,5.0,2017-04-10,2017
JBM,garzama01,6.0,2017-04-12,2017
JBM,estesjo01,6.0,2017-04-13,2017
JBM,liriafr01,6.0,2017-04-14,2017
JBM,baezmi01,6.0,2017-04-15,2017
JBM,jonesja09,6.0,2017-04-16,2017
JBM,garzama01,6.0,2017-04-18,2017
JBM,estesjo01,6.0,2017-04-19,2017
JBM,liriafr01,6.0,2017-04-20,2017
JBM,baezmi01,6.0,2017-04-21,2017
JBM,jonesja09,6.0,2017-04-22,2017
JBM,garzama01,5.0,2017-04-23,2017
JBM,estesjo01,,2017-04-24,2017
JBM,liriafr01,5.0,2017-04-25,2017
JBM,baezmi01,5.0,2017-04-26,2017
JBM,jonesja09,6.0,2017-04-28,2017
JBM,garzama01,7.0,2017-04-30,2017
JBM,estesjo01,7.0,2017-05-01,2017
JBM,liriafr01,7.0,2017-05-02,2017
JBM,baezmi01,7.0,2017-05-03,2017
JBM,jonesja09,6.0,2017-05-04,2017
JBM,garzama01,5.0,2017-05-05,2017
JBM,estesjo01,5.0,2017-05-06,2017
JBM,liriafr01,5.0,2017-05-07,2017
JBM,baezmi01,5.0,2017-05-08,2017
JBM,phillev01,,2017-05-09,2017
JBM,garzama01,5.0,2017-05-10,2017
JBM,estesjo01,5.0,2017-05-11,2017
JBM,liriafr01,5.0,2017-05-12,2017
JBM,baezmi01,5.0,2017-05-13,2017
JBM,phillev01,5.0,2017-05-14,2017
JBM,garzama01,6.0,2017-05-16,2017
JBM,estesjo01,6.0,2017-05-17,2017
JBM,liriafr01,6.0,2017-05-18,2017
JBM,baezmi01,6.0,2017-05-19,2017
JBM,jonesja09,17.0,2017-05-21,2017
JBM,hernafe02,,2017-05-21,2017
JBM,estesjo01,5.0,2017-05-22,2017
JBM,,5.0,2017-05-23,2017
JBM,garzama01,8.0,2017-05-24,2017
JBM,jonesja09,5.0,2017-05-26,2017
JBM,estesjo01,5.0,2017-05-27,2017
JBM,liriafr01,5.0,2017-05-28,2017
JBM,garzama01,5.0,2017-05-29,2017
JBM,hicksjo03,,2017-05-30,2017
JBM,jonesja09,5.0,2017-05-31,2017
JBM,estesjo01,6.0,2017-06-02,2017
JBM,garzama01,5.0,2017-06-03,2017
JBM,hicksjo03,5.0,2017-06-04,2017
JBM,jonesja09,,2017-06-05,2017
JBM,hernafe02,16.0,2017-06-06,2017
JBM,estesjo01,5.0,2017-06-07,2017
JBM,garzama01,5.0,2017-06-08,2017
JBM,hicksjo03,5.0,2017-06-09,2017
JBM,jonesja09,5.0,2017-06-10,2017
JBM,hernafe02,5.0,2017-06-11,2017
JBM,estesjo01,6.0,2017-06-13,2017
JBM,garzama01,6.0,2017-06-14,2017
JBM,brasiry01,,2017-06-15,2017
JBM,jonesja09,6.0,2017-06-16,2017
JBM,hernafe02,6.0,2017-06-17,2017
JBM,estesjo01,5.0,2017-06-18,2017
JBM,garzama01,5.0,2017-06-19,2017
JBM,brasiry01,5.0,2017-06-20,2017
JBM,jonesja09,5.0,2017-06-21,2017
JBM,hernafe02,6.0,2017-06-23,2017
JBM,estesjo01,6.0,2017-06-24,2017
JBM,garzama01,6.0,2017-06-25,2017
JBM,brasiry01,7.0,2017-06-27,2017
JBM,jonesja09,7.0,2017-06-28,2017
JBM,hernafe02,6.0,2017-06-29,2017
JBM,estesjo01,6.0,2017-06-30,2017
JBM,bielabr01,,2017-07-01,2017
JBM,garzama01,6.0,2017-07-01,2017
JBM,maytr01,,2017-07-02,2017
JBM,jonesja09,5.0,2017-07-03,2017
JBM,liriafr01,37.0,2017-07-04,2017
JBM,estesjo01,5.0,2017-07-05,2017
JBM,garzama01,6.0,2017-07-07,2017
JBM,jonesja09,5.0,2017-07-08,2017
JBM,liriafr01,5.0,2017-07-09,2017
JBM,garzama01,7.0,2017-07-14,2017
JBM,liriafr01,6.0,2017-07-15,2017
JBM,jonesja09,8.0,2017-07-16,2017
JBM,estesjo01,12.0,2017-07-17,2017
JBM,maytr01,16.0,2017-07-18,2017
JBM,garzama01,5.0,2017-07-19,2017
JBM,liriafr01,5.0,2017-07-20,2017
JBM,jonesja09,5.0,2017-07-21,2017
JBM,estesjo01,5.0,2017-07-22,2017
JBM,maytr01,,2017-07-23,2017
JBM,garzama01,5.0,2017-07-24,2017
JBM,liriafr01,5.0,2017-07-25,2017
JBM,jonesja09,5.0,2017-07-26,2017
JBM,estesjo01,6.0,2017-07-28,2017
JBM,ramirer02,,2017-07-29,2017
JBM,garzama01,6.0,2017-07-30,2017
JBM,liriafr01,6.0,2017-07-31,2017
JBM,liriafr01,,2018-03-29,2018
JBM,jonesja09,,2018-03-31,2018
JBM,garzama01,,2018-04-02,2018
JBM,hernafe02,,2018-04-03,2018
JBM,liriafr01,8.0,2018-04-06,2018
JBM,jonesja09,7.0,2018-04-07,2018
JBM,garzama01,6.0,2018-04-08,2018
JBM,hernafe02,6.0,2018-04-09,2018
JBM,hicksjo03,,2018-04-10,2018
JBM,liriafr01,5.0,2018-04-11,2018
JBM,,5.0,2018-04-12,2018
JBM,garzama01,5.0,2018-04-13,2018
JBM,hernafe02,5.0,2018-04-14,2018
JBM,liriafr01,6.0,2018-04-17,2018
JBM,hicksjo03,7.0,2018-04-17,2018
JBM,jonesja09,6.0,2018-04-18,2018
JBM,garzama01,7.0,2018-04-20,2018
JBM,hernafe02,6.0,2018-04-20,2018
JBM,,4.0,2018-04-21,2018
JBM,hicksjo03,5.0,2018-04-22,2018
JBM,jonesja09,6.0,2018-04-24,2018
JBM,garzama01,5.0,2018-04-25,2018
JBM,hernafe02,6.0,2018-04-26,2018
JBM,liriafr01,6.0,2018-04-27,2018
JBM,reedco01,,2018-04-28,2018
JBM,hicksjo03,6.0,2018-04-28,2018
JBM,,5.0,2018-04-29,2018
JBM,garzama01,5.0,2018-04-30,2018
JBM,hernafe02,5.0,2018-05-01,2018
JBM,liriafr01,5.0,2018-05-02,2018
JBM,hicksjo03,5.0,2018-05-03,2018
JBM,jonesja09,5.0,2018-05-04,2018
JBM,garzama01,5.0,2018-05-05,2018
JBM,hernafe02,,2018-05-06,2018
JBM,liriafr01,6.0,2018-05-08,2018
JBM,hicksjo03,6.0,2018-05-09,2018
JBM,jonesja09,6.0,2018-05-10,2018
JBM,garzama01,6.0,2018-05-11,2018
JBM,hernafe02,6.0,2018-05-12,2018
JBM,liriafr01,5.0,2018-05-13,2018
JBM,hicksjo03,,2018-05-14,2018
JBM,jonesja09,5.0,2018-05-15,2018
JBM,garzama01,5.0,2018-05-16,2018
JBM,hernafe02,6.0,2018-05-18,2018
JBM,liriafr01,6.0,2018-05-19,2018
JBM,hicksjo03,6.0,2018-05-20,2018
JBM,jonesja09,6.0,2018-05-21,2018
JBM,garzama01,6.0,2018-05-22,2018
JBM,hernafe02,5.0,2018-05-23,2018
JBM,liriafr01,5.0,2018-05-24,2018
JBM,hicksjo03,5.0,2018-05-25,2018
JBM,jonesja09,5.0,2018-05-26,2018
JBM,garzama01,5.0,2018-05-27,2018
JBM,hernafe02,5.0,2018-05-28,2018
JBM,liriafr01,5.0,2018-05-29,2018
JBM,civalaa01,,2018-05-30,2018
JBM,jonesja09,6.0,2018-06-01,2018
JBM,garzama01,,2018-06-02,2018
JBM,hernafe02,6.0,2018-06-03,2018
JBM,liriafr01,6.0,2018-06-04,2018
JBM,civalaa01,6.0,2018-06-05,2018
JBM,jonesja09,5.0,2018-06-06,2018
JBM,garzama01,5.0,2018-06-07,2018
JBM,hernafe02,5.0,2018-06-08,2018
JBM,liriafr01,5.0,2018-06-09,2018
JBM,civalaa01,5.0,2018-06-10,2018
JBM,jonesja09,6.0,2018-06-12,2018
JBM,garzama01,6.0,2018-06-13,2018
JBM,hernafe02,7.0,2018-06-15,2018
JBM,liriafr01,,2018-06-16,2018
JBM,civalaa01,7.0,2018-06-17,2018
JBM,jonesja09,6.0,2018-06-18,2018
JBM,garzama01,6.0,2018-06-19,2018
JBM,hernafe02,5.0,2018-06-20,2018
JBM,liriafr01,6.0,2018-06-22,2018
JBM,jonesja09,5.0,2018-06-23,2018
JBM,garzama01,5.0,2018-06-24,2018
JBM,civalaa01,8.0,2018-06-25,2018
JBM,hernafe02,6.0,2018-06-26,2018
JBM,liriafr01,5.0,2018-06-27,2018
JBM,jonesja09,6.0,2018-06-29,2018
JBM,garzama01,6.0,2018-06-30,2018
JBM,,6.0,2018-07-01,2018
JBM,hernafe02,6.0,2018-07-02,2018
JBM,liriafr01,6.0,2018-07-03,2018
JBM,reedco01,67.0,2018-07-04,2018
JBM,garzama01,6.0,2018-07-06,2018
JBM,civalaa01,6.0,2018-07-07,2018
JBM,paddach01,,2018-07-08,2018
JBM,liriafr01,6.0,2018-07-09,2018
JBM,jonesja09,11.0,2018-07-10,2018
JBM,warread01,,2018-07-11,2018
JBM,civalaa01,6.0,2018-07-13,2018
JBM,liriafr01,5.0,2018-07-14,2018
JBM,warread01,4.0,2018-07-15,2018
JBM,liriafr01,6.0,2018-07-20,2018
JBM,hernafe02,19.0,2018-07-21,2018
JBM,civalaa01,9.0,2018-07-22,2018
JBM,paddach01,,2018-07-23,2018
JBM,warread01,9.0,2018-07-24,2018
JBM,liriafr01,5.0,2018-07-25,2018
JBM,hernafe02,5.0,2018-07-26,2018
JBM,paddach01,5.0,2018-07-28,2018
JBM,civalaa01,6.0,2018-07-28,2018
JBM,warread01,5.0,2018-07-29,2018
JBM,liriafr01,6.0,2018-07-31,2018
JBM,civalaa01,,2019-03-28,2019
JBM,hernafe02,,2019-03-30,2019
JBM,wantzan01,,2019-03-31,2019
JBM,civalaa01,5.0,2019-04-02,2019
JBM,reaco01,,2019-04-03,2019
JBM,hernafe02,5.0,2019-04-04,2019
JBM,wantzan01,6.0,2019-04-06,2019
JBM,civalaa01,5.0,2019-04-07,2019
JBM,reaco01,5.0,2019-04-08,2019
JBM,hernafe02,5.0,2019-04-09,2019
JBM,paddach01,,2019-04-10,2019
JBM,wantzan01,5.0,2019-04-11,2019
JBM,civalaa01,5.0,2019-04-12,2019
JBM,reaco01,5.0,2019-04-13,2019
JBM,hernafe02,,2019-04-14,2019
JBM,paddach01,5.0,2019-04-15,2019
JBM,wantzan01,5.0,2019-04-16,2019
JBM,civalaa01,5.0,2019-04-17,2019
JBM,reaco01,5.0,2019-04-18,2019
JBM,hernafe02,5.0,2019-04-19,2019
JBM,paddach01,5.0,2019-04-20,2019
JBM,wantzan01,5.0,2019-04-21,2019
JBM,civalaa01,5.0,2019-04-22,2019
JBM,reaco01,5.0,2019-04-23,2019
JBM,,5.0,2019-04-24,2019
JBM,liriafr01,,2019-04-26,2019
JBM,wantzan01,6.0,2019-04-27,2019
JBM,reaco01,5.0,2019-04-28,2019
JBM,civalaa01,7.0,2019-04-29,2019
JBM,shielja02,,2019-05-01,2019
JBM,hernafe02,7.0,2019-05-01,2019
JBM,liriafr01,6.0,2019-05-02,2019
JBM,wantzan01,6.0,2019-05-03,2019
JBM,reaco01,6.0,2019-05-04,2019
JBM,civalaa01,6.0,2019-05-05,2019
JBM,hernafe02,5.0,2019-05-06,2019
JBM,liriafr01,5.0,2019-05-07,2019
JBM,wantzan01,5.0,2019-05-08,2019
JBM,reaco01,6.0,2019-05-10,2019
JBM,civalaa01,6.0,2019-05-11,2019
JBM,hernafe02,6.0,2019-05-12,2019
JBM,liriafr01,7.0,2019-05-14,2019
JBM,wantzan01,7.0,2019-05-15,2019
JBM,reaco01,6.0,2019-05-16,2019
JBM,civalaa01,6.0,2019-05-17,2019
JBM,hernafe02,6.0,2019-05-18,2019
JBM,liriafr01,5.0,2019-05-19,2019
JBM,civalaa01,5.0,2019-05-22,2019
JBM,reaco01,6.0,2019-05-22,2019
JBM,wantzan01,10.0,2019-05-25,2019
JBM,,7.0,2019-05-25,2019
JBM,liriafr01,7.0,2019-05-26,2019
JBM,reaco01,5.0,2019-05-27,2019
JBM,civalaa01,6.0,2019-05-28,2019
JBM,shielja02,28.0,2019-05-29,2019
JBM,hernafe02,5.0,2019-05-30,2019
JBM,liriafr01,5.0,2019-05-31,2019
JBM,reaco01,5.0,2019-06-01,2019
JBM,civalaa01,5.0,2019-06-02,2019
JBM,shielja02,6.0,2019-06-04,2019
JBM,hernafe02,6.0,2019-06-05,2019
JBM,liriafr01,6.0,2019-06-06,2019
JBM,reaco01,6.0,2019-06-07,2019
JBM,civalaa01,6.0,2019-06-08,2019
JBM,shielja02,5.0,2019-06-09,2019
JBM,hernafe02,6.0,2019-06-11,2019
JBM,liriafr01,6.0,2019-06-12,2019
JBM,reaco01,6.0,2019-06-13,2019
JBM,civalaa01,,2019-06-14,2019
JBM,shielja02,6.0,2019-06-15,2019
JBM,hernafe02,5.0,2019-06-16,2019
JBM,liriafr01,5.0,2019-06-17,2019
JBM,reaco01,5.0,2019-06-18,2019
JBM,civalaa01,5.0,2019-06-19,2019
JBM,shielja02,5.0,2019-06-20,2019
JBM,hernafe02,5.0,2019-06-21,2019
JBM,liriafr01,5.0,2019-06-22,2019
JBM,reaco01,5.0,2019-06-23,2019
JBM,civalaa01,5.0,2019-06-24,2019
JBM,shielja02,5.0,2019-06-25,2019
JBM,hernafe02,5.0,2019-06-26,2019
JBM,liriafr01,6.0,2019-06-28,2019
JBM,reaco01,6.0,2019-06-29,2019
JBM,civalaa01,6.0,2019-06-30,2019
JBM,shielja02,6.0,2019-07-01,2019
JBM,hernafe02,6.0,2019-07-02,2019
JBM,liriafr01,5.0,2019-07-03,2019
JBM,reaco01,5.0,2019-07-04,2019
JBM,civalaa01,,2019-07-05,2019
JBM,shielja02,,2019-07-06,2019
JBM,hernafe02,5.0,2019-07-07,2019
JBM,liriafr01,9.0,2019-07-12,2019
JBM,civalaa01,8.0,2019-07-13,2019
JBM,tinocje01,,2019-07-14,2019
JBM,hernafe02,8.0,2019-07-15,2019
JBM,shielja02,,2019-07-16,2019
JBM,liriafr01,5.0,2019-07-17,2019
JBM,civalaa01,5.0,2019-07-18,2019
JBM,dermoma01,,2019-07-19,2019
JBM,hernafe02,5.0,2019-07-20,2019
JBM,shielja02,5.0,2019-07-21,2019
JBM,liriafr01,6.0,2019-07-23,2019
JBM,civalaa01,6.0,2019-07-24,2019
JBM,dermoma01,6.0,2019-07-25,2019
JBM,hernafe02,6.0,2019-07-26,2019
JBM,shielja02,6.0,2019-07-27,2019
JBM,liriafr01,5.0,2019-07-28,2019
JBM,civalaa01,5.0,2019-07-29,2019
JBM,dermoma01,5.0,2019-07-30,2019
JBM,hernafe02,5.0,2019-07-31,2019
JBM,civalaa01,,2021-04-01,2021
JBM,cottojh01,,2021-04-03,2021
JBM,francbo01,,2021-04-04,2021
JBM,liriafr01,,2021-04-05,2021
JBM,hernafe02,,2021-04-07,2021
JBM,civalaa01,7.0,2021-04-08,2021
JBM,cottojh01,8.0,2021-04-11,2021
JBM,francbo01,8.0,2021-04-12,2021
JBM,liriafr01,8.0,2021-04-13,2021
JBM,civalaa01,6.0,2021-04-14,2021
JBM,hernafe02,8.0,2021-04-15,2021
JBM,cottojh01,6.0,2021-04-17,2021
JBM,rogertr01,,2021-04-17,2021
JBM,francbo01,6.0,2021-04-18,2021
JBM,liriafr01,6.0,2021-04-19,2021
JBM,civalaa01,6.0,2021-04-20,2021
JBM,hernafe02,6.0,2021-04-21,2021
JBM,cottojh01,6.0,2021-04-23,2021
JBM,francbo01,6.0,2021-04-24,2021
JBM,liriafr01,6.0,2021-04-25,2021
JBM,civalaa01,6.0,2021-04-26,2021
JBM,hernafe02,6.0,2021-04-27,2021
JBM,cottojh01,5.0,2021-04-28,2021
JBM,francbo01,6.0,2021-04-30,2021
JBM,liriafr01,6.0,2021-05-01,2021
JBM,civalaa01,6.0,2021-05-02,2021
JBM,moorean02,,2021-05-03,2021
JBM,cottojh01,6.0,2021-05-04,2021
JBM,francbo01,5.0,2021-05-05,2021
JBM,liriafr01,5.0,2021-05-06,2021
JBM,civalaa01,5.0,2021-05-07,2021
JBM,moorean02,5.0,2021-05-08,2021
JBM,cottojh01,5.0,2021-05-09,2021
JBM,francbo01,6.0,2021-05-11,2021
JBM,liriafr01,6.0,2021-05-12,2021
JBM,,5.0,2021-05-13,2021
JBM,civalaa01,7.0,2021-05-14,2021
JBM,hernafe02,17.0,2021-05-14,2021
JBM,,6.0,2021-05-15,2021
JBM,,5.0,2021-05-16,2021
JBM,mannima02,,2021-05-18,2021
JBM,civalaa01,5.0,2021-05-19,2021
JBM,cottojh01,6.0,2021-05-21,2021
JBM,francbo01,6.0,2021-05-22,2021
JBM,mannima02,5.0,2021-05-23,2021
JBM,civalaa01,6.0,2021-05-25,2021
JBM,cottojh01,5.0,2021-05-26,2021
JBM,francbo01,5.0,2021-05-27,2021
JBM,mannima02,5.0,2021-05-28,2021
JBM,rogertr01,42.0,2021-05-29,2021
JBM,civalaa01,,2021-05-30,2021
JBM,cottojh01,5.0,2021-05-31,2021
JBM,francbo01,5.0,2021-06-01,2021
JBM,mannima02,6.0,2021-06-03,2021
JBM,civalaa01,,2021-06-04,2021
JBM,cottojh01,5.0,2021-06-05,2021
JBM,francbo01,5.0,2021-06-06,2021
JBM,lakintr01,,2021-06-07,2021
JBM,mannima02,5.0,2021-06-08,2021
JBM,civalaa01,5.0,2021-06-09,2021
JBM,cottojh01,5.0,2021-06-10,2021
JBM,francbo01,5.0,2021-06-11,2021
JBM,lakintr01,5.0,2021-06-12,2021
JBM,mannima02,5.0,2021-06-13,2021
JBM,civalaa01,5.0,2021-06-14,2021
JBM,cottojh01,5.0,2021-06-15,2021
JBM,francbo01,5.0,2021-06-16,2021
JBM,bruihju01,,2021-06-18,2021
JBM,civalaa01,5.0,2021-06-19,2021
JBM,cottojh01,5.0,2021-06-20,2021
JBM,francbo01,6.0,2021-06-22,2021
JBM,liriafr01,42.0,2021-06-23,2021
JBM,civalaa01,5.0,2021-06-24,2021
JBM,cottojh01,5.0,2021-06-25,2021
JBM,,8.0,2021-06-26,2021
JBM,francbo01,5.0,2021-06-27,2021
JBM,liriafr01,5.0,2021-06-28,2021
JBM,civalaa01,5.0,2021-06-29,2021
JBM,cottojh01,5.0,2021-06-30,2021
JBM,mannima02,,2021-07-01,2021
JBM,francbo01,5.0,2021-07-02,2021
JBM,liriafr01,5.0,2021-07-03,2021
JBM,civalaa01,5.0,2021-07-04,2021
JBM,cottojh01,5.0,2021-07-05,2021
JBM,mannima02,5.0,2021-07-06,2021
JBM,francbo01,5.0,2021-07-07,2021
JBM,liriafr01,,2021-07-08,2021
JBM,civalaa01,5.0,2021-07-09,2021
JBM,cottojh01,5.0,2021-07-10,2021
JBM,liriafr01,8.0,2021-07-16,2021
JBM,francbo01,10.0,2021-07-17,2021
JBM,ashbyaa01,,2021-07-18,2021
JBM,cottojh01,10.0,2021-07-20,2021
JBM,civalaa01,12.0,2021-07-21,2021
JBM,mannima02,17.0,2021-07-23,2021
JBM,ashbyaa01,6.0,2021-07-24,2021
JBM,moorean02,73.0,2021-07-25,2021
JBM,cottojh01,6.0,2021-07-26,2021
JBM,civalaa01,6.0,2021-07-27,2021
JBM,mannima02,5.0,2021-07-28,2021
JBM,ashbyaa01,5.0,2021-07-29,2021
JBM,moorean02,5.0,2021-07-30,2021
JBM,cottojh01,5.0,2021-07-31,2021
JBM,rodriya01,,2022-04-07,2022
JBM,civalaa01,,2022-04-09,2022
JBM,mannima02,,2022-04-10,2022
JBM,ashbyaa01,,2022-04-11,2022
JBM,moorean02,,2022-04-12,2022
JBM,rodriya01,7.0,2022-04-14,2022
JBM,civalaa01,6.0,2022-04-15,2022
JBM,mannima02,6.0,2022-04-16,2022
JBM,ashbyaa01,8.0,2022-04-19,2022
JBM,moorean02,8.0,2022-04-20,2022
JBM,rodriya01,7.0,2022-04-21,2022
JBM,civalaa01,7.0,2022-04-22,2022
JBM,mannima02,7.0,2022-04-23,2022
JBM,ashbyaa01,5.0,2022-04-24,2022
JBM,moorean02,6.0,2022-04-26,2022
JBM,rodriya01,6.0,2022-04-27,2022
JBM,civalaa01,6.0,2022-04-28,2022
JBM,mannima02,6.0,2022-04-29,2022
JBM,ashbyaa01,6.0,2022-04-30,2022
JBM,moorean02,5.0,2022-05-01,2022
JBM,rodriya01,5.0,2022-05-02,2022
JBM,civalaa01,5.0,2022-05-03,2022
JBM,mannima02,5.0,2022-05-04,2022
JBM,rodriya01,6.0,2022-05-08,2022
JBM,moorean02,7.0,2022-05-08,2022
JBM,ashbyaa01,9.0,2022-05-09,2022
JBM,civalaa01,7.0,2022-05-10,2022
JBM,houckta01,,2022-05-11,2022
JBM,shiplbr01,,2022-05-12,2022
JBM,rodriya01,5.0,2022-05-13,2022
JBM,ashbyaa01,5.0,2022-05-14,2022
JBM,moorean02,7.0,2022-05-15,2022
JBM,civalaa01,6.0,2022-05-16,2022
JBM,shiplbr01,5.0,2022-05-17,2022
JBM,francbo01,,2022-05-17,2022
JBM,rodriya01,5.0,2022-05-18,2022
JBM,,5.0,2022-05-19,2022
JBM,moorean02,5.0,2022-05-20,2022
JBM,,5.0,2022-05-21,2022
JBM,francbo01,,2022-05-22,2022
JBM,rodriya01,,2022-05-23,2022
JBM,shiplbr01,7.0,2022-05-24,2022
JBM,moorean02,6.0,2022-05-26,2022
JBM,civalaa01,6.0,2022-05-27,2022
JBM,francbo01,6.0,2022-05-28,2022
JBM,rodriya01,6.0,2022-05-29,2022
JBM,shiplbr01,6.0,2022-05-30,2022
JBM,moorean02,5.0,2022-05-31,2022
JBM,civalaa01,5.0,2022-06-01,2022
JBM,francbo01,6.0,2022-06-03,2022
JBM,mannima02,31.0,2022-06-04,2022
JBM,shiplbr01,6.0,2022-06-05,2022
JBM,moorean02,6.0,2022-06-06,2022
JBM,civalaa01,6.0,2022-06-07,2022
JBM,francbo01,5.0,2022-06-08,2022
JBM,mannima02,5.0,2022-06-09,2022
JBM,,5.0,2022-06-10,2022
JBM,moorean02,,2022-06-11,2022
JBM,civalaa01,5.0,2022-06-12,2022
JBM,francbo01,5.0,2022-06-13,2022
JBM,,5.0,2022-06-14,2022
JBM,shiplbr01,,2022-06-15,2022
JBM,moorean02,6.0,2022-06-17,2022
JBM,civalaa01,6.0,2022-06-18,2022
JBM,francbo01,6.0,2022-06-19,2022
JBM,mannima02,,2022-06-20,2022
JBM,shiplbr01,6.0,2022-06-21,2022
JBM,moorean02,5.0,2022-06-22,2022
JBM,rodriya01,26.0,2022-06-24,2022
JBM,civalaa01,7.0,2022-06-25,2022
JBM,francbo01,7.0,2022-06-26,2022
JBM,mannima02,7.0,2022-06-27,2022
JBM,shiplbr01,7.0,2022-06-28,2022
JBM,rodriya01,5.0,2022-06-29,2022
JBM,civalaa01,6.0,2022-07-01,2022
JBM,mannima02,5.0,2022-07-02,2022
JBM,francbo01,7.0,2022-07-03,2022
JBM,shiplbr01,6.0,2022-07-04,2022
JBM,rodriya01,6.0,2022-07-05,2022
JBM,civalaa01,5.0,2022-07-06,2022
JBM,mannima02,5.0,2022-07-07,2022
JBM,francbo01,5.0,2022-07-08,2022
JBM,shiplbr01,5.0,2022-07-09,2022
JBM,rodriya01,5.0,2022-07-10,2022
JBM,civalaa01,5.0,2022-07-11,2022
JBM,moorean02,19.0,2022-07-11,2022
JBM,mannima02,5.0,2022-07-12,2022
JBM,francbo01,5.0,2022-07-13,2022
JBM,clevimi01,,2022-07-14,2022
JBM,rodriya01,5.0,2022-07-15,2022
JBM,moorean02,5.0,2022-07-16,2022
JBM,mannima02,5.0,2022-07-17,2022
JBM,civalaa01,11.0,2022-07-22,2022
JBM,francbo01,10.0,2022-07-23,2022
JBM,,7.0,2022-07-24,2022
JBM,rodriya01,10.0,2022-07-25,2022
JBM,clevimi01,12.0,2022-07-26,2022
JBM,civalaa01,5.0,2022-07-27,2022
JBM,francbo01,5.0,2022-07-28,2022
JBM,mannima02,,2022-07-29,2022
JBM,shiplbr01,21.0,2022-07-30,2022
JBM,rodriya01,6.0,2022-07-31,2022
JBM,rodriya01,,2023-03-30,2023
JBM,woodtr01,,2023-04-01,2023
JBM,civalaa01,,2023-04-02,2023
JBM,francbo01,,2023-04-03,2023
JBM,mannima02,,2023-04-04,2023
JBM,rodriya01,6.0,2023-04-05,2023
JBM,woodtr01,5.0,2023-04-06,2023
JBM,civalaa01,5.0,2023-04-07,2023
JBM,francbo01,5.0,2023-04-08,2023
JBM,mannima02,5.0,2023-04-09,2023
JBM,rodriya01,5.0,2023-04-10,2023
JBM,woodtr01,5.0,2023-04-11,2023
JBM,civalaa01,5.0,2023-04-12,2023
JBM,francbo01,6.0,2023-04-14,2023
JBM,mannima02,6.0,2023-04-15,2023
JBM,rodriya01,6.0,2023-04-16,2023
JBM,woodtr01,6.0,2023-04-17,2023
JBM,civalaa01,6.0,2023-04-18,2023
JBM,francbo01,5.0,2023-04-19,2023
JBM,assadja01,,2023-04-21,2023
JBM,rodriya01,6.0,2023-04-22,2023
JBM,woodtr01,6.0,2023-04-23,2023
JBM,civalaa01,,2023-04-24,2023
JBM,francbo01,6.0,2023-04-25,2023
JBM,koenija01,,2023-04-26,2023
JBM,rodriya01,5.0,2023-04-27,2023
JBM,woodtr01,5.0,2023-04-28,2023
JBM,civalaa01,5.0,2023-04-29,2023
JBM,francbo01,,2023-04-30,2023
JBM,koenija01,6.0,2023-05-02,2023
JBM,rodriya01,6.0,2023-05-03,2023
JBM,woodtr01,6.0,2023-05-04,2023
JBM,civalaa01,6.0,2023-05-05,2023
JBM,francbo01,6.0,2023-05-06,2023
JBM,koenija01,,2023-05-07,2023
JBM,rodriya01,5.0,2023-05-08,2023
JBM,woodtr01,5.0,2023-05-09,2023
JBM,civalaa01,5.0,2023-05-10,2023
JBM,francbo01,5.0,2023-05-11,2023
JBM,sanchsi01,,2023-05-12,2023
JBM,rodriya01,5.0,2023-05-13,2023
JBM,woodtr01,5.0,2023-05-14,2023
JBM,civalaa01,5.0,2023-05-15,2023
JBM,,5.0,2023-05-16,2023
JBM,ashbyaa01,,2023-05-17,2023
JBM,rodriya01,6.0,2023-05-19,2023
JBM,woodtr01,6.0,2023-05-20,2023
JBM,ashbyaa01,4.0,2023-05-21,2023
JBM,francbo01,6.0,2023-05-22,2023
JBM,gagnodr01,,2023-05-23,2023
JBM,rodriya01,5.0,2023-05-24,2023
JBM,woodtr01,6.0,2023-05-26,2023
JBM,francbo01,5.0,2023-05-27,2023
JBM,moorean02,,2023-05-28,2023
JBM,mcartja01,,2023-05-29,2023
JBM,rodriya01,6.0,2023-05-30,2023
JBM,woodtr01,7.0,2023-06-02,2023
JBM,moorean02,6.0,2023-06-03,2023
JBM,francbo01,8.0,2023-06-04,2023
JBM,ashbyaa01,15.0,2023-06-05,2023
JBM,rodriya01,7.0,2023-06-06,2023
JBM,woodtr01,5.0,2023-06-07,2023
JBM,moorean02,6.0,2023-06-09,2023
JBM,,6.0,2023-06-10,2023
JBM,ashbyaa01,6.0,2023-06-11,2023
JBM,rodriya01,6.0,2023-06-12,2023
JBM,woodtr01,6.0,2023-06-13,2023
JBM,moorean02,5.0,2023-06-14,2023
JBM,francbo01,6.0,2023-06-16,2023
JBM,gagnodr01,25.0,2023-06-17,2023
JBM,rodriya01,6.0,2023-06-18,2023
JBM,woodtr01,6.0,2023-06-19,2023
JBM,moorean02,6.0,2023-06-20,2023
JBM,francbo01,5.0,2023-06-21,2023
JBM,burkebr01,,2023-06-22,2023
JBM,rodriya01,5.0,2023-06-23,2023
JBM,woodtr01,5.0,2023-06-24,2023
JBM,moorean02,5.0,2023-06-25,2023
JBM,francbo01,6.0,2023-06-27,2023
JBM,margeni01,,2023-06-28,2023
JBM,rodriya01,6.0,2023-06-29,2023
JBM,meyeral01,,2023-06-30,2023
JBM,moorean02,6.0,2023-07-01,2023
JBM,francbo01,5.0,2023-07-02,2023
JBM,margeni01,5.0,2023-07-03,2023
JBM,rodriya01,5.0,2023-07-04,2023
JBM,meyeral01,5.0,2023-07-05,2023
JBM,woodtr01,12.0,2023-07-06,2023
JBM,moorean02,6.0,2023-07-07,2023
JBM,francbo01,6.0,2023-07-08,2023
JBM,koenija01,63.0,2023-07-09,2023
JBM,,10.0,2023-07-15,2023
JBM,litteza01,,2023-07-15,2023
JBM,francbo01,8.0,2023-07-16,2023
JBM,woodtr01,11.0,2023-07-17,2023
JBM,moorean02,11.0,2023-07-18,2023
JBM,koenija01,10.0,2023-07-19,2023
JBM,rodriya01,16.0,2023-07-20,2023
JBM,meyeral01,6.0,2023-07-21,2023
JBM,francbo01,6.0,2023-07-22,2023
JBM,woodtr01,,2023-07-23,2023
JBM,koenija01,5.0,2023-07-24,2023
JBM,rodriya01,,2023-07-25,2023
JBM,meyeral01,5.0,2023-07-26,2023
JBM,francbo01,6.0,2023-07-28,2023
JBM,woodtr01,6.0,2023-07-29,2023
JBM,koenija01,6.0,2023-07-30,2023
JEM,bellch02,,2016-04-04,2016
JEM,fittsri01,,2016-04-05,2016
JEM,castehu01,,2016-04-06,2016
JEM,,,2016-04-07,2016
JEM,swarmma01,,2016-04-08,2016
JEM,bellch02,5.0,2016-04-09,2016
JEM,fittsri01,5.0,2016-04-10,2016
JEM,castehu01,,2016-04-12,2016
JEM,scholje01,6.0,2016-04-13,2016
JEM,swarmma01,6.0,2016-04-14,2016
JEM,bellch02,6.0,2016-04-15,2016
JEM,fittsri01,6.0,2016-04-16,2016
JEM,castehu01,5.0,2016-04-17,2016
JEM,scholje01,,2016-04-19,2016
JEM,swarmma01,,2016-04-20,2016
JEM,bellch02,6.0,2016-04-21,2016
JEM,fittsri01,6.0,2016-04-22,2016
JEM,castehu01,6.0,2016-04-23,2016
JEM,scholje01,5.0,2016-04-24,2016
JEM,swarmma01,5.0,2016-04-25,2016
JEM,bellch02,5.0,2016-04-26,2016
JEM,fittsri01,5.0,2016-04-27,2016
JEM,castehu01,5.0,2016-04-28,2016
JEM,scholje01,5.0,2016-04-29,2016
JEM,swarmma01,5.0,2016-04-30,2016
JEM,bellch02,5.0,2016-05-01,2016
JEM,fittsri01,6.0,2016-05-03,2016
JEM,,5.0,2016-05-04,2016
JEM,castehu01,8.0,2016-05-06,2016
JEM,bellch02,6.0,2016-05-07,2016
JEM,swarmma01,8.0,2016-05-08,2016
JEM,fittsri01,6.0,2016-05-09,2016
JEM,scholje01,6.0,2016-05-10,2016
JEM,,5.0,2016-05-11,2016
JEM,bellch02,5.0,2016-05-12,2016
JEM,,5.0,2016-05-13,2016
JEM,fittsri01,5.0,2016-05-14,2016
JEM,scholje01,5.0,2016-05-15,2016
JEM,castehu01,5.0,2016-05-16,2016
JEM,,,2016-05-17,2016
JEM,englema01,,2016-05-18,2016
JEM,swarmma01,6.0,2016-05-19,2016
JEM,fittsri01,6.0,2016-05-20,2016
JEM,scholje01,6.0,2016-05-21,2016
JEM,castehu01,6.0,2016-05-22,2016
JEM,bellch02,6.0,2016-05-23,2016
JEM,englema01,6.0,2016-05-24,2016
JEM,fittsri01,5.0,2016-05-25,2016
JEM,bassich01,,2016-05-27,2016
JEM,castehu01,6.0,2016-05-28,2016
JEM,bellch02,6.0,2016-05-29,2016
JEM,,9.0,2016-05-30,2016
JEM,fittsri01,6.0,2016-05-31,2016
JEM,englema01,8.0,2016-06-01,2016
JEM,bassich01,6.0,2016-06-02,2016
JEM,castehu01,6.0,2016-06-03,2016
JEM,bellch02,6.0,2016-06-04,2016
JEM,fittsri01,5.0,2016-06-05,2016
JEM,englema01,5.0,2016-06-06,2016
JEM,bassich01,5.0,2016-06-07,2016
JEM,castehu01,5.0,2016-06-08,2016
JEM,bellch02,6.0,2016-06-10,2016
JEM,,6.0,2016-06-11,2016
JEM,bassich01,5.0,2016-06-12,2016
JEM,englema01,7.0,2016-06-13,2016
JEM,castehu01,6.0,2016-06-14,2016
JEM,bellch02,,2016-06-15,2016
JEM,fittsri01,5.0,2016-06-16,2016
JEM,bassich01,,2016-06-17,2016
JEM,englema01,5.0,2016-06-18,2016
JEM,castehu01,5.0,2016-06-19,2016
JEM,bellch02,5.0,2016-06-20,2016
JEM,fittsri01,5.0,2016-06-21,2016
JEM,bassich01,5.0,2016-06-22,2016
JEM,thorple01,,2016-06-24,2016
JEM,castehu01,6.0,2016-06-25,2016
JEM,bellch02,6.0,2016-06-26,2016
JEM,fittsri01,6.0,2016-06-27,2016
JEM,bassich01,6.0,2016-06-28,2016
JEM,bleieri01,,2016-06-29,2016
JEM,castehu01,5.0,2016-06-30,2016
JEM,duffety01,5.0,2016-07-01,2016
JEM,fittsri01,5.0,2016-07-02,2016
JEM,wagueja01,,2016-07-03,2016
JEM,bassich01,6.0,2016-07-04,2016
JEM,castehu01,5.0,2016-07-05,2016
JEM,duffety01,5.0,2016-07-06,2016
JEM,tropeni01,,2016-07-07,2016
JEM,fittsri01,,2016-07-08,2016
JEM,wagueja01,6.0,2016-07-09,2016
JEM,castehu01,5.0,2016-07-10,2016
JEM,duffety01,9.0,2016-07-15,2016
JEM,wagueja01,7.0,2016-07-16,2016
JEM,castehu01,7.0,2016-07-17,2016
JEM,fittsri01,11.0,2016-07-19,2016
JEM,duffety01,5.0,2016-07-20,2016
JEM,bassich01,17.0,2016-07-21,2016
JEM,wagueja01,6.0,2016-07-22,2016
JEM,castehu01,6.0,2016-07-23,2016
JEM,fittsri01,5.0,2016-07-24,2016
JEM,duffety01,6.0,2016-07-26,2016
JEM,wagueja01,5.0,2016-07-27,2016
JEM,castehu01,6.0,2016-07-29,2016
JEM,fittsri01,,2016-07-30,2016
JEM,duffety01,5.0,2016-07-31,2016
JEM,bellch02,,2017-04-03,2017
JEM,castehu01,,2017-04-04,2017
JEM,willitr01,,2017-04-05,2017
JEM,,,2017-04-06,2017
JEM,tropeni01,,2017-04-07,2017
JEM,bellch02,5.0,2017-04-08,2017
JEM,castehu01,5.0,2017-04-09,2017
JEM,scholje01,,2017-04-10,2017
JEM,wagueja01,6.0,2017-04-12,2017
JEM,tropeni01,6.0,2017-04-13,2017
JEM,,6.0,2017-04-14,2017
JEM,castehu01,6.0,2017-04-15,2017
JEM,willitr01,11.0,2017-04-16,2017
JEM,wagueja01,5.0,2017-04-17,2017
JEM,,5.0,2017-04-18,2017
JEM,bellch02,5.0,2017-04-19,2017
JEM,scholje01,11.0,2017-04-21,2017
JEM,castehu01,7.0,2017-04-22,2017
JEM,wagueja01,6.0,2017-04-23,2017
JEM,tropeni01,6.0,2017-04-24,2017
JEM,bellch02,6.0,2017-04-25,2017
JEM,scholje01,5.0,2017-04-26,2017
JEM,bassich01,,2017-04-27,2017
JEM,castehu01,6.0,2017-04-28,2017
JEM,wagueja01,6.0,2017-04-29,2017
JEM,tropeni01,6.0,2017-04-30,2017
JEM,bellch02,6.0,2017-05-01,2017
JEM,scholje01,6.0,2017-05-02,2017
JEM,bassich01,6.0,2017-05-03,2017
JEM,castehu01,7.0,2017-05-05,2017
JEM,bellch02,5.0,2017-05-06,2017
JEM,scholje01,6.0,2017-05-08,2017
JEM,bassich01,6.0,2017-05-09,2017
JEM,castehu01,5.0,2017-05-10,2017
JEM,tropeni01,11.0,2017-05-11,2017
JEM,bellch02,6.0,2017-05-12,2017
JEM,scholje01,5.0,2017-05-13,2017
JEM,bassich01,5.0,2017-05-14,2017
JEM,wagueja01,16.0,2017-05-15,2017
JEM,willitr01,30.0,2017-05-16,2017
JEM,bellch02,5.0,2017-05-17,2017
JEM,tropeni01,7.0,2017-05-18,2017
JEM,scholje01,6.0,2017-05-19,2017
JEM,bassich01,6.0,2017-05-20,2017
JEM,wagueja01,6.0,2017-05-21,2017
JEM,bellch02,6.0,2017-05-23,2017
JEM,willitr01,8.0,2017-05-24,2017
JEM,castehu01,15.0,2017-05-25,2017
JEM,scholje01,7.0,2017-05-26,2017
JEM,wagueja01,6.0,2017-05-27,2017
JEM,bellch02,,2017-05-28,2017
JEM,willitr01,5.0,2017-05-29,2017
JEM,castehu01,5.0,2017-05-30,2017
JEM,tropeni01,13.0,2017-05-31,2017
JEM,wagueja01,5.0,2017-06-01,2017
JEM,,5.0,2017-06-02,2017
JEM,willitr01,5.0,2017-06-03,2017
JEM,castehu01,5.0,2017-06-04,2017
JEM,tropeni01,5.0,2017-06-05,2017
JEM,wagueja01,5.0,2017-06-06,2017
JEM,bellch02,5.0,2017-06-07,2017
JEM,willitr01,6.0,2017-06-09,2017
JEM,scholje01,15.0,2017-06-10,2017
JEM,,6.0,2017-06-11,2017
JEM,bellch02,6.0,2017-06-13,2017
JEM,wagueja01,8.0,2017-06-14,2017
JEM,willitr01,6.0,2017-06-15,2017
JEM,scholje01,6.0,2017-06-16,2017
JEM,tropeni01,6.0,2017-06-17,2017
JEM,castehu01,14.0,2017-06-18,2017
JEM,bellch02,6.0,2017-06-19,2017
JEM,,6.0,2017-06-20,2017
JEM,willitr01,6.0,2017-06-21,2017
JEM,tropeni01,5.0,2017-06-22,2017
JEM,scholje01,7.0,2017-06-23,2017
JEM,bellch02,5.0,2017-06-24,2017
JEM,,5.0,2017-06-25,2017
JEM,willitr01,5.0,2017-06-26,2017
JEM,castehu01,9.0,2017-06-27,2017
JEM,tropeni01,6.0,2017-06-28,2017
JEM,bellch02,5.0,2017-06-29,2017
JEM,scholje01,7.0,2017-06-30,2017
JEM,willitr01,5.0,2017-07-01,2017
JEM,castehu01,5.0,2017-07-02,2017
JEM,bellch02,5.0,2017-07-04,2017
JEM,scholje01,5.0,2017-07-05,2017
JEM,willitr01,5.0,2017-07-06,2017
JEM,castehu01,5.0,2017-07-07,2017
JEM,wagueja01,13.0,2017-07-08,2017
JEM,bellch02,5.0,2017-07-09,2017
JEM,wagueja01,6.0,2017-07-14,2017
JEM,scholje01,10.0,2017-07-15,2017
JEM,willitr01,10.0,2017-07-16,2017
JEM,bellch02,9.0,2017-07-18,2017
JEM,castehu01,12.0,2017-07-19,2017
JEM,wagueja01,6.0,2017-07-20,2017
JEM,scholje01,6.0,2017-07-21,2017
JEM,willitr01,,2017-07-22,2017
JEM,bellch02,5.0,2017-07-23,2017
JEM,tropeni01,26.0,2017-07-24,2017
JEM,castehu01,6.0,2017-07-25,2017
JEM,bleieri01,,2017-07-26,2017
JEM,scholje01,7.0,2017-07-28,2017
JEM,willitr01,7.0,2017-07-29,2017
JEM,tropeni01,6.0,2017-07-30,2017
JEM,bellch02,,2018-03-29,2018
JEM,scholje01,,2018-03-30,2018
JEM,castehu01,,2018-03-31,2018
JEM,willitr01,,2018-04-01,2018
JEM,tropeni01,,2018-04-02,2018
JEM,bellch02,5.0,2018-04-03,2018
JEM,scholje01,5.0,2018-04-04,2018
JEM,willitr01,6.0,2018-04-07,2018
JEM,bellch02,5.0,2018-04-08,2018
JEM,tropeni01,,2018-04-10,2018
JEM,scholje01,7.0,2018-04-11,2018
JEM,castehu01,13.0,2018-04-13,2018
JEM,willitr01,7.0,2018-04-14,2018
JEM,bellch02,7.0,2018-04-15,2018
JEM,tropeni01,6.0,2018-04-16,2018
JEM,scholje01,6.0,2018-04-17,2018
JEM,castehu01,5.0,2018-04-18,2018
JEM,bellch02,5.0,2018-04-20,2018
JEM,,5.0,2018-04-21,2018
JEM,scholje01,5.0,2018-04-22,2018
JEM,ortizlu03,,2018-04-23,2018
JEM,castehu01,,2018-04-24,2018
JEM,bellch02,5.0,2018-04-25,2018
JEM,tropeni01,6.0,2018-04-27,2018
JEM,ortizlu03,5.0,2018-04-28,2018
JEM,scholje01,6.0,2018-04-28,2018
JEM,castehu01,5.0,2018-04-29,2018
JEM,swarmma01,,2018-04-30,2018
JEM,bellch02,6.0,2018-05-01,2018
JEM,tropeni01,5.0,2018-05-02,2018
JEM,scholje01,5.0,2018-05-03,2018
JEM,ortizlu03,6.0,2018-05-04,2018
JEM,castehu01,6.0,2018-05-05,2018
JEM,swarmma01,6.0,2018-05-06,2018
JEM,willitr01,24.0,2018-05-08,2018
JEM,scholje01,6.0,2018-05-09,2018
JEM,ortizlu03,6.0,2018-05-10,2018
JEM,,6.0,2018-05-11,2018
JEM,swarmma01,6.0,2018-05-12,2018
JEM,willitr01,5.0,2018-05-13,2018
JEM,,6.0,2018-05-15,2018
JEM,ortizlu03,6.0,2018-05-16,2018
JEM,castehu01,6.0,2018-05-17,2018
JEM,farmebu01,,2018-05-19,2018
JEM,swarmma01,7.0,2018-05-19,2018
JEM,,5.0,2018-05-20,2018
JEM,ortizlu03,5.0,2018-05-21,2018
JEM,bleieri01,,2018-05-22,2018
JEM,castehu01,6.0,2018-05-23,2018
JEM,swarmma01,6.0,2018-05-25,2018
JEM,scholje01,6.0,2018-05-26,2018
JEM,ortizlu03,6.0,2018-05-27,2018
JEM,bleieri01,6.0,2018-05-28,2018
JEM,castehu01,,2018-05-29,2018
JEM,swarmma01,5.0,2018-05-30,2018
JEM,bellch02,30.0,2018-05-31,2018
JEM,,13.0,2018-06-01,2018
JEM,ortizlu03,,2018-06-02,2018
JEM,scholje01,8.0,2018-06-03,2018
JEM,swarmma01,6.0,2018-06-05,2018
JEM,curtijo02,,2018-06-06,2018
JEM,,,2018-06-07,2018
JEM,,6.0,2018-06-08,2018
JEM,scholje01,6.0,2018-06-09,2018
JEM,swarmma01,5.0,2018-06-10,2018
JEM,curtijo02,6.0,2018-06-12,2018
JEM,castehu01,15.0,2018-06-13,2018
JEM,swarmma01,5.0,2018-06-15,2018
JEM,scholje01,7.0,2018-06-16,2018
JEM,curtijo02,5.0,2018-06-17,2018
JEM,castehu01,6.0,2018-06-19,2018
JEM,willitr01,37.0,2018-06-19,2018
JEM,swarmma01,5.0,2018-06-20,2018
JEM,scholje01,6.0,2018-06-22,2018
JEM,bellch02,23.0,2018-06-23,2018
JEM,willitr01,5.0,2018-06-24,2018
JEM,castehu01,6.0,2018-06-25,2018
JEM,swarmma01,6.0,2018-06-26,2018
JEM,,5.0,2018-06-27,2018
JEM,bellch02,5.0,2018-06-28,2018
JEM,willitr01,5.0,2018-06-29,2018
JEM,castehu01,5.0,2018-06-30,2018
JEM,swarmma01,5.0,2018-07-01,2018
JEM,,5.0,2018-07-02,2018
JEM,bellch02,5.0,2018-07-03,2018
JEM,willitr01,5.0,2018-07-04,2018
JEM,castehu01,6.0,2018-07-06,2018
JEM,swarmma01,6.0,2018-07-07,2018
JEM,scholje01,6.0,2018-07-08,2018
JEM,bellch02,6.0,2018-07-09,2018
JEM,willitr01,6.0,2018-07-10,2018
JEM,castehu01,5.0,2018-07-11,2018
JEM,swarmma01,5.0,2018-07-12,2018
JEM,ortizlu03,35.0,2018-07-13,2018
JEM,scholje01,6.0,2018-07-14,2018
JEM,bellch02,6.0,2018-07-15,2018
JEM,willitr01,10.0,2018-07-20,2018
JEM,bellch02,6.0,2018-07-21,2018
JEM,scholje01,8.0,2018-07-22,2018
JEM,swarmma01,11.0,2018-07-23,2018
JEM,,13.0,2018-07-24,2018
JEM,ortizlu03,12.0,2018-07-25,2018
JEM,willitr01,6.0,2018-07-26,2018
JEM,bellch02,6.0,2018-07-27,2018
JEM,scholje01,6.0,2018-07-28,2018
JEM,swarmma01,,2018-07-29,2018
JEM,castehu01,6.0,2018-07-30,2018
JEM,ortizlu03,6.0,2018-07-31,2018
JEM,tropeni01,,2019-03-28,2019
JEM,swarmma01,,2019-03-29,2019
JEM,castehu01,,2019-03-30,2019
JEM,ortizlu03,,2019-03-31,2019
JEM,bassich01,,2019-04-01,2019
JEM,tropeni01,5.0,2019-04-02,2019
JEM,swarmma01,5.0,2019-04-03,2019
JEM,castehu01,6.0,2019-04-05,2019
JEM,ortizlu03,6.0,2019-04-06,2019
JEM,bassich01,6.0,2019-04-07,2019
JEM,tropeni01,6.0,2019-04-08,2019
JEM,,6.0,2019-04-09,2019
JEM,castehu01,5.0,2019-04-10,2019
JEM,ortizlu03,5.0,2019-04-11,2019
JEM,bassich01,5.0,2019-04-12,2019
JEM,curtijo02,,2019-04-13,2019
JEM,swarmma01,5.0,2019-04-14,2019
JEM,bellch02,,2019-04-15,2019
JEM,castehu01,6.0,2019-04-16,2019
JEM,ortizlu03,6.0,2019-04-17,2019
JEM,bassich01,6.0,2019-04-18,2019
JEM,swarmma01,5.0,2019-04-19,2019
JEM,tropeni01,12.0,2019-04-20,2019
JEM,bellch02,6.0,2019-04-21,2019
JEM,castehu01,7.0,2019-04-23,2019
JEM,ortizlu03,,2019-04-24,2019
JEM,swarmma01,6.0,2019-04-25,2019
JEM,tropeni01,6.0,2019-04-26,2019
JEM,bellch02,6.0,2019-04-27,2019
JEM,willitr01,,2019-04-28,2019
JEM,castehu01,6.0,2019-04-29,2019
JEM,ortizlu03,6.0,2019-04-30,2019
JEM,tropeni01,5.0,2019-05-01,2019
JEM,bellch02,6.0,2019-05-03,2019
JEM,willitr01,6.0,2019-05-04,2019
JEM,castehu01,6.0,2019-05-05,2019
JEM,ortizlu03,6.0,2019-05-06,2019
JEM,tropeni01,6.0,2019-05-07,2019
JEM,bellch02,5.0,2019-05-08,2019
JEM,willitr01,5.0,2019-05-09,2019
JEM,castehu01,5.0,2019-05-10,2019
JEM,ortizlu03,5.0,2019-05-11,2019
JEM,tropeni01,5.0,2019-05-12,2019
JEM,bellch02,6.0,2019-05-14,2019
JEM,castehu01,5.0,2019-05-15,2019
JEM,willitr01,8.0,2019-05-17,2019
JEM,ortizlu03,7.0,2019-05-18,2019
JEM,tropeni01,7.0,2019-05-19,2019
JEM,bellch02,7.0,2019-05-21,2019
JEM,willitr01,5.0,2019-05-22,2019
JEM,ortizlu03,6.0,2019-05-24,2019
JEM,tropeni01,6.0,2019-05-25,2019
JEM,,11.0,2019-05-26,2019
JEM,bellch02,,2019-05-27,2019
JEM,willitr01,6.0,2019-05-28,2019
JEM,ortizlu03,,2019-05-29,2019
JEM,tropeni01,5.0,2019-05-30,2019
JEM,castehu01,5.0,2019-05-31,2019
JEM,bellch02,5.0,2019-06-01,2019
JEM,willitr01,5.0,2019-06-02,2019
JEM,ortizlu03,5.0,2019-06-03,2019
JEM,tropeni01,5.0,2019-06-04,2019
JEM,castehu01,,2019-06-05,2019
JEM,bellch02,6.0,2019-06-07,2019
JEM,willitr01,6.0,2019-06-08,2019
JEM,ortizlu03,6.0,2019-06-09,2019
JEM,tropeni01,6.0,2019-06-10,2019
JEM,castehu01,6.0,2019-06-11,2019
JEM,bellch02,6.0,2019-06-13,2019
JEM,willitr01,6.0,2019-06-14,2019
JEM,ortizlu03,6.0,2019-06-15,2019
JEM,tropeni01,6.0,2019-06-16,2019
JEM,castehu01,6.0,2019-06-17,2019
JEM,bellch02,,2019-06-18,2019
JEM,willitr01,5.0,2019-06-19,2019
JEM,bassich01,63.0,2019-06-20,2019
JEM,ortizlu03,6.0,2019-06-21,2019
JEM,tropeni01,6.0,2019-06-22,2019
JEM,castehu01,6.0,2019-06-23,2019
JEM,bellch02,6.0,2019-06-24,2019
JEM,swarmma01,61.0,2019-06-25,2019
JEM,marshal01,,2019-06-26,2019
JEM,ortizlu03,6.0,2019-06-27,2019
JEM,tropeni01,6.0,2019-06-28,2019
JEM,bellch02,5.0,2019-06-29,2019
JEM,castehu01,7.0,2019-06-30,2019
JEM,swarmma01,7.0,2019-07-02,2019
JEM,ortizlu03,6.0,2019-07-03,2019
JEM,tropeni01,6.0,2019-07-04,2019
JEM,bellch02,6.0,2019-07-05,2019
JEM,castehu01,6.0,2019-07-06,2019
JEM,swarmma01,5.0,2019-07-07,2019
JEM,castehu01,6.0,2019-07-12,2019
JEM,swarmma01,6.0,2019-07-13,2019
JEM,tropeni01,10.0,2019-07-14,2019
JEM,bellch02,10.0,2019-07-15,2019
JEM,ortizlu03,13.0,2019-07-16,2019
JEM,castehu01,5.0,2019-07-17,2019
JEM,swarmma01,5.0,2019-07-18,2019
JEM,tropeni01,5.0,2019-07-19,2019
JEM,bellch02,5.0,2019-07-20,2019
JEM,ortizlu03,5.0,2019-07-21,2019
JEM,castehu01,6.0,2019-07-23,2019
JEM,swarmma01,6.0,2019-07-24,2019
JEM,tropeni01,7.0,2019-07-26,2019
JEM,bellch02,7.0,2019-07-27,2019
JEM,ortizlu03,7.0,2019-07-28,2019
JEM,castehu01,6.0,2019-07-29,2019
JEM,bassich01,40.0,2019-07-30,2019
JEM,tropeni01,5.0,2019-07-31,2019
JEM,bellch02,,2021-04-01,2021
JEM,winanal01,,2021-04-02,2021
JEM,ortizlu03,,2021-04-03,2021
JEM,bassich01,,2021-04-04,2021
JEM,cannojo02,,2021-04-05,2021
JEM,,5.0,2021-04-06,2021
JEM,winanal01,5.0,2021-04-07,2021
JEM,ortizlu03,6.0,2021-04-09,2021
JEM,bassich01,6.0,2021-04-10,2021
JEM,bellch02,5.0,2021-04-11,2021
JEM,winanal01,6.0,2021-04-13,2021
JEM,cannojo02,9.0,2021-04-14,2021
JEM,bassich01,5.0,2021-04-15,2021
JEM,ortizlu03,,2021-04-16,2021
JEM,bellch02,6.0,2021-04-17,2021
JEM,winanal01,5.0,2021-04-18,2021
JEM,cannojo02,5.0,2021-04-19,2021
JEM,bassich01,5.0,2021-04-20,2021
JEM,ortizlu03,6.0,2021-04-22,2021
JEM,bellch02,6.0,2021-04-23,2021
JEM,winanal01,6.0,2021-04-24,2021
JEM,cannojo02,6.0,2021-04-25,2021
JEM,bassich01,6.0,2021-04-26,2021
JEM,ortizlu03,5.0,2021-04-27,2021
JEM,bellch02,5.0,2021-04-28,2021
JEM,winanal01,5.0,2021-04-29,2021
JEM,underdu01,,2021-04-30,2021
JEM,cannojo02,6.0,2021-05-01,2021
JEM,bassich01,6.0,2021-05-02,2021
JEM,winanal01,5.0,2021-05-04,2021
JEM,bellch02,6.0,2021-05-04,2021
JEM,ortizlu03,8.0,2021-05-05,2021
JEM,bassich01,5.0,2021-05-07,2021
JEM,bellch02,4.0,2021-05-08,2021
JEM,winanal01,5.0,2021-05-09,2021
JEM,ortizlu03,6.0,2021-05-11,2021
JEM,bassich01,5.0,2021-05-12,2021
JEM,bellch02,6.0,2021-05-14,2021
JEM,winanal01,6.0,2021-05-15,2021
JEM,skogler01,,2021-05-16,2021
JEM,ortizlu03,6.0,2021-05-17,2021
JEM,bassich01,6.0,2021-05-18,2021
JEM,bellch02,5.0,2021-05-19,2021
JEM,willibr02,,2021-05-20,2021
JEM,winanal01,6.0,2021-05-21,2021
JEM,,5.0,2021-05-22,2021
JEM,bassich01,5.0,2021-05-23,2021
JEM,bellch02,6.0,2021-05-25,2021
JEM,winanal01,5.0,2021-05-26,2021
JEM,willibr02,7.0,2021-05-27,2021
JEM,ortizlu03,6.0,2021-05-28,2021
JEM,bassich01,6.0,2021-05-29,2021
JEM,bellch02,5.0,2021-05-30,2021
JEM,winanal01,5.0,2021-05-31,2021
JEM,willibr02,5.0,2021-06-01,2021
JEM,,5.0,2021-06-02,2021
JEM,bassich01,6.0,2021-06-04,2021
JEM,bellch02,6.0,2021-06-05,2021
JEM,winanal01,6.0,2021-06-06,2021
JEM,ortizlu03,6.0,2021-06-08,2021
JEM,marshal01,,2021-06-09,2021
JEM,bassich01,6.0,2021-06-10,2021
JEM,bellch02,,2021-06-11,2021
JEM,winanal01,6.0,2021-06-12,2021
JEM,ortizlu03,5.0,2021-06-13,2021
JEM,marshal01,5.0,2021-06-14,2021
JEM,bassich01,5.0,2021-06-15,2021
JEM,,5.0,2021-06-16,2021
JEM,winanal01,6.0,2021-06-18,2021
JEM,ortizlu03,6.0,2021-06-19,2021
JEM,marshal01,6.0,2021-06-20,2021
JEM,,6.0,2021-06-21,2021
JEM,bellch02,6.0,2021-06-22,2021
JEM,winanal01,5.0,2021-06-23,2021
JEM,ortizlu03,5.0,2021-06-24,2021
JEM,marshal01,5.0,2021-06-25,2021
JEM,bassich01,5.0,2021-06-26,2021
JEM,bellch02,5.0,2021-06-27,2021
JEM,winanal01,5.0,2021-06-28,2021
JEM,ortizlu03,5.0,2021-06-29,2021
JEM,whitlch01,,2021-07-01,2021
JEM,bassich01,6.0,2021-07-02,2021
JEM,,6.0,2021-07-03,2021
JEM,gilbety01,,2021-07-04,2021
JEM,ortizlu03,6.0,2021-07-05,2021
JEM,marshal01,11.0,2021-07-06,2021
JEM,,,2021-07-07,2021
JEM,bassich01,6.0,2021-07-08,2021
JEM,willibr02,38.0,2021-07-09,2021
JEM,ortizlu03,5.0,2021-07-10,2021
JEM,marshal01,5.0,2021-07-11,2021
JEM,bassich01,8.0,2021-07-16,2021
JEM,,7.0,2021-07-17,2021
JEM,willibr02,9.0,2021-07-18,2021
JEM,marshal01,8.0,2021-07-19,2021
JEM,kellebr01,,2021-07-20,2021
JEM,bassich01,5.0,2021-07-21,2021
JEM,ortizlu03,5.0,2021-07-22,2021
JEM,willibr02,5.0,2021-07-23,2021
JEM,marshal01,5.0,2021-07-24,2021
JEM,silsech01,,2021-07-25,2021
JEM,bassich01,6.0,2021-07-27,2021
JEM,ortizlu03,6.0,2021-07-28,2021
JEM,willibr02,6.0,2021-07-29,2021
JEM,marshal01,6.0,2021-07-30,2021
JEM,stonega01,,2021-07-31,2021
JEM,ortizlu03,,2022-04-08,2022
JEM,marshal01,,2022-04-09,2022
JEM,bassich01,,2022-04-10,2022
JEM,suarejo01,,2022-04-12,2022
JEM,bellch02,,2022-04-13,2022
JEM,ortizlu03,6.0,2022-04-14,2022
JEM,marshal01,6.0,2022-04-15,2022
JEM,bassich01,6.0,2022-04-16,2022
JEM,suarejo01,5.0,2022-04-17,2022
JEM,bellch02,5.0,2022-04-18,2022
JEM,,5.0,2022-04-19,2022
JEM,marshal01,5.0,2022-04-20,2022
JEM,bassich01,6.0,2022-04-22,2022
JEM,parkebl01,,2022-04-23,2022
JEM,bellch02,,2022-04-24,2022
JEM,ortizlu03,6.0,2022-04-25,2022
JEM,marshal01,6.0,2022-04-26,2022
JEM,bassich01,5.0,2022-04-27,2022
JEM,parkebl01,6.0,2022-04-29,2022
JEM,,6.0,2022-04-30,2022
JEM,ortizlu03,6.0,2022-05-01,2022
JEM,bassich01,6.0,2022-05-03,2022
JEM,marshal01,8.0,2022-05-04,2022
JEM,bellch02,7.0,2022-05-07,2022
JEM,parkebl01,8.0,2022-05-07,2022
JEM,,7.0,2022-05-08,2022
JEM,bassich01,6.0,2022-05-09,2022
JEM,marshal01,6.0,2022-05-10,2022
JEM,boylejo01,,2022-05-11,2022
JEM,parkebl01,5.0,2022-05-12,2022
JEM,ortizlu03,5.0,2022-05-13,2022
JEM,bassich01,5.0,2022-05-14,2022
JEM,vothau01,,2022-05-15,2022
JEM,,6.0,2022-05-16,2022
JEM,parkebl01,5.0,2022-05-17,2022
JEM,boylejo01,6.0,2022-05-17,2022
JEM,ortizlu03,5.0,2022-05-18,2022
JEM,bassich01,6.0,2022-05-20,2022
JEM,stonega01,,2022-05-21,2022
JEM,marshal01,6.0,2022-05-22,2022
JEM,parkebl01,6.0,2022-05-23,2022
JEM,ortizlu03,6.0,2022-05-24,2022
JEM,bassich01,5.0,2022-05-25,2022
JEM,stonega01,5.0,2022-05-26,2022
JEM,boylejo01,10.0,2022-05-27,2022
JEM,marshal01,6.0,2022-05-28,2022
JEM,parkebl01,6.0,2022-05-29,2022
JEM,ortizlu03,6.0,2022-05-30,2022
JEM,bassich01,6.0,2022-05-31,2022
JEM,stonega01,,2022-06-01,2022
JEM,marshal01,5.0,2022-06-02,2022
JEM,parkebl01,5.0,2022-06-03,2022
JEM,,5.0,2022-06-04,2022
JEM,bassich01,5.0,2022-06-05,2022
JEM,stonega01,6.0,2022-06-07,2022
JEM,marshal01,6.0,2022-06-08,2022
JEM,parkebl01,6.0,2022-06-09,2022
JEM,ortizlu03,6.0,2022-06-10,2022
JEM,bellch02,35.0,2022-06-11,2022
JEM,bassich01,7.0,2022-06-12,2022
JEM,marshal01,6.0,2022-06-14,2022
JEM,parkebl01,6.0,2022-06-15,2022
JEM,bellch02,6.0,2022-06-17,2022
JEM,bassich01,6.0,2022-06-18,2022
JEM,suarejo01,63.0,2022-06-19,2022
JEM,marshal01,7.0,2022-06-21,2022
JEM,parkebl01,7.0,2022-06-22,2022
JEM,bellch02,6.0,2022-06-23,2022
JEM,bassich01,6.0,2022-06-24,2022
JEM,stonega01,18.0,2022-06-25,2022
JEM,marshal01,5.0,2022-06-26,2022
JEM,parkebl01,5.0,2022-06-27,2022
JEM,bellch02,5.0,2022-06-28,2022
JEM,bassich01,5.0,2022-06-29,2022
JEM,stonega01,5.0,2022-06-30,2022
JEM,marshal01,5.0,2022-07-01,2022
JEM,parkebl01,5.0,2022-07-02,2022
JEM,bellch02,5.0,2022-07-03,2022
JEM,bassich01,5.0,2022-07-04,2022
JEM,boylejo01,39.0,2022-07-05,2022
JEM,stonega01,6.0,2022-07-06,2022
JEM,marshal01,6.0,2022-07-07,2022
JEM,parkebl01,6.0,2022-07-08,2022
JEM,bellch02,6.0,2022-07-09,2022
JEM,bassich01,6.0,2022-07-10,2022
JEM,stonega01,6.0,2022-07-12,2022
JEM,marshal01,6.0,2022-07-13,2022
JEM,parkebl01,6.0,2022-07-14,2022
JEM,bellch02,6.0,2022-07-15,2022
JEM,bassich01,6.0,2022-07-16,2022
JEM,stonega01,9.0,2022-07-21,2022
JEM,parkebl01,8.0,2022-07-22,2022
JEM,,7.0,2022-07-23,2022
JEM,bellch02,9.0,2022-07-24,2022
JEM,marshal01,12.0,2022-07-25,2022
JEM,stonega01,5.0,2022-07-26,2022
JEM,suarejo01,38.0,2022-07-27,2022
JEM,parkebl01,6.0,2022-07-28,2022
JEM,bassich01,6.0,2022-07-29,2022
JEM,bellch02,6.0,2022-07-30,2022
JEM,marshal01,6.0,2022-07-31,2022
JEM,bassich01,,2023-03-30,2023
JEM,cannojo02,,2023-03-31,2023
JEM,,,2023-04-01,2023
JEM,oswalco01,,2023-04-02,2023
JEM,vothau01,,2023-04-03,2023
JEM,bassich01,5.0,2023-04-04,2023
JEM,cannojo02,6.0,2023-04-06,2023
JEM,bellch02,6.0,2023-04-07,2023
JEM,oswalco01,6.0,2023-04-08,2023
JEM,vothau01,6.0,2023-04-09,2023
JEM,bassich01,6.0,2023-04-10,2023
JEM,cannojo02,5.0,2023-04-11,2023
JEM,bellch02,5.0,2023-04-12,2023
JEM,oswalco01,6.0,2023-04-14,2023
JEM,vothau01,6.0,2023-04-15,2023
JEM,bassich01,6.0,2023-04-16,2023
JEM,cannojo02,6.0,2023-04-17,2023
JEM,bellch02,,2023-04-18,2023
JEM,oswalco01,5.0,2023-04-19,2023
JEM,vothau01,5.0,2023-04-20,2023
JEM,bassich01,,2023-04-21,2023
JEM,cannojo02,5.0,2023-04-22,2023
JEM,bellch02,5.0,2023-04-23,2023
JEM,oswalco01,6.0,2023-04-25,2023
JEM,marshal01,,2023-04-26,2023
JEM,bassich01,6.0,2023-04-27,2023
JEM,cannojo02,6.0,2023-04-28,2023
JEM,bellch02,6.0,2023-04-29,2023
JEM,oswalco01,5.0,2023-04-30,2023
JEM,marshal01,5.0,2023-05-01,2023
JEM,bassich01,5.0,2023-05-02,2023
JEM,wittgni01,,2023-05-03,2023
JEM,bellch02,6.0,2023-05-05,2023
JEM,cannojo02,8.0,2023-05-06,2023
JEM,bassich01,5.0,2023-05-07,2023
JEM,marshal01,7.0,2023-05-08,2023
JEM,oswalco01,,2023-05-09,2023
JEM,bellch02,5.0,2023-05-10,2023
JEM,cannojo02,6.0,2023-05-12,2023
JEM,bassich01,6.0,2023-05-13,2023
JEM,marshal01,6.0,2023-05-14,2023
JEM,oswalco01,6.0,2023-05-15,2023
JEM,bellch02,6.0,2023-05-16,2023
JEM,cannojo02,5.0,2023-05-17,2023
JEM,bassich01,5.0,2023-05-18,2023
JEM,marshal01,5.0,2023-05-19,2023
JEM,oswalco01,5.0,2023-05-20,2023
JEM,bellch02,5.0,2023-05-21,2023
JEM,wittgni01,19.0,2023-05-22,2023
JEM,,,2023-05-23,2023
JEM,marshal01,5.0,2023-05-24,2023
JEM,oswalco01,6.0,2023-05-26,2023
JEM,bellch02,6.0,2023-05-27,2023
JEM,wittgni01,6.0,2023-05-28,2023
JEM,perezma02,6.0,2023-05-29,2023
JEM,marshal01,6.0,2023-05-30,2023
JEM,oswalco01,5.0,2023-05-31,2023
JEM,bellch02,6.0,2023-06-02,2023
JEM,vothau01,44.0,2023-06-03,2023
JEM,perezma02,6.0,2023-06-04,2023
JEM,marshal01,7.0,2023-06-06,2023
JEM,oswalco01,7.0,2023-06-07,2023
JEM,bellch02,6.0,2023-06-08,2023
JEM,whitlch01,,2023-06-09,2023
JEM,,6.0,2023-06-10,2023
JEM,curtijo02,,2023-06-11,2023
JEM,marshal01,7.0,2023-06-13,2023
JEM,bellch02,6.0,2023-06-14,2023
JEM,vothau01,12.0,2023-06-15,2023
JEM,rodrigr01,,2023-06-16,2023
JEM,perezma02,7.0,2023-06-17,2023
JEM,marshal01,5.0,2023-06-18,2023
JEM,bellch02,6.0,2023-06-20,2023
JEM,lylesjo01,,2023-06-21,2023
JEM,rodrigr01,7.0,2023-06-23,2023
JEM,perezma02,,2023-06-24,2023
JEM,marshal01,,2023-06-25,2023
JEM,bellch02,7.0,2023-06-27,2023
JEM,vothau01,13.0,2023-06-28,2023
JEM,rodrigr01,6.0,2023-06-29,2023
JEM,perezma02,6.0,2023-06-30,2023
JEM,bassich01,44.0,2023-07-01,2023
JEM,marshal01,7.0,2023-07-02,2023
JEM,vothau01,5.0,2023-07-03,2023
JEM,rodrigr01,5.0,2023-07-04,2023
JEM,perezma02,5.0,2023-07-05,2023
JEM,bassich01,5.0,2023-07-06,2023
JEM,marshal01,5.0,2023-07-07,2023
JEM,blachty01,,2023-07-08,2023
JEM,bassich01,8.0,2023-07-14,2023
JEM,marshal01,8.0,2023-07-15,2023
JEM,perezma02,11.0,2023-07-16,2023
JEM,rodrigr01,13.0,2023-07-17,2023
JEM,vothau01,15.0,2023-07-18,2023
JEM,bassich01,5.0,2023-07-19,2023
JEM,marshal01,6.0,2023-07-21,2023
JEM,perezma02,6.0,2023-07-22,2023
JEM,rodrigr01,6.0,2023-07-23,2023
JEM,vothau01,6.0,2023-07-24,2023
JEM,bassich01,,2023-07-25,2023
JEM,marshal01,5.0,2023-07-26,2023
JEM,,6.0,2023-07-28,2023
JEM,rodrigr01,6.0,2023-07-29,2023
JEM,vothau01,6.0,2023-07-30,2023
KFH,middlke01,,2016-04-03,2016
KFH,wilsost02,,2016-04-04,2016
KFH,adamsau02,,2016-04-05,2016
KFH,garzaju01,,2016-04-06,2016
KFH,middlke01,5.0,2016-04-08,2016
KFH,adamsau02,,2016-04-10,2016
KFH,garzaju01,6.0,2016-04-12,2016
KFH,wilsost02,9.0,2016-04-13,2016
KFH,middlke01,6.0,2016-04-14,2016
KFH,adamsau02,5.0,2016-04-15,2016
KFH,abbotco01,,2016-04-16,2016
KFH,garzaju01,5.0,2016-04-17,2016
KFH,wilsost02,6.0,2016-04-19,2016
KFH,middlke01,6.0,2016-04-20,2016
KFH,adamsau02,6.0,2016-04-21,2016
KFH,garzaju01,5.0,2016-04-22,2016
KFH,waldike01,,2016-04-23,2016
KFH,wilsost02,,2016-04-24,2016
KFH,,5.0,2016-04-25,2016
KFH,adamsau02,5.0,2016-04-26,2016
KFH,,,2016-04-27,2016
KFH,wilsost02,5.0,2016-04-29,2016
KFH,middlke01,5.0,2016-04-30,2016
KFH,adamsau02,5.0,2016-05-01,2016
KFH,garzaju01,6.0,2016-05-03,2016
KFH,wilsost02,5.0,2016-05-04,2016
KFH,middlke01,6.0,2016-05-06,2016
KFH,adamsau02,6.0,2016-05-07,2016
KFH,elderbr01,,2016-05-08,2016
KFH,garzaju01,6.0,2016-05-09,2016
KFH,wilsost02,6.0,2016-05-10,2016
KFH,middlke01,5.0,2016-05-11,2016
KFH,adamsau02,6.0,2016-05-13,2016
KFH,elderbr01,6.0,2016-05-14,2016
KFH,,6.0,2016-05-15,2016
KFH,wilsost02,6.0,2016-05-16,2016
KFH,middlke01,6.0,2016-05-17,2016
KFH,adamsau02,5.0,2016-05-18,2016
KFH,elderbr01,6.0,2016-05-20,2016
KFH,wilsost02,,2016-05-21,2016
KFH,middlke01,5.0,2016-05-22,2016
KFH,garzaju01,8.0,2016-05-23,2016
KFH,adamsau02,6.0,2016-05-24,2016
KFH,elderbr01,5.0,2016-05-25,2016
KFH,wilsost02,5.0,2016-05-26,2016
KFH,middlke01,5.0,2016-05-27,2016
KFH,garzaju01,5.0,2016-05-28,2016
KFH,adamsau02,5.0,2016-05-29,2016
KFH,elderbr01,5.0,2016-05-30,2016
KFH,wilsost02,5.0,2016-05-31,2016
KFH,middlke01,5.0,2016-06-01,2016
KFH,garzaju01,5.0,2016-06-02,2016
KFH,adamsau02,5.0,2016-06-03,2016
KFH,elderbr01,5.0,2016-06-04,2016
KFH,wilsost02,5.0,2016-06-05,2016
KFH,middlke01,5.0,2016-06-06,2016
KFH,garzaju01,5.0,2016-06-07,2016
KFH,adamsau02,5.0,2016-06-08,2016
KFH,elderbr01,6.0,2016-06-10,2016
KFH,middlke01,5.0,2016-06-11,2016
KFH,garzaju01,5.0,2016-06-12,2016
KFH,adamsau02,6.0,2016-06-14,2016
KFH,wilsost02,10.0,2016-06-15,2016
KFH,waldike01,,2016-06-16,2016
KFH,middlke01,6.0,2016-06-17,2016
KFH,garzaju01,6.0,2016-06-18,2016
KFH,adamsau02,5.0,2016-06-19,2016
KFH,wilsost02,5.0,2016-06-20,2016
KFH,waldike01,5.0,2016-06-21,2016
KFH,middlke01,5.0,2016-06-22,2016
KFH,garzaju01,6.0,2016-06-24,2016
KFH,elderbr01,15.0,2016-06-25,2016
KFH,adamsau02,6.0,2016-06-25,2016
KFH,wilsost02,,2016-06-26,2016
KFH,waldike01,6.0,2016-06-27,2016
KFH,middlke01,6.0,2016-06-28,2016
KFH,garzaju01,5.0,2016-06-29,2016
KFH,adamsau02,5.0,2016-06-30,2016
KFH,wilsost02,5.0,2016-07-01,2016
KFH,waldike01,5.0,2016-07-02,2016
KFH,middlke01,5.0,2016-07-03,2016
KFH,garzaju01,5.0,2016-07-04,2016
KFH,adamsau02,5.0,2016-07-05,2016
KFH,wilsost02,5.0,2016-07-06,2016
KFH,waldike01,5.0,2016-07-07,2016
KFH,middlke01,5.0,2016-07-08,2016
KFH,garzaju01,5.0,2016-07-09,2016
KFH,adamsau02,5.0,2016-07-10,2016
KFH,middlke01,7.0,2016-07-15,2016
KFH,garzaju01,7.0,2016-07-16,2016
KFH,adamsau02,7.0,2016-07-17,2016
KFH,wilsost02,12.0,2016-07-18,2016
KFH,waldike01,12.0,2016-07-19,2016
KFH,middlke01,5.0,2016-07-20,2016
KFH,garzaju01,5.0,2016-07-21,2016
KFH,adamsau02,5.0,2016-07-22,2016
KFH,wilsost02,,2016-07-23,2016
KFH,waldike01,5.0,2016-07-24,2016
KFH,middlke01,6.0,2016-07-26,2016
KFH,garzaju01,6.0,2016-07-27,2016
KFH,adamsau02,7.0,2016-07-29,2016
KFH,wilsost02,7.0,2016-07-30,2016
KFH,waldike01,7.0,2016-07-31,2016
KFH,middlke01,,2017-04-02,2017
KFH,adamsau02,,2017-04-04,2017
KFH,kendrky01,,2017-04-05,2017
KFH,waldike01,,2017-04-06,2017
KFH,elderbr01,,2017-04-07,2017
KFH,middlke01,6.0,2017-04-08,2017
KFH,adamsau02,5.0,2017-04-09,2017
KFH,kendrky01,5.0,2017-04-10,2017
KFH,waldike01,6.0,2017-04-12,2017
KFH,elderbr01,6.0,2017-04-13,2017
KFH,middlke01,6.0,2017-04-14,2017
KFH,adamsau02,6.0,2017-04-15,2017
KFH,kendrky01,6.0,2017-04-16,2017
KFH,waldike01,5.0,2017-04-17,2017
KFH,elderbr01,5.0,2017-04-18,2017
KFH,middlke01,5.0,2017-04-19,2017
KFH,abbotco01,,2017-04-20,2017
KFH,kendrky01,5.0,2017-04-21,2017
KFH,waldike01,5.0,2017-04-22,2017
KFH,elderbr01,5.0,2017-04-23,2017
KFH,middlke01,5.0,2017-04-24,2017
KFH,pinedmi01,,2017-04-25,2017
KFH,kendrky01,5.0,2017-04-26,2017
KFH,waldike01,6.0,2017-04-28,2017
KFH,elderbr01,6.0,2017-04-29,2017
KFH,,6.0,2017-04-30,2017
KFH,adamsau02,16.0,2017-05-01,2017
KFH,kendrky01,6.0,2017-05-02,2017
KFH,,5.0,2017-05-03,2017
KFH,elderbr01,5.0,2017-05-04,2017
KFH,middlke01,5.0,2017-05-05,2017
KFH,adamsau02,5.0,2017-05-06,2017
KFH,kendrky01,5.0,2017-05-07,2017
KFH,waldike01,5.0,2017-05-08,2017
KFH,,5.0,2017-05-09,2017
KFH,middlke01,5.0,2017-05-10,2017
KFH,adamsau02,5.0,2017-05-11,2017
KFH,kendrky01,5.0,2017-05-12,2017
KFH,,5.0,2017-05-13,2017
KFH,elderbr01,5.0,2017-05-14,2017
KFH,middlke01,5.0,2017-05-15,2017
KFH,adamsau02,5.0,2017-05-16,2017
KFH,kendrky01,5.0,2017-05-17,2017
KFH,abbotco01,29.0,2017-05-19,2017
KFH,elderbr01,6.0,2017-05-20,2017
KFH,middlke01,6.0,2017-05-21,2017
KFH,adamsau02,6.0,2017-05-22,2017
KFH,,6.0,2017-05-23,2017
KFH,,5.0,2017-05-24,2017
KFH,elderbr01,5.0,2017-05-25,2017
KFH,middlke01,5.0,2017-05-26,2017
KFH,adamsau02,5.0,2017-05-27,2017
KFH,kendrky01,,2017-05-28,2017
KFH,abbotco01,5.0,2017-05-29,2017
KFH,elderbr01,5.0,2017-05-30,2017
KFH,middlke01,5.0,2017-05-31,2017
KFH,adamsau02,6.0,2017-06-02,2017
KFH,kendrky01,6.0,2017-06-03,2017
KFH,abbotco01,6.0,2017-06-04,2017
KFH,middlke01,6.0,2017-06-06,2017
KFH,kinghni01,,2017-06-07,2017
KFH,adamsau02,6.0,2017-06-08,2017
KFH,kendrky01,6.0,2017-06-09,2017
KFH,abbotco01,6.0,2017-06-10,2017
KFH,elderbr01,11.0,2017-06-10,2017
KFH,middlke01,5.0,2017-06-11,2017
KFH,kinghni01,6.0,2017-06-13,2017
KFH,adamsau02,6.0,2017-06-14,2017
KFH,kendrky01,6.0,2017-06-15,2017
KFH,abbotco01,6.0,2017-06-16,2017
KFH,middlke01,6.0,2017-06-17,2017
KFH,kinghni01,5.0,2017-06-18,2017
KFH,adamsau02,5.0,2017-06-19,2017
KFH,kendrky01,5.0,2017-06-20,2017
KFH,abbotco01,5.0,2017-06-21,2017
KFH,middlke01,6.0,2017-06-23,2017
KFH,kinghni01,6.0,2017-06-24,2017
KFH,adamsau02,6.0,2017-06-25,2017
KFH,kendrky01,7.0,2017-06-27,2017
KFH,waldike01,46.0,2017-06-28,2017
KFH,middlke01,,2017-06-29,2017
KFH,kinghni01,6.0,2017-06-30,2017
KFH,adamsau02,6.0,2017-07-01,2017
KFH,kendrky01,5.0,2017-07-02,2017
KFH,middlke01,5.0,2017-07-04,2017
KFH,waldike01,7.0,2017-07-05,2017
KFH,kinghni01,6.0,2017-07-06,2017
KFH,adamsau02,6.0,2017-07-07,2017
KFH,kendrky01,6.0,2017-07-08,2017
KFH,middlke01,5.0,2017-07-09,2017
KFH,kinghni01,8.0,2017-07-14,2017
KFH,kendrky01,7.0,2017-07-15,2017
KFH,middlke01,7.0,2017-07-16,2017
KFH,adamsau02,10.0,2017-07-17,2017
KFH,waldike01,13.0,2017-07-18,2017
KFH,kinghni01,5.0,2017-07-19,2017
KFH,kendrky01,6.0,2017-07-21,2017
KFH,middlke01,6.0,2017-07-22,2017
KFH,adamsau02,6.0,2017-07-23,2017
KFH,waldike01,6.0,2017-07-24,2017
KFH,kinghni01,6.0,2017-07-25,2017
KFH,kendrky01,5.0,2017-07-26,2017
KFH,middlke01,5.0,2017-07-27,2017
KFH,pinedmi01,94.0,2017-07-28,2017
KFH,waldike01,5.0,2017-07-29,2017
KFH,kinghni01,,2017-07-30,2017
KFH,kendrky01,5.0,2017-07-31,2017
KFH,middlke01,,2018-03-29,2018
KFH,waldike01,,2018-03-30,2018
KFH,jungmta01,,2018-03-31,2018
KFH,kinghni01,,2018-04-01,2018
KFH,middlke01,5.0,2018-04-03,2018
KFH,waldike01,5.0,2018-04-04,2018
KFH,festama01,,2018-04-05,2018
KFH,kinghni01,6.0,2018-04-07,2018
KFH,jungmta01,8.0,2018-04-08,2018
KFH,middlke01,6.0,2018-04-09,2018
KFH,waldike01,6.0,2018-04-10,2018
KFH,festama01,6.0,2018-04-11,2018
KFH,kinghni01,6.0,2018-04-13,2018
KFH,middlke01,5.0,2018-04-14,2018
KFH,koenija01,,2018-04-15,2018
KFH,waldike01,6.0,2018-04-16,2018
KFH,festama01,6.0,2018-04-17,2018
KFH,kinghni01,5.0,2018-04-18,2018
KFH,middlke01,6.0,2018-04-20,2018
KFH,waldike01,5.0,2018-04-21,2018
KFH,festama01,5.0,2018-04-22,2018
KFH,kinghni01,7.0,2018-04-25,2018
KFH,middlke01,6.0,2018-04-26,2018
KFH,waldike01,6.0,2018-04-27,2018
KFH,festama01,,2018-04-28,2018
KFH,elderbr01,,2018-04-29,2018
KFH,kinghni01,5.0,2018-04-30,2018
KFH,middlke01,5.0,2018-05-01,2018
KFH,,5.0,2018-05-02,2018
KFH,jungmta01,26.0,2018-05-04,2018
KFH,kinghni01,5.0,2018-05-05,2018
KFH,middlke01,5.0,2018-05-06,2018
KFH,waldike01,6.0,2018-05-08,2018
KFH,koenija01,24.0,2018-05-09,2018
KFH,kinghni01,6.0,2018-05-11,2018
KFH,middlke01,,2018-05-12,2018
KFH,elderbr01,13.0,2018-05-12,2018
KFH,waldike01,5.0,2018-05-13,2018
KFH,koenija01,5.0,2018-05-14,2018
KFH,benjawe01,,2018-05-15,2018
KFH,kinghni01,5.0,2018-05-16,2018
KFH,middlke01,5.0,2018-05-17,2018
KFH,waldike01,5.0,2018-05-18,2018
KFH,javiecr01,,2018-05-19,2018
KFH,javiecr01,1.0,2018-05-20,2018
KFH,kinghni01,6.0,2018-05-22,2018
KFH,middlke01,6.0,2018-05-23,2018
KFH,waldike01,6.0,2018-05-24,2018
KFH,javiecr01,5.0,2018-05-25,2018
KFH,ranauan01,,2018-05-26,2018
KFH,javiecr01,2.0,2018-05-27,2018
KFH,middlke01,5.0,2018-05-28,2018
KFH,waldike01,5.0,2018-05-29,2018
KFH,,,2018-05-30,2018
KFH,ranauan01,5.0,2018-05-31,2018
KFH,javiecr01,5.0,2018-06-01,2018
KFH,middlke01,5.0,2018-06-02,2018
KFH,waldike01,5.0,2018-06-03,2018
KFH,,6.0,2018-06-05,2018
KFH,nastrni01,,2018-06-06,2018
KFH,ranauan01,7.0,2018-06-07,2018
KFH,nelsoky01,,2018-06-08,2018
KFH,waldike01,6.0,2018-06-09,2018
KFH,boshebu01,5.0,2018-06-10,2018
KFH,koenija01,28.0,2018-06-11,2018
KFH,ranauan01,5.0,2018-06-12,2018
KFH,nelsoky01,5.0,2018-06-13,2018
KFH,waldike01,5.0,2018-06-14,2018
KFH,boshebu01,5.0,2018-06-15,2018
KFH,ranauan01,4.0,2018-06-16,2018
KFH,nelsoky01,4.0,2018-06-17,2018
KFH,ranauan01,2.0,2018-06-18,2018
KFH,waldike01,5.0,2018-06-19,2018
KFH,boshebu01,5.0,2018-06-20,2018
KFH,ranauan01,4.0,2018-06-22,2018
KFH,nelsoky01,6.0,2018-06-23,2018
KFH,elderbr01,43.0,2018-06-24,2018
KFH,,6.0,2018-06-25,2018
KFH,boshebu01,6.0,2018-06-26,2018
KFH,ranauan01,6.0,2018-06-28,2018
KFH,nelsoky01,,2018-06-29,2018
KFH,ranauan01,2.0,2018-06-30,2018
KFH,waldike01,6.0,2018-07-01,2018
KFH,boshebu01,6.0,2018-07-02,2018
KFH,koenija01,22.0,2018-07-03,2018
KFH,elderbr01,10.0,2018-07-04,2018
KFH,ranauan01,6.0,2018-07-06,2018
KFH,waldike01,,2018-07-07,2018
KFH,boshebu01,,2018-07-08,2018
KFH,middlke01,37.0,2018-07-09,2018
KFH,ranauan01,4.0,2018-07-10,2018
KFH,leclejo01,,2018-07-11,2018
KFH,waldike01,5.0,2018-07-12,2018
KFH,boshebu01,5.0,2018-07-13,2018
KFH,middlke01,5.0,2018-07-14,2018
KFH,ranauan01,5.0,2018-07-15,2018
KFH,boshebu01,7.0,2018-07-20,2018
KFH,ranauan01,6.0,2018-07-21,2018
KFH,middlke01,8.0,2018-07-22,2018
KFH,leclejo01,12.0,2018-07-23,2018
KFH,festama01,87.0,2018-07-24,2018
KFH,ranauan01,4.0,2018-07-25,2018
KFH,leclejo01,3.0,2018-07-26,2018
KFH,middlke01,5.0,2018-07-27,2018
KFH,ranauan01,3.0,2018-07-28,2018
KFH,festama01,5.0,2018-07-29,2018
KFH,ranauan01,3.0,2018-07-31,2018
KFH,waldike01,,2019-03-28,2019
KFH,suarean01,,2019-03-29,2019
KFH,pannoth01,,2019-03-30,2019
KFH,festama01,,2019-03-31,2019
KFH,ranauan01,,2019-04-01,2019
KFH,waldike01,5.0,2019-04-02,2019
KFH,suarean01,5.0,2019-04-03,2019
KFH,pannoth01,,2019-04-05,2019
KFH,ranauan01,5.0,2019-04-06,2019
KFH,festama01,7.0,2019-04-07,2019
KFH,waldike01,6.0,2019-04-08,2019
KFH,,6.0,2019-04-09,2019
KFH,pannoth01,,2019-04-10,2019
KFH,ranauan01,,2019-04-12,2019
KFH,waldike01,5.0,2019-04-13,2019
KFH,suarean01,5.0,2019-04-14,2019
KFH,pannoth01,6.0,2019-04-16,2019
KFH,ranauan01,5.0,2019-04-17,2019
KFH,leclejo01,,2019-04-18,2019
KFH,ranauan01,2.0,2019-04-19,2019
KFH,suarean01,6.0,2019-04-20,2019
KFH,pannoth01,5.0,2019-04-21,2019
KFH,festama01,15.0,2019-04-22,2019
KFH,ranauan01,4.0,2019-04-23,2019
KFH,waldike01,11.0,2019-04-24,2019
KFH,suarean01,7.0,2019-04-27,2019
KFH,pannoth01,7.0,2019-04-28,2019
KFH,ranauan01,6.0,2019-04-29,2019
KFH,waldike01,7.0,2019-05-01,2019
KFH,ranauan01,2.0,2019-05-01,2019
KFH,suarean01,5.0,2019-05-02,2019
KFH,pannoth01,5.0,2019-05-03,2019
KFH,festama01,12.0,2019-05-04,2019
KFH,waldike01,5.0,2019-05-06,2019
KFH,ranauan01,6.0,2019-05-07,2019
KFH,suarean01,6.0,2019-05-08,2019
KFH,pannoth01,,2019-05-10,2019
KFH,ranauan01,4.0,2019-05-11,2019
KFH,waldike01,6.0,2019-05-12,2019
KFH,suarean01,6.0,2019-05-14,2019
KFH,ranauan01,4.0,2019-05-15,2019
KFH,ranauan01,2.0,2019-05-17,2019
KFH,waldike01,6.0,2019-05-18,2019
KFH,suarean01,,2019-05-19,2019
KFH,leclejo01,33.0,2019-05-21,2019
KFH,ranauan01,5.0,2019-05-22,2019
KFH,koenija01,,2019-05-23,2019
KFH,waldike01,6.0,2019-05-24,2019
KFH,suarean01,6.0,2019-05-25,2019
KFH,ranauan01,4.0,2019-05-26,2019
KFH,festama01,23.0,2019-05-27,2019
KFH,ranauan01,2.0,2019-05-28,2019
KFH,waldike01,5.0,2019-05-29,2019
KFH,suarean01,5.0,2019-05-30,2019
KFH,ranauan01,3.0,2019-05-31,2019
KFH,festama01,5.0,2019-06-01,2019
KFH,koenija01,10.0,2019-06-02,2019
KFH,waldike01,,2019-06-04,2019
KFH,suarean01,6.0,2019-06-05,2019
KFH,ranauan01,6.0,2019-06-06,2019
KFH,festama01,6.0,2019-06-07,2019
KFH,ranauan01,2.0,2019-06-08,2019
KFH,koenija01,6.0,2019-06-08,2019
KFH,,,2019-06-09,2019
KFH,suarean01,5.0,2019-06-10,2019
KFH,ranauan01,3.0,2019-06-11,2019
KFH,festama01,5.0,2019-06-12,2019
KFH,koenija01,5.0,2019-06-13,2019
KFH,waldike01,5.0,2019-06-14,2019
KFH,suarean01,,2019-06-15,2019
KFH,ranauan01,5.0,2019-06-16,2019
KFH,festama01,5.0,2019-06-17,2019
KFH,,2.0,2019-06-18,2019
KFH,waldike01,5.0,2019-06-19,2019
KFH,suarean01,5.0,2019-06-20,2019
KFH,jungmta01,,2019-06-21,2019
KFH,festama01,5.0,2019-06-22,2019
KFH,ranauan01,5.0,2019-06-23,2019
KFH,waldike01,6.0,2019-06-25,2019
KFH,suarean01,6.0,2019-06-26,2019
KFH,ranauan01,4.0,2019-06-27,2019
KFH,festama01,6.0,2019-06-28,2019
KFH,espinpa01,,2019-06-29,2019
KFH,waldike01,5.0,2019-06-30,2019
KFH,ranauan01,4.0,2019-07-01,2019
KFH,suarean01,6.0,2019-07-02,2019
KFH,ranauan01,2.0,2019-07-03,2019
KFH,festama01,6.0,2019-07-04,2019
KFH,espinpa01,6.0,2019-07-05,2019
KFH,waldike01,6.0,2019-07-06,2019
KFH,suarean01,5.0,2019-07-07,2019
KFH,festama01,8.0,2019-07-12,2019
KFH,suarean01,6.0,2019-07-13,2019
KFH,espinpa01,8.0,2019-07-13,2019
KFH,ranauan01,11.0,2019-07-14,2019
KFH,waldike01,9.0,2019-07-15,2019
KFH,ranauan01,2.0,2019-07-16,2019
KFH,suarean01,,2019-07-18,2019
KFH,festama01,6.0,2019-07-18,2019
KFH,espinpa01,6.0,2019-07-19,2019
KFH,koenija01,37.0,2019-07-20,2019
KFH,waldike01,6.0,2019-07-21,2019
KFH,obrieri01,,2019-07-22,2019
KFH,festama01,5.0,2019-07-23,2019
KFH,suarean01,6.0,2019-07-24,2019
KFH,mcfartj01,,2019-07-26,2019
KFH,jungmta01,36.0,2019-07-27,2019
KFH,festama01,5.0,2019-07-28,2019
KFH,suarean01,,2019-07-30,2019
KFH,jungmta01,,2019-07-31,2019
KFH,,,2021-04-01,2021
KFH,koenija01,,2021-04-02,2021
KFH,,,2021-04-03,2021
KFH,smithaj01,,2021-04-05,2021
KFH,pannoth01,,2021-04-06,2021
KFH,koenija01,5.0,2021-04-07,2021
KFH,willitr01,6.0,2021-04-09,2021
KFH,,,2021-04-10,2021
KFH,woobr01,,2021-04-11,2021
KFH,pannoth01,6.0,2021-04-12,2021
KFH,koenija01,6.0,2021-04-13,2021
KFH,juradar01,,2021-04-14,2021
KFH,willitr01,,2021-04-15,2021
KFH,smithaj01,11.0,2021-04-16,2021
KFH,pannoth01,5.0,2021-04-17,2021
KFH,jungmta01,,2021-04-18,2021
KFH,juradar01,5.0,2021-04-19,2021
KFH,willitr01,5.0,2021-04-20,2021
KFH,,5.0,2021-04-21,2021
KFH,pannoth01,6.0,2021-04-23,2021
KFH,woobr01,13.0,2021-04-24,2021
KFH,thorntr01,,2021-04-25,2021
KFH,willitr01,6.0,2021-04-26,2021
KFH,smithaj01,6.0,2021-04-27,2021
KFH,pannoth01,,2021-04-28,2021
KFH,castima03,,2021-04-29,2021
KFH,koenija01,17.0,2021-04-30,2021
KFH,juradar01,12.0,2021-05-01,2021
KFH,willitr01,6.0,2021-05-02,2021
KFH,pannoth01,5.0,2021-05-03,2021
KFH,castima03,5.0,2021-05-04,2021
KFH,jungmta01,17.0,2021-05-05,2021
KFH,nixja02,,2021-05-06,2021
KFH,willitr01,5.0,2021-05-07,2021
KFH,pannoth01,5.0,2021-05-08,2021
KFH,castima03,5.0,2021-05-09,2021
KFH,thorntr01,16.0,2021-05-11,2021
KFH,nixja02,6.0,2021-05-12,2021
KFH,,6.0,2021-05-13,2021
KFH,pannoth01,6.0,2021-05-14,2021
KFH,castima03,,2021-05-15,2021
KFH,juradar01,15.0,2021-05-16,2021
KFH,thorntr01,7.0,2021-05-18,2021
KFH,koenija01,19.0,2021-05-19,2021
KFH,willitr01,7.0,2021-05-20,2021
KFH,pannoth01,7.0,2021-05-21,2021
KFH,castima03,7.0,2021-05-22,2021
KFH,smithaj01,26.0,2021-05-23,2021
KFH,koenija01,5.0,2021-05-24,2021
KFH,willitr01,5.0,2021-05-25,2021
KFH,pannoth01,5.0,2021-05-26,2021
KFH,castima03,5.0,2021-05-27,2021
KFH,koenija01,5.0,2021-05-29,2021
KFH,nixja02,18.0,2021-05-30,2021
KFH,willitr01,6.0,2021-05-31,2021
KFH,pannoth01,6.0,2021-06-01,2021
KFH,castima03,6.0,2021-06-02,2021
KFH,koenija01,5.0,2021-06-03,2021
KFH,juradar01,19.0,2021-06-04,2021
KFH,willitr01,5.0,2021-06-05,2021
KFH,smithaj01,14.0,2021-06-06,2021
KFH,pannoth01,7.0,2021-06-08,2021
KFH,castima03,7.0,2021-06-09,2021
KFH,koenija01,8.0,2021-06-11,2021
KFH,willitr01,7.0,2021-06-12,2021
KFH,smithaj01,7.0,2021-06-13,2021
KFH,pannoth01,6.0,2021-06-14,2021
KFH,castima03,6.0,2021-06-15,2021
KFH,koenija01,5.0,2021-06-16,2021
KFH,willitr01,5.0,2021-06-17,2021
KFH,smithaj01,5.0,2021-06-18,2021
KFH,juradar01,15.0,2021-06-19,2021
KFH,,5.0,2021-06-20,2021
KFH,jungmta01,48.0,2021-06-22,2021
KFH,willitr01,6.0,2021-06-23,2021
KFH,smithaj01,6.0,2021-06-24,2021
KFH,jungmta01,3.0,2021-06-25,2021
KFH,castima03,6.0,2021-06-26,2021
KFH,koenija01,,2021-06-27,2021
KFH,willitr01,6.0,2021-06-29,2021
KFH,hunteto02,,2021-06-30,2021
KFH,thorntr01,45.0,2021-07-02,2021
KFH,,7.0,2021-07-03,2021
KFH,koenija01,7.0,2021-07-04,2021
KFH,willitr01,6.0,2021-07-05,2021
KFH,smithaj01,13.0,2021-07-07,2021
KFH,nixja02,,2021-07-07,2021
KFH,castima03,6.0,2021-07-09,2021
KFH,koenija01,,2021-07-10,2021
KFH,willitr01,6.0,2021-07-11,2021
KFH,smithaj01,9.0,2021-07-16,2021
KFH,juradar01,28.0,2021-07-17,2021
KFH,willitr01,7.0,2021-07-18,2021
KFH,koenija01,9.0,2021-07-19,2021
KFH,castima03,11.0,2021-07-20,2021
KFH,smithaj01,5.0,2021-07-21,2021
KFH,thorntr01,20.0,2021-07-22,2021
KFH,juradar01,6.0,2021-07-23,2021
KFH,hunteto02,24.0,2021-07-24,2021
KFH,koenija01,6.0,2021-07-25,2021
KFH,castima03,7.0,2021-07-27,2021
KFH,smithaj01,7.0,2021-07-28,2021
KFH,thorntr01,7.0,2021-07-29,2021
KFH,juradar01,7.0,2021-07-30,2021
KFH,koenija01,6.0,2021-07-31,2021
KFH,castima03,,2022-04-08,2022
KFH,hunteto02,,2022-04-09,2022
KFH,johnsji04,,2022-04-10,2022
KFH,thorntr01,,2022-04-11,2022
KFH,mccarki01,,2022-04-12,2022
KFH,castima03,5.0,2022-04-13,2022
KFH,juradar01,,2022-04-14,2022
KFH,hunteto02,6.0,2022-04-15,2022
KFH,johnsji04,6.0,2022-04-16,2022
KFH,smithri01,,2022-04-17,2022
KFH,castima03,5.0,2022-04-18,2022
KFH,povicca01,,2022-04-19,2022
KFH,hunteto02,5.0,2022-04-20,2022
KFH,johnsji04,6.0,2022-04-22,2022
KFH,smithri01,6.0,2022-04-23,2022
KFH,castima03,6.0,2022-04-24,2022
KFH,povicca01,7.0,2022-04-26,2022
KFH,hunteto02,7.0,2022-04-27,2022
KFH,sandsco01,,2022-04-28,2022
KFH,johnsji04,7.0,2022-04-29,2022
KFH,castima03,6.0,2022-04-30,2022
KFH,juradar01,17.0,2022-05-01,2022
KFH,hunteto02,5.0,2022-05-02,2022
KFH,koenija01,,2022-05-03,2022
KFH,johnsji04,5.0,2022-05-04,2022
KFH,castima03,5.0,2022-05-05,2022
KFH,povicca01,10.0,2022-05-06,2022
KFH,hunteto02,5.0,2022-05-07,2022
KFH,koenija01,5.0,2022-05-08,2022
KFH,sandsco01,11.0,2022-05-09,2022
KFH,johnsji04,,2022-05-10,2022
KFH,castima03,6.0,2022-05-11,2022
KFH,hunteto02,6.0,2022-05-13,2022
KFH,,6.0,2022-05-14,2022
KFH,sandsco01,6.0,2022-05-15,2022
KFH,johnsji04,6.0,2022-05-16,2022
KFH,castima03,6.0,2022-05-17,2022
KFH,hunteto02,5.0,2022-05-18,2022
KFH,obrieri01,,2022-05-20,2022
KFH,sandsco01,6.0,2022-05-21,2022
KFH,johnsji04,6.0,2022-05-22,2022
KFH,castima03,7.0,2022-05-24,2022
KFH,hunteto02,7.0,2022-05-25,2022
KFH,koenija01,12.0,2022-05-26,2022
KFH,sandsco01,6.0,2022-05-27,2022
KFH,johnsji04,6.0,2022-05-28,2022
KFH,castima03,5.0,2022-05-29,2022
KFH,hunteto02,5.0,2022-05-30,2022
KFH,koenija01,5.0,2022-05-31,2022
KFH,sandsco01,5.0,2022-06-01,2022
KFH,johnsji04,5.0,2022-06-02,2022
KFH,castima03,5.0,2022-06-03,2022
KFH,hunteto02,5.0,2022-06-04,2022
KFH,koenija01,5.0,2022-06-05,2022
KFH,sandsco01,6.0,2022-06-07,2022
KFH,johnsji04,6.0,2022-06-08,2022
KFH,castima03,6.0,2022-06-09,2022
KFH,hunteto02,6.0,2022-06-10,2022
KFH,hardybl01,,2022-06-11,2022
KFH,sandsco01,5.0,2022-06-12,2022
KFH,johnsji04,6.0,2022-06-14,2022
KFH,castima03,6.0,2022-06-15,2022
KFH,obrieri01,27.0,2022-06-16,2022
KFH,hardybl01,,2022-06-17,2022
KFH,sandsco01,6.0,2022-06-18,2022
KFH,johnsji04,5.0,2022-06-19,2022
KFH,,5.0,2022-06-20,2022
KFH,obrieri01,5.0,2022-06-21,2022
KFH,hardybl01,5.0,2022-06-22,2022
KFH,sandsco01,6.0,2022-06-24,2022
KFH,johnsji04,6.0,2022-06-25,2022
KFH,castima03,6.0,2022-06-26,2022
KFH,hardybl01,6.0,2022-06-28,2022
KFH,obrieri01,8.0,2022-06-29,2022
KFH,,55.0,2022-06-30,2022
KFH,johnsji04,6.0,2022-07-01,2022
KFH,,6.0,2022-07-02,2022
KFH,hunteto02,22.0,2022-07-02,2022
KFH,hardybl01,5.0,2022-07-03,2022
KFH,obrieri01,5.0,2022-07-04,2022
KFH,sandsco01,11.0,2022-07-05,2022
KFH,johnsji04,5.0,2022-07-06,2022
KFH,castima03,6.0,2022-07-08,2022
KFH,hunteto02,7.0,2022-07-09,2022
KFH,hardybl01,7.0,2022-07-10,2022
KFH,povicca01,11.0,2022-07-11,2022
KFH,johnsji04,6.0,2022-07-12,2022
KFH,castima03,5.0,2022-07-13,2022
KFH,,5.0,2022-07-14,2022
KFH,thorntr01,95.0,2022-07-15,2022
KFH,koenija01,41.0,2022-07-16,2022
KFH,johnsji04,5.0,2022-07-17,2022
KFH,hunteto02,8.0,2022-07-22,2022
KFH,thorntr01,8.0,2022-07-23,2022
KFH,sandsco01,19.0,2022-07-24,2022
KFH,johnsji04,8.0,2022-07-25,2022
KFH,castima03,13.0,2022-07-26,2022
KFH,hunteto02,,2022-07-27,2022
KFH,koenija01,12.0,2022-07-28,2022
KFH,sandsco01,5.0,2022-07-29,2022
KFH,johnsji04,5.0,2022-07-30,2022
KFH,castima03,5.0,2022-07-31,2022
KFH,castima03,,2023-03-30,2023
KFH,neideni01,,2023-04-01,2023
KFH,sandsco01,,2023-04-02,2023
KFH,hunteto02,,2023-04-03,2023
KFH,juradar01,,2023-04-04,2023
KFH,castima03,6.0,2023-04-05,2023
KFH,neideni01,6.0,2023-04-07,2023
KFH,sandsco01,6.0,2023-04-08,2023
KFH,hunteto02,6.0,2023-04-09,2023
KFH,obrieri01,,2023-04-10,2023
KFH,castima03,6.0,2023-04-11,2023
KFH,manoaal01,,2023-04-12,2023
KFH,sandsco01,5.0,2023-04-13,2023
KFH,hunteto02,,2023-04-14,2023
KFH,stockro01,,2023-04-15,2023
KFH,castima03,5.0,2023-04-16,2023
KFH,obrieri01,7.0,2023-04-17,2023
KFH,manoaal01,6.0,2023-04-18,2023
KFH,hunteto02,5.0,2023-04-19,2023
KFH,stockro01,6.0,2023-04-21,2023
KFH,castima03,6.0,2023-04-22,2023
KFH,neideni01,16.0,2023-04-23,2023
KFH,manoaal01,6.0,2023-04-24,2023
KFH,hunteto02,6.0,2023-04-25,2023
KFH,stockro01,5.0,2023-04-26,2023
KFH,castima03,5.0,2023-04-27,2023
KFH,neideni01,5.0,2023-04-28,2023
KFH,stockro01,3.0,2023-04-29,2023
KFH,hunteto02,5.0,2023-04-30,2023
KFH,gonzama02,,2023-05-02,2023
KFH,castima03,6.0,2023-05-03,2023
KFH,neideni01,6.0,2023-05-04,2023
KFH,festama01,,2023-05-05,2023
KFH,hunteto02,6.0,2023-05-06,2023
KFH,gonzama02,5.0,2023-05-07,2023
KFH,castima03,5.0,2023-05-08,2023
KFH,neideni01,5.0,2023-05-09,2023
KFH,obrieri01,23.0,2023-05-10,2023
KFH,hunteto02,5.0,2023-05-11,2023
KFH,harrelu01,,2023-05-12,2023
KFH,castima03,5.0,2023-05-13,2023
KFH,neideni01,5.0,2023-05-14,2023
KFH,obrieri01,6.0,2023-05-16,2023
KFH,juradar01,43.0,2023-05-17,2023
KFH,manoaal01,,2023-05-18,2023
KFH,castima03,6.0,2023-05-19,2023
KFH,neideni01,6.0,2023-05-20,2023
KFH,obrieri01,5.0,2023-05-21,2023
KFH,harrelu01,10.0,2023-05-22,2023
KFH,manoaal01,5.0,2023-05-23,2023
KFH,castima03,5.0,2023-05-24,2023
KFH,neideni01,5.0,2023-05-25,2023
KFH,obrieri01,5.0,2023-05-26,2023
KFH,pannoth01,,2023-05-27,2023
KFH,juradar01,11.0,2023-05-28,2023
KFH,manoaal01,6.0,2023-05-29,2023
KFH,castima03,6.0,2023-05-30,2023
KFH,,6.0,2023-05-31,2023
KFH,harrelu01,12.0,2023-06-03,2023
KFH,pannoth01,,2023-06-03,2023
KFH,manoaal01,6.0,2023-06-04,2023
KFH,castima03,6.0,2023-06-05,2023
KFH,neideni01,6.0,2023-06-06,2023
KFH,castilu02,,2023-06-07,2023
KFH,festama01,34.0,2023-06-08,2023
KFH,pannoth01,6.0,2023-06-09,2023
KFH,manoaal01,6.0,2023-06-10,2023
KFH,castima03,6.0,2023-06-11,2023
KFH,neideni01,6.0,2023-06-12,2023
KFH,obrieri01,18.0,2023-06-13,2023
KFH,pannoth01,5.0,2023-06-14,2023
KFH,manoaal01,5.0,2023-06-15,2023
KFH,castima03,5.0,2023-06-16,2023
KFH,neideni01,,2023-06-17,2023
KFH,festama01,,2023-06-18,2023
KFH,pannoth01,6.0,2023-06-20,2023
KFH,manoaal01,6.0,2023-06-21,2023
KFH,castima03,6.0,2023-06-22,2023
KFH,neideni01,6.0,2023-06-23,2023
KFH,festama01,6.0,2023-06-24,2023
KFH,pannoth01,5.0,2023-06-25,2023
KFH,manoaal01,6.0,2023-06-27,2023
KFH,neideni01,5.0,2023-06-28,2023
KFH,ortka01,,2023-06-29,2023
KFH,castima03,8.0,2023-06-30,2023
KFH,pannoth01,6.0,2023-07-01,2023
KFH,manoaal01,5.0,2023-07-02,2023
KFH,neideni01,6.0,2023-07-04,2023
KFH,ortka01,6.0,2023-07-05,2023
KFH,castilu02,,2023-07-06,2023
KFH,pannoth01,6.0,2023-07-07,2023
KFH,manoaal01,6.0,2023-07-08,2023
KFH,neideni01,5.0,2023-07-09,2023
KFH,pannoth01,8.0,2023-07-15,2023
KFH,castilu02,9.0,2023-07-15,2023
KFH,,7.0,2023-07-16,2023
KFH,castima03,17.0,2023-07-17,2023
KFH,manoaal01,10.0,2023-07-18,2023
KFH,ortka01,14.0,2023-07-19,2023
KFH,pannoth01,5.0,2023-07-20,2023
KFH,neideni01,5.0,2023-07-21,2023
KFH,castima03,5.0,2023-07-22,2023
KFH,manoaal01,5.0,2023-07-23,2023
KFH,pannoth01,5.0,2023-07-25,2023
KFH,neideni01,5.0,2023-07-26,2023
KFH,castima03,6.0,2023-07-28,2023
KFH,manoaal01,6.0,2023-07-29,2023
KFH,ortka01,11.0,2023-07-30,2023
KFH,pannoth01,6.0,2023-07-31,2023
KJP,verlaju01,,2016-04-03,2016
KJP,oswalco01,,2016-04-05,2016
KJP,garcilu05,,2016-04-08,2016
KJP,alexaty01,,2016-04-09,2016
KJP,verlaju01,7.0,2016-04-10,2016
KJP,zeuchtj01,,2016-04-11,2016
KJP,oswalco01,7.0,2016-04-12,2016
KJP,gibsoky01,,2016-04-13,2016
KJP,alexaty01,6.0,2016-04-15,2016
KJP,verlaju01,6.0,2016-04-16,2016
KJP,zeuchtj01,6.0,2016-04-17,2016
KJP,oswalco01,6.0,2016-04-18,2016
KJP,gibsoky01,6.0,2016-04-19,2016
KJP,alexaty01,5.0,2016-04-20,2016
KJP,verlaju01,6.0,2016-04-22,2016
KJP,zeuchtj01,6.0,2016-04-23,2016
KJP,garcilu05,16.0,2016-04-24,2016
KJP,oswalco01,7.0,2016-04-25,2016
KJP,alexaty01,6.0,2016-04-26,2016
KJP,verlaju01,,2016-04-27,2016
KJP,zeuchtj01,6.0,2016-04-29,2016
KJP,garcilu05,6.0,2016-04-30,2016
KJP,oswalco01,6.0,2016-05-01,2016
KJP,alexaty01,6.0,2016-05-02,2016
KJP,verlaju01,6.0,2016-05-03,2016
KJP,zeuchtj01,5.0,2016-05-04,2016
KJP,garcilu05,5.0,2016-05-05,2016
KJP,,5.0,2016-05-06,2016
KJP,alexaty01,5.0,2016-05-07,2016
KJP,verlaju01,,2016-05-08,2016
KJP,zeuchtj01,5.0,2016-05-09,2016
KJP,garcilu05,5.0,2016-05-10,2016
KJP,oswalco01,5.0,2016-05-11,2016
KJP,alexaty01,5.0,2016-05-12,2016
KJP,verlaju01,5.0,2016-05-13,2016
KJP,gibsoky01,25.0,2016-05-14,2016
KJP,garcilu05,5.0,2016-05-15,2016
KJP,oswalco01,,2016-05-17,2016
KJP,alexaty01,6.0,2016-05-18,2016
KJP,verlaju01,6.0,2016-05-19,2016
KJP,zeuchtj01,11.0,2016-05-20,2016
KJP,garcilu05,6.0,2016-05-21,2016
KJP,oswalco01,5.0,2016-05-22,2016
KJP,alexaty01,5.0,2016-05-23,2016
KJP,verlaju01,5.0,2016-05-24,2016
KJP,zeuchtj01,5.0,2016-05-25,2016
KJP,garcilu05,,2016-05-27,2016
KJP,oswalco01,6.0,2016-05-28,2016
KJP,alexaty01,,2016-05-29,2016
KJP,verlaju01,6.0,2016-05-30,2016
KJP,zeuchtj01,6.0,2016-05-31,2016
KJP,garcilu05,5.0,2016-06-01,2016
KJP,oswalco01,6.0,2016-06-03,2016
KJP,alexaty01,6.0,2016-06-04,2016
KJP,verlaju01,6.0,2016-06-05,2016
KJP,garcilu05,6.0,2016-06-07,2016
KJP,zeuchtj01,7.0,2016-06-07,2016
KJP,oswalco01,5.0,2016-06-08,2016
KJP,alexaty01,5.0,2016-06-09,2016
KJP,verlaju01,5.0,2016-06-10,2016
KJP,gibsoky01,28.0,2016-06-11,2016
KJP,zeuchtj01,5.0,2016-06-12,2016
KJP,garcilu05,7.0,2016-06-14,2016
KJP,oswalco01,7.0,2016-06-15,2016
KJP,alexaty01,,2016-06-16,2016
KJP,verlaju01,7.0,2016-06-17,2016
KJP,,6.0,2016-06-18,2016
KJP,garcilu05,5.0,2016-06-19,2016
KJP,alexaty01,5.0,2016-06-21,2016
KJP,oswalco01,7.0,2016-06-22,2016
KJP,verlaju01,6.0,2016-06-23,2016
KJP,zeuchtj01,6.0,2016-06-24,2016
KJP,garcilu05,6.0,2016-06-25,2016
KJP,alexaty01,5.0,2016-06-26,2016
KJP,,,2016-06-27,2016
KJP,verlaju01,5.0,2016-06-28,2016
KJP,gibsoky01,18.0,2016-06-29,2016
KJP,zeuchtj01,6.0,2016-06-30,2016
KJP,garcilu05,6.0,2016-07-01,2016
KJP,alexaty01,6.0,2016-07-02,2016
KJP,,6.0,2016-07-03,2016
KJP,verlaju01,6.0,2016-07-04,2016
KJP,zeuchtj01,5.0,2016-07-05,2016
KJP,garcilu05,5.0,2016-07-06,2016
KJP,alexaty01,5.0,2016-07-07,2016
KJP,oswalco01,5.0,2016-07-08,2016
KJP,gibsoky01,10.0,2016-07-09,2016
KJP,zeuchtj01,5.0,2016-07-10,2016
KJP,alexaty01,8.0,2016-07-15,2016
KJP,gibsoky01,7.0,2016-07-16,2016
KJP,garcilu05,11.0,2016-07-17,2016
KJP,zeuchtj01,8.0,2016-07-18,2016
KJP,oswalco01,11.0,2016-07-19,2016
KJP,alexaty01,5.0,2016-07-20,2016
KJP,gibsoky01,6.0,2016-07-22,2016
KJP,garcilu05,6.0,2016-07-23,2016
KJP,zeuchtj01,6.0,2016-07-24,2016
KJP,alexaty01,6.0,2016-07-26,2016
KJP,oswalco01,7.0,2016-07-26,2016
KJP,gibsoky01,5.0,2016-07-27,2016
KJP,garcilu05,5.0,2016-07-28,2016
KJP,zeuchtj01,5.0,2016-07-29,2016
KJP,alexaty01,4.0,2016-07-30,2016
KJP,oswalco01,5.0,2016-07-31,2016
KJP,oswalco01,,2017-04-03,2017
KJP,garcilu05,,2017-04-05,2017
KJP,verlaju01,,2017-04-06,2017
KJP,wainwad01,,2017-04-07,2017
KJP,hahnje01,,2017-04-08,2017
KJP,oswalco01,6.0,2017-04-09,2017
KJP,garcilu05,5.0,2017-04-10,2017
KJP,verlaju01,5.0,2017-04-11,2017
KJP,wainwad01,5.0,2017-04-12,2017
KJP,hahnje01,5.0,2017-04-13,2017
KJP,oswalco01,5.0,2017-04-14,2017
KJP,garcilu05,5.0,2017-04-15,2017
KJP,verlaju01,5.0,2017-04-16,2017
KJP,wainwad01,6.0,2017-04-18,2017
KJP,hahnje01,6.0,2017-04-19,2017
KJP,oswalco01,6.0,2017-04-20,2017
KJP,verlaju01,5.0,2017-04-21,2017
KJP,garcilu05,7.0,2017-04-22,2017
KJP,wainwad01,5.0,2017-04-23,2017
KJP,hahnje01,7.0,2017-04-26,2017
KJP,verlaju01,6.0,2017-04-27,2017
KJP,garcilu05,6.0,2017-04-28,2017
KJP,wainwad01,6.0,2017-04-29,2017
KJP,oswalco01,10.0,2017-04-30,2017
KJP,hahnje01,5.0,2017-05-01,2017
KJP,verlaju01,5.0,2017-05-02,2017
KJP,garcilu05,5.0,2017-05-03,2017
KJP,allenlo02,,2017-05-05,2017
KJP,hahnje01,5.0,2017-05-06,2017
KJP,eickhje01,,2017-05-07,2017
KJP,garcilu05,5.0,2017-05-08,2017
KJP,wainwad01,10.0,2017-05-09,2017
KJP,francjp01,21.0,2017-05-10,2017
KJP,verlaju01,10.0,2017-05-12,2017
KJP,hahnje01,7.0,2017-05-13,2017
KJP,garcilu05,6.0,2017-05-14,2017
KJP,wainwad01,6.0,2017-05-15,2017
KJP,francjp01,6.0,2017-05-16,2017
KJP,verlaju01,5.0,2017-05-17,2017
KJP,,5.0,2017-05-19,2017
KJP,wainwad01,5.0,2017-05-20,2017
KJP,francjp01,5.0,2017-05-21,2017
KJP,verlaju01,6.0,2017-05-23,2017
KJP,hahnje01,11.0,2017-05-24,2017
KJP,allenlo02,20.0,2017-05-25,2017
KJP,garcilu05,7.0,2017-05-26,2017
KJP,,7.0,2017-05-27,2017
KJP,verlaju01,5.0,2017-05-28,2017
KJP,hahnje01,5.0,2017-05-29,2017
KJP,snellbl01,,2017-05-30,2017
KJP,garcilu05,5.0,2017-05-31,2017
KJP,wainwad01,5.0,2017-06-01,2017
KJP,verlaju01,5.0,2017-06-02,2017
KJP,hahnje01,5.0,2017-06-03,2017
KJP,,5.0,2017-06-04,2017
KJP,garcilu05,6.0,2017-06-06,2017
KJP,wainwad01,6.0,2017-06-07,2017
KJP,verlaju01,7.0,2017-06-09,2017
KJP,zeuchtj01,,2017-06-10,2017
KJP,hahnje01,7.0,2017-06-10,2017
KJP,freelky01,,2017-06-11,2017
KJP,garcilu05,6.0,2017-06-12,2017
KJP,wainwad01,6.0,2017-06-13,2017
KJP,verlaju01,5.0,2017-06-14,2017
KJP,hahnje01,5.0,2017-06-15,2017
KJP,zeuchtj01,6.0,2017-06-16,2017
KJP,freelky01,6.0,2017-06-17,2017
KJP,garcilu05,6.0,2017-06-18,2017
KJP,wainwad01,6.0,2017-06-19,2017
KJP,hahnje01,5.0,2017-06-20,2017
KJP,snellbl01,17.0,2017-06-21,2017
KJP,zeuchtj01,6.0,2017-06-22,2017
KJP,freelky01,6.0,2017-06-23,2017
KJP,garcilu05,6.0,2017-06-24,2017
KJP,allenlo02,31.0,2017-06-25,2017
KJP,hahnje01,7.0,2017-06-27,2017
KJP,zeuchtj01,6.0,2017-06-28,2017
KJP,freelky01,6.0,2017-06-29,2017
KJP,garcilu05,6.0,2017-06-30,2017
KJP,wainwad01,12.0,2017-07-01,2017
KJP,allenlo02,7.0,2017-07-02,2017
KJP,zeuchtj01,5.0,2017-07-03,2017
KJP,freelky01,5.0,2017-07-04,2017
KJP,garcilu05,7.0,2017-07-07,2017
KJP,wainwad01,7.0,2017-07-08,2017
KJP,zeuchtj01,6.0,2017-07-09,2017
KJP,garcilu05,7.0,2017-07-14,2017
KJP,freelky01,11.0,2017-07-15,2017
KJP,zeuchtj01,7.0,2017-07-16,2017
KJP,wainwad01,,2017-07-17,2017
KJP,allenlo02,16.0,2017-07-18,2017
KJP,garcilu05,5.0,2017-07-19,2017
KJP,freelky01,5.0,2017-07-20,2017
KJP,zeuchtj01,5.0,2017-07-21,2017
KJP,wainwad01,5.0,2017-07-22,2017
KJP,allenlo02,5.0,2017-07-23,2017
KJP,garcilu05,5.0,2017-07-24,2017
KJP,freelky01,5.0,2017-07-25,2017
KJP,zeuchtj01,,2017-07-26,2017
KJP,fulmemi01,,2017-07-27,2017
KJP,allenlo02,5.0,2017-07-28,2017
KJP,garcilu05,5.0,2017-07-29,2017
KJP,freelky01,5.0,2017-07-30,2017
KJP,oswalco01,,2018-03-29,2018
KJP,garcilu05,,2018-03-31,2018
KJP,zeuchtj01,,2018-04-01,2018
KJP,verlaju01,,2018-04-03,2018
KJP,oswalco01,6.0,2018-04-04,2018
KJP,garcilu05,5.0,2018-04-05,2018
KJP,,6.0,2018-04-07,2018
KJP,verlaju01,5.0,2018-04-08,2018
KJP,,5.0,2018-04-09,2018
KJP,garcilu05,5.0,2018-04-10,2018
KJP,wainwad01,,2018-04-11,2018
KJP,zeuchtj01,6.0,2018-04-13,2018
KJP,verlaju01,6.0,2018-04-14,2018
KJP,oswalco01,6.0,2018-04-15,2018
KJP,garcilu05,6.0,2018-04-16,2018
KJP,wainwad01,6.0,2018-04-17,2018
KJP,zeuchtj01,5.0,2018-04-18,2018
KJP,verlaju01,5.0,2018-04-19,2018
KJP,oswalco01,,2018-04-20,2018
KJP,garcilu05,5.0,2018-04-21,2018
KJP,wainwad01,7.0,2018-04-24,2018
KJP,zeuchtj01,7.0,2018-04-25,2018
KJP,oswalco01,6.0,2018-04-26,2018
KJP,garcilu05,6.0,2018-04-27,2018
KJP,estesjo01,,2018-04-28,2018
KJP,,5.0,2018-04-29,2018
KJP,oswalco01,5.0,2018-05-01,2018
KJP,garcilu05,5.0,2018-05-02,2018
KJP,estesjo01,5.0,2018-05-03,2018
KJP,wainwad01,5.0,2018-05-04,2018
KJP,zeuchtj01,10.0,2018-05-05,2018
KJP,oswalco01,5.0,2018-05-06,2018
KJP,garcide01,,2018-05-07,2018
KJP,estesjo01,5.0,2018-05-08,2018
KJP,,5.0,2018-05-09,2018
KJP,zeuchtj01,6.0,2018-05-11,2018
KJP,,,2018-05-13,2018
KJP,oswalco01,9.0,2018-05-15,2018
KJP,wainwad01,7.0,2018-05-16,2018
KJP,garcilu05,5.0,2018-05-18,2018
KJP,zeuchtj01,8.0,2018-05-19,2018
KJP,oswalco01,5.0,2018-05-20,2018
KJP,estesjo01,13.0,2018-05-21,2018
KJP,wainwad01,6.0,2018-05-22,2018
KJP,garcilu05,5.0,2018-05-23,2018
KJP,zeuchtj01,5.0,2018-05-24,2018
KJP,oswalco01,5.0,2018-05-25,2018
KJP,estesjo01,5.0,2018-05-26,2018
KJP,wainwad01,5.0,2018-05-27,2018
KJP,garcide01,21.0,2018-05-28,2018
KJP,garcilu05,5.0,2018-05-28,2018
KJP,zeuchtj01,5.0,2018-05-29,2018
KJP,estesjo01,4.0,2018-05-30,2018
KJP,freelky01,,2018-05-31,2018
KJP,wainwad01,5.0,2018-06-01,2018
KJP,garcilu05,,2018-06-02,2018
KJP,zeuchtj01,5.0,2018-06-03,2018
KJP,estesjo01,6.0,2018-06-05,2018
KJP,wainwad01,5.0,2018-06-06,2018
KJP,garcilu05,,2018-06-08,2018
KJP,zeuchtj01,6.0,2018-06-09,2018
KJP,freelky01,10.0,2018-06-10,2018
KJP,wainwad01,6.0,2018-06-12,2018
KJP,garcilu05,5.0,2018-06-13,2018
KJP,estesjo01,9.0,2018-06-14,2018
KJP,freelky01,5.0,2018-06-15,2018
KJP,zeuchtj01,,2018-06-16,2018
KJP,wainwad01,5.0,2018-06-17,2018
KJP,garcilu05,,2018-06-18,2018
KJP,estesjo01,5.0,2018-06-19,2018
KJP,freelky01,5.0,2018-06-20,2018
KJP,zeuchtj01,5.0,2018-06-21,2018
KJP,wainwad01,5.0,2018-06-22,2018
KJP,garcilu05,5.0,2018-06-23,2018
KJP,kopecmi01,,2018-06-24,2018
KJP,,5.0,2018-06-25,2018
KJP,zeuchtj01,5.0,2018-06-26,2018
KJP,wainwad01,5.0,2018-06-27,2018
KJP,lopezjo02,,2018-06-29,2018
KJP,garcilu05,7.0,2018-06-30,2018
KJP,zeuchtj01,5.0,2018-07-01,2018
KJP,wainwad01,6.0,2018-07-03,2018
KJP,lopezjo02,5.0,2018-07-04,2018
KJP,garcilu05,6.0,2018-07-06,2018
KJP,zeuchtj01,6.0,2018-07-07,2018
KJP,fulmemi01,,2018-07-08,2018
KJP,wainwad01,6.0,2018-07-09,2018
KJP,lopezjo02,5.0,2018-07-09,2018
KJP,lohseky01,,2018-07-10,2018
KJP,garcilu05,,2018-07-11,2018
KJP,zeuchtj01,5.0,2018-07-12,2018
KJP,oswalco01,49.0,2018-07-13,2018
KJP,wainwad01,5.0,2018-07-14,2018
KJP,lopezjo02,6.0,2018-07-15,2018
KJP,oswalco01,7.0,2018-07-20,2018
KJP,zeuchtj01,9.0,2018-07-21,2018
KJP,garcilu05,12.0,2018-07-23,2018
KJP,wainwad01,10.0,2018-07-24,2018
KJP,lopezjo02,,2018-07-25,2018
KJP,zeuchtj01,5.0,2018-07-26,2018
KJP,estesjo01,38.0,2018-07-27,2018
KJP,garcilu05,5.0,2018-07-28,2018
KJP,wainwad01,5.0,2018-07-29,2018
KJP,zeuchtj01,5.0,2018-07-31,2018
KJP,garcilu05,,2019-03-28,2019
KJP,oswalco01,,2019-03-30,2019
KJP,,,2019-03-31,2019
KJP,zeuchtj01,,2019-04-01,2019
KJP,estesjo01,,2019-04-02,2019
KJP,garcilu05,6.0,2019-04-03,2019
KJP,oswalco01,,2019-04-04,2019
KJP,zeuchtj01,5.0,2019-04-06,2019
KJP,wainwad01,7.0,2019-04-07,2019
KJP,garcilu05,6.0,2019-04-09,2019
KJP,oswalco01,6.0,2019-04-10,2019
KJP,zeuchtj01,5.0,2019-04-11,2019
KJP,wainwad01,5.0,2019-04-12,2019
KJP,estesjo01,11.0,2019-04-13,2019
KJP,garcilu05,5.0,2019-04-14,2019
KJP,oswalco01,5.0,2019-04-15,2019
KJP,zeuchtj01,5.0,2019-04-16,2019
KJP,wainwad01,5.0,2019-04-17,2019
KJP,estesjo01,6.0,2019-04-19,2019
KJP,fulmemi01,,2019-04-20,2019
KJP,oswalco01,6.0,2019-04-21,2019
KJP,zeuchtj01,6.0,2019-04-22,2019
KJP,wainwad01,6.0,2019-04-23,2019
KJP,estesjo01,5.0,2019-04-24,2019
KJP,garcilu05,12.0,2019-04-26,2019
KJP,oswalco01,6.0,2019-04-27,2019
KJP,zeuchtj01,6.0,2019-04-28,2019
KJP,wainwad01,6.0,2019-04-29,2019
KJP,estesjo01,6.0,2019-04-30,2019
KJP,garcilu05,5.0,2019-05-01,2019
KJP,oswalco01,5.0,2019-05-02,2019
KJP,zeuchtj01,5.0,2019-05-03,2019
KJP,wainwad01,5.0,2019-05-04,2019
KJP,estesjo01,5.0,2019-05-05,2019
KJP,garcilu05,5.0,2019-05-06,2019
KJP,oswalco01,5.0,2019-05-07,2019
KJP,nelsoky01,,2019-05-08,2019
KJP,wainwad01,6.0,2019-05-10,2019
KJP,garcilu05,5.0,2019-05-11,2019
KJP,oswalco01,7.0,2019-05-14,2019
KJP,nelsoky01,7.0,2019-05-15,2019
KJP,wainwad01,6.0,2019-05-16,2019
KJP,garcilu05,6.0,2019-05-17,2019
KJP,zeuchtj01,15.0,2019-05-18,2019
KJP,oswalco01,5.0,2019-05-19,2019
KJP,nelsoky01,5.0,2019-05-20,2019
KJP,wainwad01,5.0,2019-05-21,2019
KJP,garcilu05,5.0,2019-05-22,2019
KJP,zeuchtj01,,2019-05-23,2019
KJP,oswalco01,5.0,2019-05-24,2019
KJP,estesjo01,20.0,2019-05-25,2019
KJP,wainwad01,5.0,2019-05-26,2019
KJP,garcilu05,5.0,2019-05-27,2019
KJP,zeuchtj01,5.0,2019-05-28,2019
KJP,,5.0,2019-05-29,2019
KJP,estesjo01,5.0,2019-05-30,2019
KJP,wainwad01,5.0,2019-05-31,2019
KJP,garcilu05,5.0,2019-06-01,2019
KJP,zeuchtj01,5.0,2019-06-02,2019
KJP,oswalco01,6.0,2019-06-04,2019
KJP,estesjo01,6.0,2019-06-05,2019
KJP,wainwad01,6.0,2019-06-06,2019
KJP,garcilu05,6.0,2019-06-07,2019
KJP,,6.0,2019-06-08,2019
KJP,oswalco01,5.0,2019-06-09,2019
KJP,estesjo01,6.0,2019-06-11,2019
KJP,wainwad01,5.0,2019-06-11,2019
KJP,garcilu05,6.0,2019-06-13,2019
KJP,zeuchtj01,6.0,2019-06-14,2019
KJP,oswalco01,6.0,2019-06-15,2019
KJP,,5.0,2019-06-16,2019
KJP,wainwad01,6.0,2019-06-17,2019
KJP,garcilu05,5.0,2019-06-18,2019
KJP,zeuchtj01,5.0,2019-06-19,2019
KJP,pukaj01,,2019-06-20,2019
KJP,estesjo01,5.0,2019-06-21,2019
KJP,wainwad01,5.0,2019-06-22,2019
KJP,garcilu05,5.0,2019-06-23,2019
KJP,zeuchtj01,5.0,2019-06-24,2019
KJP,pukaj01,5.0,2019-06-25,2019
KJP,estesjo01,5.0,2019-06-26,2019
KJP,wainwad01,5.0,2019-06-27,2019
KJP,garcilu05,5.0,2019-06-28,2019
KJP,zeuchtj01,5.0,2019-06-29,2019
KJP,oswalco01,15.0,2019-06-30,2019
KJP,wainwad01,5.0,2019-07-02,2019
KJP,estesjo01,,2019-07-03,2019
KJP,garcilu05,7.0,2019-07-05,2019
KJP,oswalco01,6.0,2019-07-06,2019
KJP,,5.0,2019-07-07,2019
KJP,estesjo01,9.0,2019-07-12,2019
KJP,oswalco01,7.0,2019-07-13,2019
KJP,garcilu05,9.0,2019-07-14,2019
KJP,zeuchtj01,17.0,2019-07-16,2019
KJP,estesjo01,5.0,2019-07-17,2019
KJP,oswalco01,5.0,2019-07-18,2019
KJP,garcilu05,5.0,2019-07-19,2019
KJP,pukaj01,25.0,2019-07-20,2019
KJP,zeuchtj01,5.0,2019-07-21,2019
KJP,estesjo01,6.0,2019-07-23,2019
KJP,oswalco01,6.0,2019-07-24,2019
KJP,garcilu05,6.0,2019-07-25,2019
KJP,wainwad01,19.0,2019-07-26,2019
KJP,zeuchtj01,6.0,2019-07-27,2019
KJP,estesjo01,5.0,2019-07-28,2019
KJP,oswalco01,6.0,2019-07-30,2019
KJP,garcilu05,6.0,2019-07-31,2019
KJP,garcilu05,,2021-04-05,2021
KJP,carraca01,,2021-04-06,2021
KJP,martefr01,,2021-04-07,2021
KJP,wrighda04,,2021-04-08,2021
KJP,garcilu05,5.0,2021-04-10,2021
KJP,carraca01,5.0,2021-04-11,2021
KJP,carraca01,2.0,2021-04-13,2021
KJP,wrighda04,5.0,2021-04-13,2021
KJP,martefr01,7.0,2021-04-14,2021
KJP,diazda01,,2021-04-17,2021
KJP,garcilu05,7.0,2021-04-17,2021
KJP,carraca01,5.0,2021-04-18,2021
KJP,wrighda04,7.0,2021-04-20,2021
KJP,martefr01,7.0,2021-04-21,2021
KJP,diazda01,5.0,2021-04-22,2021
KJP,garcilu05,6.0,2021-04-23,2021
KJP,carraca01,6.0,2021-04-24,2021
KJP,wrighda04,5.0,2021-04-25,2021
KJP,martefr01,6.0,2021-04-27,2021
KJP,garcilu05,5.0,2021-04-28,2021
KJP,carraca01,,2021-04-30,2021
KJP,wrighda04,6.0,2021-05-01,2021
KJP,martefr01,,2021-05-02,2021
KJP,diazda01,11.0,2021-05-03,2021
KJP,hollade01,,2021-05-05,2021
KJP,,,2021-05-05,2021
KJP,wrighda04,5.0,2021-05-06,2021
KJP,martefr01,5.0,2021-05-07,2021
KJP,romdr01,,2021-05-08,2021
KJP,garcilu05,11.0,2021-05-09,2021
KJP,carraca01,6.0,2021-05-11,2021
KJP,wrighda04,6.0,2021-05-12,2021
KJP,martefr01,7.0,2021-05-14,2021
KJP,tomlijo01,,2021-05-15,2021
KJP,carraca01,5.0,2021-05-16,2021
KJP,wrighda04,5.0,2021-05-17,2021
KJP,hollade01,13.0,2021-05-18,2021
KJP,martefr01,5.0,2021-05-19,2021
KJP,carraca01,5.0,2021-05-21,2021
KJP,diazda01,19.0,2021-05-22,2021
KJP,jorgefe01,,2021-05-23,2021
KJP,martefr01,5.0,2021-05-24,2021
KJP,garcilu05,16.0,2021-05-25,2021
KJP,carraca01,6.0,2021-05-27,2021
KJP,diazda01,5.0,2021-05-27,2021
KJP,wrighda04,12.0,2021-05-29,2021
KJP,garcilu05,6.0,2021-05-31,2021
KJP,carraca01,5.0,2021-06-01,2021
KJP,martefr01,9.0,2021-06-02,2021
KJP,wrighda04,5.0,2021-06-03,2021
KJP,diazda01,8.0,2021-06-04,2021
KJP,garcilu05,5.0,2021-06-05,2021
KJP,carraca01,5.0,2021-06-06,2021
KJP,martefr01,6.0,2021-06-08,2021
KJP,wrighda04,6.0,2021-06-09,2021
KJP,garcilu05,6.0,2021-06-11,2021
KJP,carraca01,6.0,2021-06-12,2021
KJP,diazda01,9.0,2021-06-13,2021
KJP,martefr01,6.0,2021-06-14,2021
KJP,wrighda04,6.0,2021-06-15,2021
KJP,garcilu05,5.0,2021-06-16,2021
KJP,carraca01,5.0,2021-06-17,2021
KJP,diazda01,5.0,2021-06-18,2021
KJP,martefr01,5.0,2021-06-19,2021
KJP,hahnje01,,2021-06-19,2021
KJP,wrighda04,5.0,2021-06-20,2021
KJP,garcilu05,5.0,2021-06-21,2021
KJP,abbotan01,,2021-06-21,2021
KJP,carraca01,5.0,2021-06-22,2021
KJP,glasnty01,,2021-06-23,2021
KJP,martefr01,6.0,2021-06-25,2021
KJP,wrighda04,5.0,2021-06-25,2021
KJP,garcilu05,5.0,2021-06-26,2021
KJP,carraca01,5.0,2021-06-27,2021
KJP,,7.0,2021-06-28,2021
KJP,glasnty01,6.0,2021-06-29,2021
KJP,martefr01,5.0,2021-06-30,2021
KJP,garcilu05,5.0,2021-07-01,2021
KJP,wrighda04,8.0,2021-07-03,2021
KJP,carraca01,7.0,2021-07-04,2021
KJP,lopezjo02,,2021-07-04,2021
KJP,glasnty01,6.0,2021-07-05,2021
KJP,garcilu05,,2021-07-07,2021
KJP,lynchda02,21.0,2021-07-07,2021
KJP,wrighda04,6.0,2021-07-09,2021
KJP,glasnty01,5.0,2021-07-10,2021
KJP,carraca01,6.0,2021-07-10,2021
KJP,fistedo01,,2021-07-11,2021
KJP,carraca01,6.0,2021-07-16,2021
KJP,glasnty01,7.0,2021-07-17,2021
KJP,wrighda04,9.0,2021-07-18,2021
KJP,abbotan01,21.0,2021-07-19,2021
KJP,lynchda02,13.0,2021-07-20,2021
KJP,carraca01,5.0,2021-07-21,2021
KJP,glasnty01,6.0,2021-07-23,2021
KJP,wrighda04,6.0,2021-07-24,2021
KJP,willitr01,7.0,2021-07-25,2021
KJP,fistedo01,15.0,2021-07-26,2021
KJP,carraca01,5.0,2021-07-26,2021
KJP,abbotan01,8.0,2021-07-27,2021
KJP,glasnty01,5.0,2021-07-28,2021
KJP,wrighda04,5.0,2021-07-29,2021
KJP,detmere01,,2021-07-30,2021
KJP,willitr01,6.0,2021-07-31,2021
KJP,glasnty01,,2022-04-07,2022
KJP,hanifbr01,,2022-04-08,2022
KJP,jeffrje01,,2022-04-09,2022
KJP,detmere01,,2022-04-10,2022
KJP,wrighda04,,2022-04-11,2022
KJP,glasnty01,5.0,2022-04-12,2022
KJP,hanifbr01,5.0,2022-04-13,2022
KJP,jeffrje01,6.0,2022-04-15,2022
KJP,detmere01,6.0,2022-04-16,2022
KJP,martefr01,,2022-04-17,2022
KJP,hanifbr01,6.0,2022-04-19,2022
KJP,,7.0,2022-04-19,2022
KJP,jeffrje01,5.0,2022-04-20,2022
KJP,detmere01,5.0,2022-04-21,2022
KJP,martefr01,5.0,2022-04-22,2022
KJP,rodried05,,2022-04-23,2022
KJP,glasnty01,5.0,2022-04-24,2022
KJP,hanifbr01,6.0,2022-04-25,2022
KJP,jeffrje01,6.0,2022-04-26,2022
KJP,detmere01,6.0,2022-04-27,2022
KJP,glasnty01,5.0,2022-04-29,2022
KJP,wrighda04,19.0,2022-04-30,2022
KJP,hanifbr01,6.0,2022-05-01,2022
KJP,jeffrje01,6.0,2022-05-02,2022
KJP,martefr01,11.0,2022-05-03,2022
KJP,detmere01,6.0,2022-05-03,2022
KJP,glasnty01,5.0,2022-05-04,2022
KJP,wrighda04,5.0,2022-05-05,2022
KJP,hanifbr01,7.0,2022-05-08,2022
KJP,jeffrje01,6.0,2022-05-08,2022
KJP,detmere01,7.0,2022-05-10,2022
KJP,glasnty01,7.0,2022-05-11,2022
KJP,wrighda04,7.0,2022-05-12,2022
KJP,hanifbr01,5.0,2022-05-13,2022
KJP,jeffrje01,6.0,2022-05-14,2022
KJP,detmere01,5.0,2022-05-15,2022
KJP,wrighda04,5.0,2022-05-17,2022
KJP,,24.0,2022-05-17,2022
KJP,hanifbr01,,2022-05-18,2022
KJP,jeffrje01,5.0,2022-05-19,2022
KJP,detmere01,6.0,2022-05-21,2022
KJP,rodried05,4.0,2022-05-21,2022
KJP,wrighda04,,2022-05-22,2022
KJP,martefr01,20.0,2022-05-23,2022
KJP,jeffrje01,,2022-05-24,2022
KJP,fariaja01,,2022-05-25,2022
KJP,detmere01,6.0,2022-05-27,2022
KJP,wrighda04,6.0,2022-05-28,2022
KJP,jeffrje01,5.0,2022-05-29,2022
KJP,martefr01,7.0,2022-05-30,2022
KJP,rodried05,10.0,2022-05-31,2022
KJP,detmere01,5.0,2022-06-01,2022
KJP,wrighda04,5.0,2022-06-02,2022
KJP,jeffrje01,5.0,2022-06-03,2022
KJP,martefr01,5.0,2022-06-04,2022
KJP,rodried05,5.0,2022-06-05,2022
KJP,detmere01,5.0,2022-06-06,2022
KJP,wrighda04,5.0,2022-06-07,2022
KJP,jeffrje01,5.0,2022-06-08,2022
KJP,glasnty01,30.0,2022-06-10,2022
KJP,detmere01,5.0,2022-06-11,2022
KJP,wrighda04,5.0,2022-06-12,2022
KJP,jeffrje01,6.0,2022-06-14,2022
KJP,martefr01,11.0,2022-06-15,2022
KJP,glasnty01,6.0,2022-06-16,2022
KJP,detmere01,6.0,2022-06-17,2022
KJP,wrighda04,6.0,2022-06-18,2022
KJP,jeffrje01,5.0,2022-06-19,2022
KJP,martefr01,5.0,2022-06-20,2022
KJP,rodried05,16.0,2022-06-21,2022
KJP,detmere01,5.0,2022-06-22,2022
KJP,wrighda04,6.0,2022-06-24,2022
KJP,jeffrje01,6.0,2022-06-25,2022
KJP,martefr01,6.0,2022-06-26,2022
KJP,detmere01,,2022-06-28,2022
KJP,wrighda04,5.0,2022-06-29,2022
KJP,,5.0,2022-07-01,2022
KJP,rodried05,11.0,2022-07-02,2022
KJP,detmere01,5.0,2022-07-03,2022
KJP,wrighda04,5.0,2022-07-04,2022
KJP,hanifbr01,48.0,2022-07-05,2022
KJP,martefr01,5.0,2022-07-06,2022
KJP,rodried05,5.0,2022-07-07,2022
KJP,jeffrje01,13.0,2022-07-08,2022
KJP,detmere01,,2022-07-09,2022
KJP,wrighda04,6.0,2022-07-10,2022
KJP,hanifbr01,,2022-07-11,2022
KJP,martefr01,,2022-07-12,2022
KJP,jeffrje01,5.0,2022-07-13,2022
KJP,detmere01,5.0,2022-07-14,2022
KJP,wrighda04,6.0,2022-07-16,2022
KJP,hanifbr01,5.0,2022-07-16,2022
KJP,martefr01,5.0,2022-07-17,2022
KJP,hanifbr01,6.0,2022-07-22,2022
KJP,jeffrje01,10.0,2022-07-23,2022
KJP,detmere01,10.0,2022-07-24,2022
KJP,wrighda04,10.0,2022-07-26,2022
KJP,hanifbr01,5.0,2022-07-27,2022
KJP,jeffrje01,6.0,2022-07-29,2022
KJP,detmere01,6.0,2022-07-30,2022
KJP,wrighda04,5.0,2022-07-31,2022
KJP,hanifbr01,,2023-03-30,2023
KJP,martefr01,,2023-03-31,2023
KJP,glasnty01,,2023-04-01,2023
KJP,happja01,,2023-04-02,2023
KJP,detmere01,,2023-04-03,2023
KJP,hanifbr01,5.0,2023-04-04,2023
KJP,martefr01,5.0,2023-04-05,2023
KJP,glasnty01,6.0,2023-04-07,2023
KJP,happja01,6.0,2023-04-08,2023
KJP,detmere01,,2023-04-09,2023
KJP,hanifbr01,6.0,2023-04-10,2023
KJP,martefr01,6.0,2023-04-11,2023
KJP,glasnty01,5.0,2023-04-12,2023
KJP,happja01,6.0,2023-04-14,2023
KJP,detmere01,6.0,2023-04-15,2023
KJP,littllu01,,2023-04-16,2023
KJP,martefr01,6.0,2023-04-17,2023
KJP,glasnty01,6.0,2023-04-18,2023
KJP,hanifbr01,9.0,2023-04-19,2023
KJP,happja01,6.0,2023-04-20,2023
KJP,diazda01,,2023-04-21,2023
KJP,martefr01,5.0,2023-04-22,2023
KJP,glasnty01,5.0,2023-04-23,2023
KJP,littllu01,9.0,2023-04-25,2023
KJP,happja01,6.0,2023-04-26,2023
KJP,diazda01,6.0,2023-04-27,2023
KJP,martefr01,6.0,2023-04-28,2023
KJP,glasnty01,8.0,2023-05-01,2023
KJP,luetglu01,,2023-05-01,2023
KJP,diazda01,6.0,2023-05-03,2023
KJP,hanifbr01,14.0,2023-05-03,2023
KJP,briesbe01,,2023-05-04,2023
KJP,happja01,9.0,2023-05-05,2023
KJP,glasnty01,5.0,2023-05-06,2023
KJP,diazda01,4.0,2023-05-07,2023
KJP,martefr01,11.0,2023-05-09,2023
KJP,briesbe01,6.0,2023-05-10,2023
KJP,happja01,6.0,2023-05-11,2023
KJP,glasnty01,6.0,2023-05-12,2023
KJP,diazda01,6.0,2023-05-13,2023
KJP,hanifbr01,11.0,2023-05-14,2023
KJP,martefr01,6.0,2023-05-15,2023
KJP,briesbe01,6.0,2023-05-16,2023
KJP,,6.0,2023-05-17,2023
KJP,glasnty01,6.0,2023-05-18,2023
KJP,detmere01,34.0,2023-05-19,2023
KJP,hanifbr01,7.0,2023-05-21,2023
KJP,briesbe01,5.0,2023-05-21,2023
KJP,glasnty01,,2023-05-23,2023
KJP,happja01,7.0,2023-05-24,2023
KJP,,6.0,2023-05-25,2023
KJP,hanifbr01,5.0,2023-05-26,2023
KJP,briesbe01,6.0,2023-05-27,2023
KJP,glasnty01,5.0,2023-05-28,2023
KJP,happja01,6.0,2023-05-30,2023
KJP,detmere01,6.0,2023-05-31,2023
KJP,hanifbr01,6.0,2023-06-01,2023
KJP,briesbe01,6.0,2023-06-02,2023
KJP,glasnty01,,2023-06-03,2023
KJP,happja01,5.0,2023-06-04,2023
KJP,detmere01,6.0,2023-06-06,2023
KJP,hanifbr01,6.0,2023-06-07,2023
KJP,briesbe01,6.0,2023-06-08,2023
KJP,glasnty01,6.0,2023-06-09,2023
KJP,happja01,6.0,2023-06-10,2023
KJP,detmere01,5.0,2023-06-11,2023
KJP,hanifbr01,6.0,2023-06-13,2023
KJP,briesbe01,6.0,2023-06-14,2023
KJP,glasnty01,7.0,2023-06-16,2023
KJP,happja01,7.0,2023-06-17,2023
KJP,,7.0,2023-06-18,2023
KJP,hanifbr01,6.0,2023-06-19,2023
KJP,briesbe01,,2023-06-20,2023
KJP,glasnty01,5.0,2023-06-21,2023
KJP,happja01,6.0,2023-06-23,2023
KJP,hanifbr01,5.0,2023-06-24,2023
KJP,detmere01,7.0,2023-06-25,2023
KJP,briesbe01,6.0,2023-06-26,2023
KJP,martefr01,43.0,2023-06-27,2023
KJP,happja01,5.0,2023-06-28,2023
KJP,hanifbr01,5.0,2023-06-29,2023
KJP,detmere01,5.0,2023-06-30,2023
KJP,briesbe01,5.0,2023-07-01,2023
KJP,martefr01,5.0,2023-07-02,2023
KJP,hanifbr01,5.0,2023-07-04,2023
KJP,happja01,7.0,2023-07-05,2023
KJP,detmere01,6.0,2023-07-06,2023
KJP,briesbe01,6.0,2023-07-07,2023
KJP,martefr01,6.0,2023-07-08,2023
KJP,hanifbr01,5.0,2023-07-09,2023
KJP,briesbe01,7.0,2023-07-14,2023
KJP,happja01,10.0,2023-07-15,2023
KJP,hanifbr01,7.0,2023-07-16,2023
KJP,detmere01,12.0,2023-07-18,2023
KJP,briesbe01,5.0,2023-07-19,2023
KJP,johnser04,,2023-07-20,2023
KJP,happja01,6.0,2023-07-21,2023
KJP,hanifbr01,6.0,2023-07-22,2023
KJP,detmere01,5.0,2023-07-23,2023
KJP,briesbe01,6.0,2023-07-25,2023
KJP,,6.0,2023-07-26,2023
KJP,happja01,6.0,2023-07-27,2023
KJP,hanifbr01,6.0,2023-07-28,2023
KJP,detmere01,6.0,2023-07-29,2023
KJP,briesbe01,5.0,2023-07-30,2023
MOO,danieda01,,2016-04-04,2016
MOO,cobbal01,,2016-04-05,2016
MOO,williga01,,2016-04-07,2016
MOO,garzama01,,2016-04-08,2016
MOO,bibenau01,,2016-04-09,2016
MOO,danieda01,6.0,2016-04-10,2016
MOO,cobbal01,6.0,2016-04-11,2016
MOO,williga01,6.0,2016-04-13,2016
MOO,garzama01,6.0,2016-04-14,2016
MOO,bibenau01,6.0,2016-04-15,2016
MOO,danieda01,6.0,2016-04-16,2016
MOO,cobbal01,6.0,2016-04-17,2016
MOO,williga01,5.0,2016-04-18,2016
MOO,garzama01,5.0,2016-04-19,2016
MOO,bibenau01,5.0,2016-04-20,2016
MOO,danieda01,5.0,2016-04-21,2016
MOO,cobbal01,5.0,2016-04-22,2016
MOO,williga01,5.0,2016-04-23,2016
MOO,garzama01,5.0,2016-04-24,2016
MOO,bibenau01,6.0,2016-04-26,2016
MOO,danieda01,7.0,2016-04-28,2016
MOO,cobbal01,7.0,2016-04-29,2016
MOO,williga01,8.0,2016-05-01,2016
MOO,garzama01,8.0,2016-05-02,2016
MOO,danieda01,5.0,2016-05-03,2016
MOO,cobbal01,5.0,2016-05-04,2016
MOO,,9.0,2016-05-05,2016
MOO,williga01,5.0,2016-05-06,2016
MOO,garzama01,5.0,2016-05-07,2016
MOO,danieda01,5.0,2016-05-08,2016
MOO,cobbal01,6.0,2016-05-10,2016
MOO,williga01,5.0,2016-05-11,2016
MOO,bibenau01,6.0,2016-05-11,2016
MOO,garzama01,6.0,2016-05-13,2016
MOO,danieda01,6.0,2016-05-14,2016
MOO,,5.0,2016-05-15,2016
MOO,bibenau01,6.0,2016-05-17,2016
MOO,williga01,7.0,2016-05-18,2016
MOO,garzama01,6.0,2016-05-19,2016
MOO,danieda01,6.0,2016-05-20,2016
MOO,cobbal01,6.0,2016-05-21,2016
MOO,bibenau01,5.0,2016-05-22,2016
MOO,,5.0,2016-05-23,2016
MOO,garzama01,5.0,2016-05-24,2016
MOO,danieda01,5.0,2016-05-25,2016
MOO,cobbal01,6.0,2016-05-27,2016
MOO,bibenau01,6.0,2016-05-28,2016
MOO,williga01,6.0,2016-05-29,2016
MOO,garzama01,6.0,2016-05-30,2016
MOO,danieda01,6.0,2016-05-31,2016
MOO,cobbal01,5.0,2016-06-01,2016
MOO,bibenau01,5.0,2016-06-02,2016
MOO,williga01,5.0,2016-06-03,2016
MOO,garzama01,,2016-06-04,2016
MOO,danieda01,5.0,2016-06-05,2016
MOO,cobbal01,5.0,2016-06-06,2016
MOO,bibenau01,5.0,2016-06-07,2016
MOO,williga01,5.0,2016-06-08,2016
MOO,garzama01,6.0,2016-06-10,2016
MOO,danieda01,6.0,2016-06-11,2016
MOO,cobbal01,6.0,2016-06-12,2016
MOO,bibenau01,6.0,2016-06-13,2016
MOO,williga01,6.0,2016-06-14,2016
MOO,garzama01,5.0,2016-06-15,2016
MOO,danieda01,6.0,2016-06-17,2016
MOO,cobbal01,6.0,2016-06-18,2016
MOO,bibenau01,6.0,2016-06-19,2016
MOO,williga01,6.0,2016-06-20,2016
MOO,garzama01,6.0,2016-06-21,2016
MOO,danieda01,5.0,2016-06-22,2016
MOO,cobbal01,5.0,2016-06-23,2016
MOO,bibenau01,5.0,2016-06-24,2016
MOO,williga01,5.0,2016-06-25,2016
MOO,garzama01,5.0,2016-06-26,2016
MOO,danieda01,5.0,2016-06-27,2016
MOO,cobbal01,5.0,2016-06-28,2016
MOO,bibenau01,5.0,2016-06-29,2016
MOO,williga01,5.0,2016-06-30,2016
MOO,garzama01,5.0,2016-07-01,2016
MOO,danieda01,5.0,2016-07-02,2016
MOO,cobbal01,5.0,2016-07-03,2016
MOO,bibenau01,5.0,2016-07-04,2016
MOO,williga01,5.0,2016-07-05,2016
MOO,steelju01,,2016-07-06,2016
MOO,garzama01,6.0,2016-07-07,2016
MOO,danieda01,6.0,2016-07-08,2016
MOO,cobbal01,6.0,2016-07-09,2016
MOO,,5.0,2016-07-10,2016
MOO,bibenau01,11.0,2016-07-15,2016
MOO,garzama01,9.0,2016-07-16,2016
MOO,williga01,7.0,2016-07-17,2016
MOO,cobbal01,9.0,2016-07-18,2016
MOO,danieda01,11.0,2016-07-19,2016
MOO,bibenau01,5.0,2016-07-20,2016
MOO,garzama01,6.0,2016-07-22,2016
MOO,williga01,,2016-07-23,2016
MOO,cobbal01,6.0,2016-07-24,2016
MOO,danieda01,6.0,2016-07-25,2016
MOO,bibenau01,6.0,2016-07-26,2016
MOO,,,2016-07-27,2016
MOO,williga01,5.0,2016-07-28,2016
MOO,cobbal01,5.0,2016-07-29,2016
MOO,danieda01,,2016-07-30,2016
MOO,alvarhe01,,2016-07-31,2016
MOO,cobbal01,,2017-04-02,2017
MOO,danieda01,,2017-04-04,2017
MOO,,,2017-04-06,2017
MOO,conlead01,,2017-04-07,2017
MOO,bibenau01,,2017-04-08,2017
MOO,danieda01,5.0,2017-04-09,2017
MOO,cobbal01,8.0,2017-04-10,2017
MOO,williga01,6.0,2017-04-12,2017
MOO,conlead01,6.0,2017-04-13,2017
MOO,bibenau01,6.0,2017-04-14,2017
MOO,danieda01,6.0,2017-04-15,2017
MOO,cobbal01,6.0,2017-04-16,2017
MOO,williga01,5.0,2017-04-17,2017
MOO,conlead01,5.0,2017-04-18,2017
MOO,bibenau01,5.0,2017-04-19,2017
MOO,cobbal01,5.0,2017-04-21,2017
MOO,danieda01,7.0,2017-04-22,2017
MOO,williga01,6.0,2017-04-23,2017
MOO,conlead01,6.0,2017-04-24,2017
MOO,bibenau01,6.0,2017-04-25,2017
MOO,cobbal01,5.0,2017-04-26,2017
MOO,danieda01,6.0,2017-04-28,2017
MOO,williga01,6.0,2017-04-29,2017
MOO,bibenau01,5.0,2017-04-30,2017
MOO,conlead01,7.0,2017-05-01,2017
MOO,cobbal01,6.0,2017-05-02,2017
MOO,danieda01,5.0,2017-05-03,2017
MOO,williga01,,2017-05-04,2017
MOO,bibenau01,5.0,2017-05-05,2017
MOO,conlead01,5.0,2017-05-06,2017
MOO,cobbal01,,2017-05-07,2017
MOO,williga01,5.0,2017-05-09,2017
MOO,danieda01,,2017-05-09,2017
MOO,bibenau01,5.0,2017-05-10,2017
MOO,cannigr01,,2017-05-12,2017
MOO,cobbal01,6.0,2017-05-13,2017
MOO,danieda01,5.0,2017-05-14,2017
MOO,williga01,7.0,2017-05-16,2017
MOO,bibenau01,7.0,2017-05-17,2017
MOO,cobbal01,5.0,2017-05-18,2017
MOO,,,2017-05-19,2017
MOO,danieda01,7.0,2017-05-21,2017
MOO,williga01,6.0,2017-05-22,2017
MOO,cobbal01,5.0,2017-05-23,2017
MOO,,7.0,2017-05-24,2017
MOO,cannigr01,6.0,2017-05-25,2017
MOO,danieda01,5.0,2017-05-26,2017
MOO,williga01,5.0,2017-05-27,2017
MOO,cobbal01,5.0,2017-05-28,2017
MOO,bibenau01,5.0,2017-05-29,2017
MOO,cannigr01,5.0,2017-05-30,2017
MOO,danieda01,5.0,2017-05-31,2017
MOO,williga01,6.0,2017-06-02,2017
MOO,cobbal01,6.0,2017-06-03,2017
MOO,bibenau01,6.0,2017-06-04,2017
MOO,cannigr01,6.0,2017-06-05,2017
MOO,danieda01,6.0,2017-06-06,2017
MOO,williga01,5.0,2017-06-07,2017
MOO,,5.0,2017-06-08,2017
MOO,dermoma01,,2017-06-09,2017
MOO,cannigr01,5.0,2017-06-10,2017
MOO,danieda01,5.0,2017-06-11,2017
MOO,williga01,5.0,2017-06-12,2017
MOO,cobbal01,5.0,2017-06-13,2017
MOO,dermoma01,5.0,2017-06-14,2017
MOO,cannigr01,6.0,2017-06-16,2017
MOO,danieda01,6.0,2017-06-17,2017
MOO,williga01,6.0,2017-06-18,2017
MOO,cobbal01,6.0,2017-06-19,2017
MOO,dermoma01,6.0,2017-06-20,2017
MOO,cannigr01,5.0,2017-06-21,2017
MOO,danieda01,5.0,2017-06-22,2017
MOO,,5.0,2017-06-23,2017
MOO,cobbal01,5.0,2017-06-24,2017
MOO,dermoma01,5.0,2017-06-25,2017
MOO,cannigr01,5.0,2017-06-26,2017
MOO,danieda01,,2017-06-27,2017
MOO,williga01,,2017-06-28,2017
MOO,cobbal01,5.0,2017-06-29,2017
MOO,dermoma01,5.0,2017-06-30,2017
MOO,cannigr01,5.0,2017-07-01,2017
MOO,danieda01,5.0,2017-07-02,2017
MOO,cobbal01,,2017-07-04,2017
MOO,williga01,7.0,2017-07-05,2017
MOO,dermoma01,6.0,2017-07-06,2017
MOO,cannigr01,6.0,2017-07-07,2017
MOO,danieda01,6.0,2017-07-08,2017
MOO,cobbal01,5.0,2017-07-09,2017
MOO,dermoma01,8.0,2017-07-14,2017
MOO,,7.0,2017-07-15,2017
MOO,johnser04,8.0,2017-07-16,2017
MOO,cobbal01,8.0,2017-07-17,2017
MOO,williga01,13.0,2017-07-18,2017
MOO,dermoma01,5.0,2017-07-19,2017
MOO,danieda01,6.0,2017-07-21,2017
MOO,cobbal01,5.0,2017-07-22,2017
MOO,johnser04,7.0,2017-07-23,2017
MOO,bibenau01,50.0,2017-07-24,2017
MOO,williga01,7.0,2017-07-25,2017
MOO,danieda01,5.0,2017-07-26,2017
MOO,cobbal01,5.0,2017-07-27,2017
MOO,johnser04,5.0,2017-07-28,2017
MOO,bibenau01,5.0,2017-07-29,2017
MOO,williga01,5.0,2017-07-30,2017
MOO,cobbal01,,2018-03-29,2018
MOO,bibenau01,,2018-03-30,2018
MOO,campbpa02,,2018-03-31,2018
MOO,johnser04,,2018-04-01,2018
MOO,skenepa01,,2018-04-02,2018
MOO,cobbal01,7.0,2018-04-05,2018
MOO,bibenau01,7.0,2018-04-06,2018
MOO,campbpa02,7.0,2018-04-07,2018
MOO,johnser04,7.0,2018-04-08,2018
MOO,skenepa01,8.0,2018-04-10,2018
MOO,cobbal01,6.0,2018-04-11,2018
MOO,bibenau01,6.0,2018-04-12,2018
MOO,campbpa02,6.0,2018-04-13,2018
MOO,johnser04,6.0,2018-04-14,2018
MOO,,7.0,2018-04-17,2018
MOO,cobbal01,8.0,2018-04-19,2018
MOO,bibenau01,8.0,2018-04-20,2018
MOO,campbpa02,8.0,2018-04-21,2018
MOO,johnser04,8.0,2018-04-22,2018
MOO,skenepa01,7.0,2018-04-24,2018
MOO,cobbal01,6.0,2018-04-25,2018
MOO,,6.0,2018-04-26,2018
MOO,campbpa02,6.0,2018-04-27,2018
MOO,johnser04,6.0,2018-04-28,2018
MOO,skenepa01,5.0,2018-04-29,2018
MOO,,,2018-04-30,2018
MOO,bibenau01,5.0,2018-05-01,2018
MOO,campbpa02,5.0,2018-05-02,2018
MOO,,6.0,2018-05-04,2018
MOO,skenepa01,6.0,2018-05-05,2018
MOO,cobbal01,6.0,2018-05-06,2018
MOO,bibenau01,6.0,2018-05-07,2018
MOO,hurtky01,,2018-05-08,2018
MOO,johnser04,5.0,2018-05-09,2018
MOO,skenepa01,6.0,2018-05-11,2018
MOO,cobbal01,6.0,2018-05-12,2018
MOO,bibenau01,6.0,2018-05-13,2018
MOO,johnser04,5.0,2018-05-14,2018
MOO,campbpa02,13.0,2018-05-15,2018
MOO,skenepa01,,2018-05-16,2018
MOO,cobbal01,6.0,2018-05-18,2018
MOO,johnser04,5.0,2018-05-19,2018
MOO,bibenau01,6.0,2018-05-19,2018
MOO,campbpa02,5.0,2018-05-20,2018
MOO,skenepa01,6.0,2018-05-22,2018
MOO,cobbal01,5.0,2018-05-23,2018
MOO,bibenau01,6.0,2018-05-25,2018
MOO,johnser04,7.0,2018-05-26,2018
MOO,skenepa01,,2018-05-27,2018
MOO,dermoma01,,2018-05-28,2018
MOO,cobbal01,6.0,2018-05-29,2018
MOO,bibenau01,5.0,2018-05-30,2018
MOO,johnser04,5.0,2018-05-31,2018
MOO,skenepa01,5.0,2018-06-01,2018
MOO,dermoma01,5.0,2018-06-02,2018
MOO,cobbal01,5.0,2018-06-03,2018
MOO,bibenau01,6.0,2018-06-05,2018
MOO,johnser04,6.0,2018-06-06,2018
MOO,skenepa01,6.0,2018-06-07,2018
MOO,dermoma01,6.0,2018-06-08,2018
MOO,cobbal01,6.0,2018-06-09,2018
MOO,bibenau01,5.0,2018-06-10,2018
MOO,johnser04,5.0,2018-06-11,2018
MOO,skenepa01,5.0,2018-06-12,2018
MOO,dermoma01,5.0,2018-06-13,2018
MOO,cobbal01,6.0,2018-06-15,2018
MOO,bibenau01,6.0,2018-06-16,2018
MOO,johnser04,6.0,2018-06-17,2018
MOO,skenepa01,7.0,2018-06-19,2018
MOO,dermoma01,6.0,2018-06-19,2018
MOO,cobbal01,5.0,2018-06-20,2018
MOO,bibenau01,5.0,2018-06-21,2018
MOO,johnser04,5.0,2018-06-22,2018
MOO,bielabr01,,2018-06-23,2018
MOO,dermoma01,5.0,2018-06-24,2018
MOO,braulst01,,2018-06-25,2018
MOO,,6.0,2018-06-26,2018
MOO,bibenau01,6.0,2018-06-27,2018
MOO,johnser04,6.0,2018-06-28,2018
MOO,dermoma01,5.0,2018-06-29,2018
MOO,skenepa01,11.0,2018-06-30,2018
MOO,cobbal01,5.0,2018-07-01,2018
MOO,bibenau01,6.0,2018-07-03,2018
MOO,johnser04,6.0,2018-07-04,2018
MOO,dermoma01,7.0,2018-07-06,2018
MOO,skenepa01,7.0,2018-07-07,2018
MOO,cobbal01,7.0,2018-07-08,2018
MOO,bibenau01,6.0,2018-07-09,2018
MOO,johnser04,6.0,2018-07-10,2018
MOO,dermoma01,5.0,2018-07-11,2018
MOO,skenepa01,6.0,2018-07-13,2018
MOO,bibenau01,5.0,2018-07-14,2018
MOO,cobbal01,7.0,2018-07-15,2018
MOO,bibenau01,5.0,2018-07-19,2018
MOO,cobbal01,5.0,2018-07-20,2018
MOO,dermoma01,10.0,2018-07-21,2018
MOO,skenepa01,8.0,2018-07-21,2018
MOO,johnser04,,2018-07-22,2018
MOO,bielabr01,30.0,2018-07-23,2018
MOO,bibenau01,,2018-07-24,2018
MOO,cobbal01,5.0,2018-07-25,2018
MOO,,5.0,2018-07-26,2018
MOO,dermoma01,6.0,2018-07-27,2018
MOO,johnser04,6.0,2018-07-28,2018
MOO,bibenau01,5.0,2018-07-29,2018
MOO,cobbal01,6.0,2018-07-31,2018
MOO,cobbal01,,2019-03-28,2019
MOO,campbpa02,,2019-03-30,2019
MOO,faedoal01,,2019-03-31,2019
MOO,bibenau01,,2019-04-01,2019
MOO,cobbal01,6.0,2019-04-03,2019
MOO,campbpa02,5.0,2019-04-04,2019
MOO,johnser04,,2019-04-05,2019
MOO,faedoal01,6.0,2019-04-06,2019
MOO,bibenau01,,2019-04-07,2019
MOO,cobbal01,5.0,2019-04-08,2019
MOO,,6.0,2019-04-10,2019
MOO,johnser04,6.0,2019-04-11,2019
MOO,faedoal01,6.0,2019-04-12,2019
MOO,bibenau01,6.0,2019-04-13,2019
MOO,campbpa02,5.0,2019-04-15,2019
MOO,johnser04,5.0,2019-04-16,2019
MOO,faedoal01,5.0,2019-04-17,2019
MOO,bibenau01,6.0,2019-04-19,2019
MOO,campbpa02,5.0,2019-04-20,2019
MOO,skenepa01,,2019-04-21,2019
MOO,johnser04,7.0,2019-04-23,2019
MOO,faedoal01,7.0,2019-04-24,2019
MOO,cobbal01,17.0,2019-04-25,2019
MOO,bibenau01,7.0,2019-04-26,2019
MOO,campbpa02,7.0,2019-04-27,2019
MOO,johnser04,5.0,2019-04-28,2019
MOO,faedoal01,6.0,2019-04-30,2019
MOO,,6.0,2019-05-01,2019
MOO,bibenau01,7.0,2019-05-03,2019
MOO,campbpa02,7.0,2019-05-04,2019
MOO,johnser04,7.0,2019-05-05,2019
MOO,faedoal01,,2019-05-06,2019
MOO,cobbal01,6.0,2019-05-07,2019
MOO,bibenau01,5.0,2019-05-08,2019
MOO,campbpa02,5.0,2019-05-09,2019
MOO,johnser04,5.0,2019-05-10,2019
MOO,faedoal01,,2019-05-11,2019
MOO,cobbal01,5.0,2019-05-12,2019
MOO,bibenau01,6.0,2019-05-14,2019
MOO,campbpa02,6.0,2019-05-15,2019
MOO,johnser04,6.0,2019-05-16,2019
MOO,faedoal01,6.0,2019-05-17,2019
MOO,cobbal01,6.0,2019-05-18,2019
MOO,bibenau01,5.0,2019-05-19,2019
MOO,campbpa02,5.0,2019-05-20,2019
MOO,johnser04,5.0,2019-05-21,2019
MOO,faedoal01,5.0,2019-05-22,2019
MOO,cobbal01,5.0,2019-05-23,2019
MOO,bibenau01,5.0,2019-05-24,2019
MOO,campbpa02,5.0,2019-05-25,2019
MOO,johnser04,5.0,2019-05-26,2019
MOO,faedoal01,5.0,2019-05-27,2019
MOO,cobbal01,5.0,2019-05-28,2019
MOO,bibenau01,5.0,2019-05-29,2019
MOO,campbpa02,6.0,2019-05-31,2019
MOO,,6.0,2019-06-01,2019
MOO,faedoal01,6.0,2019-06-02,2019
MOO,cobbal01,6.0,2019-06-03,2019
MOO,bibenau01,6.0,2019-06-04,2019
MOO,campbpa02,5.0,2019-06-05,2019
MOO,,5.0,2019-06-06,2019
MOO,faedoal01,5.0,2019-06-07,2019
MOO,cobbal01,5.0,2019-06-08,2019
MOO,bibenau01,5.0,2019-06-09,2019
MOO,campbpa02,5.0,2019-06-10,2019
MOO,johnser04,5.0,2019-06-11,2019
MOO,faedoal01,5.0,2019-06-12,2019
MOO,cobbal01,5.0,2019-06-13,2019
MOO,bibenau01,5.0,2019-06-14,2019
MOO,campbpa02,5.0,2019-06-15,2019
MOO,johnser04,5.0,2019-06-16,2019
MOO,faedoal01,6.0,2019-06-18,2019
MOO,cobbal01,6.0,2019-06-19,2019
MOO,skenepa01,60.0,2019-06-20,2019
MOO,campbpa02,6.0,2019-06-21,2019
MOO,johnser04,6.0,2019-06-22,2019
MOO,faedoal01,5.0,2019-06-23,2019
MOO,cobbal01,5.0,2019-06-24,2019
MOO,eshelto01,,2019-06-25,2019
MOO,campbpa02,5.0,2019-06-26,2019
MOO,skenepa01,7.0,2019-06-27,2019
MOO,faedoal01,5.0,2019-06-28,2019
MOO,johnser04,7.0,2019-06-29,2019
MOO,cobbal01,6.0,2019-06-30,2019
MOO,eshelto01,6.0,2019-07-01,2019
MOO,bibenau01,18.0,2019-07-02,2019
MOO,campbpa02,7.0,2019-07-03,2019
MOO,johnser04,5.0,2019-07-04,2019
MOO,cobbal01,,2019-07-06,2019
MOO,bibenau01,5.0,2019-07-07,2019
MOO,campbpa02,9.0,2019-07-12,2019
MOO,cobbal01,7.0,2019-07-13,2019
MOO,johnser04,10.0,2019-07-14,2019
MOO,bibenau01,8.0,2019-07-15,2019
MOO,menacr01,,2019-07-16,2019
MOO,campbpa02,5.0,2019-07-17,2019
MOO,cobbal01,6.0,2019-07-19,2019
MOO,johnser04,6.0,2019-07-20,2019
MOO,bibenau01,6.0,2019-07-21,2019
MOO,menacr01,6.0,2019-07-22,2019
MOO,campbpa02,6.0,2019-07-23,2019
MOO,skenepa01,27.0,2019-07-24,2019
MOO,bibenau01,5.0,2019-07-26,2019
MOO,cobbal01,8.0,2019-07-27,2019
MOO,johnser04,8.0,2019-07-28,2019
MOO,,7.0,2019-07-30,2019
MOO,bibenau01,5.0,2019-07-31,2019
MOO,bibenau01,,2021-04-01,2021
MOO,,,2021-04-03,2021
MOO,kerrra01,,2021-04-04,2021
MOO,rodried05,,2021-04-05,2021
MOO,eshelto01,,2021-04-06,2021
MOO,bibenau01,6.0,2021-04-07,2021
MOO,danieda01,5.0,2021-04-08,2021
MOO,kerrra01,6.0,2021-04-10,2021
MOO,rodried05,6.0,2021-04-11,2021
MOO,eshelto01,6.0,2021-04-12,2021
MOO,,,2021-04-13,2021
MOO,danieda01,6.0,2021-04-14,2021
MOO,kerrra01,6.0,2021-04-16,2021
MOO,rodried05,6.0,2021-04-17,2021
MOO,bibenau01,11.0,2021-04-18,2021
MOO,danieda01,6.0,2021-04-20,2021
MOO,kerrra01,5.0,2021-04-21,2021
MOO,rodried05,5.0,2021-04-22,2021
MOO,bibenau01,5.0,2021-04-23,2021
MOO,eshelto01,12.0,2021-04-24,2021
MOO,danieda01,,2021-04-25,2021
MOO,,5.0,2021-04-26,2021
MOO,rodried05,5.0,2021-04-27,2021
MOO,bibenau01,5.0,2021-04-28,2021
MOO,eshelto01,5.0,2021-04-29,2021
MOO,danieda01,5.0,2021-04-30,2021
MOO,kerrra01,5.0,2021-05-01,2021
MOO,rodried05,5.0,2021-05-02,2021
MOO,mayermi01,,2021-05-04,2021
MOO,bibenau01,6.0,2021-05-04,2021
MOO,eshelto01,6.0,2021-05-05,2021
MOO,kerrra01,6.0,2021-05-07,2021
MOO,rodried05,6.0,2021-05-08,2021
MOO,bibenau01,5.0,2021-05-09,2021
MOO,eshelto01,6.0,2021-05-11,2021
MOO,kerrra01,5.0,2021-05-12,2021
MOO,,14.0,2021-05-14,2021
MOO,rodried05,7.0,2021-05-15,2021
MOO,bibenau01,7.0,2021-05-16,2021
MOO,eshelto01,6.0,2021-05-17,2021
MOO,kerrra01,6.0,2021-05-18,2021
MOO,danieda01,5.0,2021-05-19,2021
MOO,rodried05,,2021-05-20,2021
MOO,bibenau01,5.0,2021-05-21,2021
MOO,eshelto01,5.0,2021-05-22,2021
MOO,kerrra01,5.0,2021-05-23,2021
MOO,danieda01,6.0,2021-05-25,2021
MOO,rodried05,6.0,2021-05-26,2021
MOO,bibenau01,6.0,2021-05-27,2021
MOO,eshelto01,6.0,2021-05-28,2021
MOO,kerrra01,6.0,2021-05-29,2021
MOO,danieda01,5.0,2021-05-30,2021
MOO,lopezja04,,2021-05-31,2021
MOO,bibenau01,5.0,2021-06-01,2021
MOO,eshelto01,5.0,2021-06-02,2021
MOO,kerrra01,5.0,2021-06-03,2021
MOO,danieda01,5.0,2021-06-04,2021
MOO,lopezja04,5.0,2021-06-05,2021
MOO,bibenau01,5.0,2021-06-06,2021
MOO,eshelto01,5.0,2021-06-07,2021
MOO,kerrra01,5.0,2021-06-08,2021
MOO,,5.0,2021-06-09,2021
MOO,lopezja04,6.0,2021-06-11,2021
MOO,bibenau01,6.0,2021-06-12,2021
MOO,kerrra01,5.0,2021-06-13,2021
MOO,danieda01,5.0,2021-06-14,2021
MOO,menacr01,63.0,2021-06-15,2021
MOO,lynchda02,,2021-06-16,2021
MOO,bibenau01,5.0,2021-06-17,2021
MOO,kerrra01,5.0,2021-06-18,2021
MOO,danieda01,5.0,2021-06-19,2021
MOO,menacr01,5.0,2021-06-20,2021
MOO,eshelto01,14.0,2021-06-21,2021
MOO,bibenau01,5.0,2021-06-22,2021
MOO,kerrra01,6.0,2021-06-24,2021
MOO,danieda01,6.0,2021-06-25,2021
MOO,menacr01,6.0,2021-06-26,2021
MOO,eshelto01,6.0,2021-06-27,2021
MOO,bibenau01,6.0,2021-06-28,2021
MOO,kerrra01,5.0,2021-06-29,2021
MOO,danieda01,5.0,2021-06-30,2021
MOO,menacr01,6.0,2021-07-02,2021
MOO,eshelto01,6.0,2021-07-03,2021
MOO,bibenau01,6.0,2021-07-04,2021
MOO,kerrra01,6.0,2021-07-05,2021
MOO,danieda01,6.0,2021-07-06,2021
MOO,menacr01,5.0,2021-07-07,2021
MOO,eshelto01,5.0,2021-07-08,2021
MOO,bibenau01,5.0,2021-07-09,2021
MOO,kerrra01,,2021-07-10,2021
MOO,bibenau01,7.0,2021-07-16,2021
MOO,eshelto01,9.0,2021-07-17,2021
MOO,,8.0,2021-07-18,2021
MOO,menacr01,12.0,2021-07-19,2021
MOO,rodried05,55.0,2021-07-20,2021
MOO,bibenau01,5.0,2021-07-21,2021
MOO,eshelto01,5.0,2021-07-22,2021
MOO,kerrra01,5.0,2021-07-23,2021
MOO,menacr01,5.0,2021-07-24,2021
MOO,rodried05,5.0,2021-07-25,2021
MOO,bibenau01,5.0,2021-07-26,2021
MOO,eshelto01,5.0,2021-07-27,2021
MOO,kerrra01,5.0,2021-07-28,2021
MOO,menacr01,5.0,2021-07-29,2021
MOO,danieda01,24.0,2021-07-30,2021
MOO,,5.0,2021-07-31,2021
MOO,bibenau01,,2022-04-07,2022
MOO,reyesal02,,2022-04-09,2022
MOO,carraca01,,2022-04-10,2022
MOO,wilsost02,,2022-04-12,2022
MOO,bibenau01,6.0,2022-04-13,2022
MOO,reyesal02,5.0,2022-04-14,2022
MOO,carraca01,5.0,2022-04-15,2022
MOO,teperry01,,2022-04-16,2022
MOO,wilsost02,,2022-04-17,2022
MOO,bibenau01,5.0,2022-04-18,2022
MOO,reyesal02,5.0,2022-04-19,2022
MOO,carraca01,5.0,2022-04-20,2022
MOO,teperry01,5.0,2022-04-21,2022
MOO,wilsost02,5.0,2022-04-22,2022
MOO,bibenau01,5.0,2022-04-23,2022
MOO,reyesal02,,2022-04-24,2022
MOO,carraca01,6.0,2022-04-26,2022
MOO,teperry01,6.0,2022-04-27,2022
MOO,wilsost02,6.0,2022-04-28,2022
MOO,bibenau01,6.0,2022-04-29,2022
MOO,reyesal02,6.0,2022-04-30,2022
MOO,carraca01,5.0,2022-05-01,2022
MOO,spencmi01,,2022-05-03,2022
MOO,bibenau01,5.0,2022-05-04,2022
MOO,wilsost02,9.0,2022-05-07,2022
MOO,matusbr01,,2022-05-07,2022
MOO,reyesal02,8.0,2022-05-08,2022
MOO,bibenau01,5.0,2022-05-09,2022
MOO,rodrich01,,2022-05-10,2022
MOO,mayermi01,,2022-05-11,2022
MOO,wilsost02,6.0,2022-05-13,2022
MOO,bibenau01,5.0,2022-05-14,2022
MOO,reyesal02,7.0,2022-05-15,2022
MOO,rodrich01,6.0,2022-05-16,2022
MOO,mayermi01,6.0,2022-05-17,2022
MOO,wilsost02,5.0,2022-05-18,2022
MOO,carraca01,18.0,2022-05-19,2022
MOO,bibenau01,6.0,2022-05-20,2022
MOO,reyesal02,6.0,2022-05-21,2022
MOO,rodrich01,,2022-05-22,2022
MOO,wilsost02,5.0,2022-05-23,2022
MOO,carraca01,5.0,2022-05-24,2022
MOO,bibenau01,5.0,2022-05-25,2022
MOO,reyesal02,5.0,2022-05-26,2022
MOO,mayermi01,11.0,2022-05-28,2022
MOO,carraca01,5.0,2022-05-29,2022
MOO,wilsost02,7.0,2022-05-30,2022
MOO,nelsory01,,2022-05-30,2022
MOO,reyesal02,5.0,2022-05-31,2022
MOO,bibenau01,7.0,2022-06-01,2022
MOO,mayermi01,5.0,2022-06-02,2022
MOO,carraca01,5.0,2022-06-03,2022
MOO,pivetni01,,2022-06-04,2022
MOO,nelsory01,5.0,2022-06-04,2022
MOO,reyesal02,5.0,2022-06-05,2022
MOO,,5.0,2022-06-07,2022
MOO,rodrich01,19.0,2022-06-10,2022
MOO,nelsory01,7.0,2022-06-11,2022
MOO,mayermi01,5.0,2022-06-12,2022
MOO,reyesal02,,2022-06-13,2022
MOO,bibenau01,13.0,2022-06-14,2022
MOO,pivetni01,11.0,2022-06-15,2022
MOO,nelsory01,5.0,2022-06-16,2022
MOO,mayermi01,5.0,2022-06-17,2022
MOO,reyesal02,5.0,2022-06-18,2022
MOO,bibenau01,5.0,2022-06-19,2022
MOO,pivetni01,5.0,2022-06-20,2022
MOO,nelsory01,5.0,2022-06-21,2022
MOO,mayermi01,5.0,2022-06-22,2022
MOO,reyesal02,5.0,2022-06-23,2022
MOO,bibenau01,5.0,2022-06-24,2022
MOO,simonal01,,2022-06-25,2022
MOO,,,2022-06-26,2022
MOO,mayermi01,6.0,2022-06-28,2022
MOO,reyesal02,6.0,2022-06-29,2022
MOO,bibenau01,6.0,2022-06-30,2022
MOO,simonal01,6.0,2022-07-01,2022
MOO,menacr01,6.0,2022-07-02,2022
MOO,mayermi01,5.0,2022-07-03,2022
MOO,reyesal02,5.0,2022-07-04,2022
MOO,bibenau01,,2022-07-05,2022
MOO,simonal01,5.0,2022-07-06,2022
MOO,teperry01,71.0,2022-07-07,2022
MOO,,5.0,2022-07-08,2022
MOO,carraca01,36.0,2022-07-09,2022
MOO,wilsost02,41.0,2022-07-10,2022
MOO,simonal01,6.0,2022-07-12,2022
MOO,reyesal02,9.0,2022-07-13,2022
MOO,mayermi01,6.0,2022-07-14,2022
MOO,carraca01,7.0,2022-07-16,2022
MOO,wilsost02,6.0,2022-07-16,2022
MOO,simonal01,5.0,2022-07-17,2022
MOO,reyesal02,9.0,2022-07-22,2022
MOO,,,2022-07-23,2022
MOO,wilsost02,8.0,2022-07-24,2022
MOO,simonal01,8.0,2022-07-25,2022
MOO,mayermi01,12.0,2022-07-26,2022
MOO,reyesal02,6.0,2022-07-28,2022
MOO,carraca01,6.0,2022-07-29,2022
MOO,wilsost02,6.0,2022-07-30,2022
MOO,simonal01,6.0,2022-07-31,2022
MOO,carraca01,,2023-03-30,2023
MOO,reyesal02,,2023-04-01,2023
MOO,rutleja01,,2023-04-02,2023
MOO,wilsost02,,2023-04-03,2023
MOO,ennsdi01,,2023-04-04,2023
MOO,carraca01,8.0,2023-04-07,2023
MOO,reyesal02,7.0,2023-04-08,2023
MOO,rutleja01,,2023-04-09,2023
MOO,wilsost02,7.0,2023-04-10,2023
MOO,ennsdi01,,2023-04-11,2023
MOO,carraca01,5.0,2023-04-12,2023
MOO,reyesal02,6.0,2023-04-14,2023
MOO,rutleja01,6.0,2023-04-15,2023
MOO,wilsost02,6.0,2023-04-16,2023
MOO,ennsdi01,6.0,2023-04-17,2023
MOO,carraca01,6.0,2023-04-18,2023
MOO,reyesal02,5.0,2023-04-19,2023
MOO,wrighky01,,2023-04-20,2023
MOO,wilsost02,5.0,2023-04-21,2023
MOO,ennsdi01,5.0,2023-04-22,2023
MOO,carraca01,5.0,2023-04-23,2023
MOO,reyesal02,6.0,2023-04-25,2023
MOO,wilsost02,5.0,2023-04-26,2023
MOO,ennsdi01,,2023-04-27,2023
MOO,carraca01,5.0,2023-04-28,2023
MOO,pivetni01,,2023-04-29,2023
MOO,reyesal02,5.0,2023-04-30,2023
MOO,wilsost02,5.0,2023-05-01,2023
MOO,ennsdi01,5.0,2023-05-02,2023
MOO,carraca01,5.0,2023-05-03,2023
MOO,rutleja01,,2023-05-04,2023
MOO,reyesal02,5.0,2023-05-05,2023
MOO,wilsost02,5.0,2023-05-06,2023
MOO,ennsdi01,5.0,2023-05-07,2023
MOO,carraca01,,2023-05-08,2023
MOO,rutleja01,5.0,2023-05-09,2023
MOO,reyesal02,,2023-05-10,2023
MOO,,6.0,2023-05-12,2023
MOO,ennsdi01,6.0,2023-05-13,2023
MOO,carraca01,6.0,2023-05-14,2023
MOO,rutleja01,6.0,2023-05-15,2023
MOO,reyesal02,6.0,2023-05-16,2023
MOO,wilsost02,5.0,2023-05-17,2023
MOO,carraca01,5.0,2023-05-19,2023
MOO,rutleja01,5.0,2023-05-20,2023
MOO,reyesal02,5.0,2023-05-21,2023
MOO,wilsost02,6.0,2023-05-23,2023
MOO,carraca01,5.0,2023-05-24,2023
MOO,,,2023-05-25,2023
MOO,reyesal02,5.0,2023-05-26,2023
MOO,rutleja01,7.0,2023-05-27,2023
MOO,wilsost02,5.0,2023-05-28,2023
MOO,carraca01,5.0,2023-05-29,2023
MOO,bibenau01,5.0,2023-05-30,2023
MOO,reyesal02,5.0,2023-05-31,2023
MOO,rutleja01,6.0,2023-06-02,2023
MOO,wilsost02,6.0,2023-06-03,2023
MOO,carraca01,,2023-06-04,2023
MOO,bibenau01,6.0,2023-06-05,2023
MOO,ennsdi01,24.0,2023-06-06,2023
MOO,rutleja01,5.0,2023-06-07,2023
MOO,wilsost02,5.0,2023-06-08,2023
MOO,carraca01,5.0,2023-06-09,2023
MOO,,5.0,2023-06-10,2023
MOO,ennsdi01,5.0,2023-06-11,2023
MOO,rutleja01,6.0,2023-06-13,2023
MOO,wilsost02,6.0,2023-06-14,2023
MOO,carraca01,6.0,2023-06-15,2023
MOO,bibenau01,6.0,2023-06-16,2023
MOO,reyesal02,17.0,2023-06-17,2023
MOO,rutleja01,5.0,2023-06-18,2023
MOO,wilsost02,5.0,2023-06-19,2023
MOO,carraca01,5.0,2023-06-20,2023
MOO,bibenau01,5.0,2023-06-21,2023
MOO,reyesal02,7.0,2023-06-24,2023
MOO,carraca01,5.0,2023-06-25,2023
MOO,rutleja01,9.0,2023-06-27,2023
MOO,wilsost02,,2023-06-28,2023
MOO,bibenau01,,2023-06-29,2023
MOO,reyesal02,6.0,2023-06-30,2023
MOO,carraca01,6.0,2023-07-01,2023
MOO,rutleja01,5.0,2023-07-02,2023
MOO,wilsost02,5.0,2023-07-03,2023
MOO,bibenau01,5.0,2023-07-04,2023
MOO,reyesal02,5.0,2023-07-05,2023
MOO,carraca01,5.0,2023-07-06,2023
MOO,rutleja01,5.0,2023-07-07,2023
MOO,wilsost02,5.0,2023-07-08,2023
MOO,,5.0,2023-07-09,2023
MOO,bibenau01,5.0,2023-07-14,2023
MOO,carraca01,9.0,2023-07-15,2023
MOO,reyesal02,11.0,2023-07-16,2023
MOO,wilsost02,9.0,2023-07-17,2023
MOO,rutleja01,11.0,2023-07-18,2023
MOO,bibenau01,5.0,2023-07-19,2023
MOO,carraca01,5.0,2023-07-20,2023
MOO,,5.0,2023-07-21,2023
MOO,carasma01,,2023-07-22,2023
MOO,rutleja01,5.0,2023-07-23,2023
MOO,bibenau01,6.0,2023-07-25,2023
MOO,carraca01,6.0,2023-07-26,2023
MOO,reyesal02,6.0,2023-07-27,2023
MOO,ennsdi01,47.0,2023-07-28,2023
MOO,rutleja01,6.0,2023-07-29,2023
MOO,bibenau01,5.0,2023-07-30,2023
MOO,carraca01,5.0,2023-07-31,2023
MZG,wingetr01,,2016-04-04,2016
MZG,battepe01,,2016-04-06,2016
MZG,suarean01,,2016-04-07,2016
MZG,abbotan01,,2016-04-08,2016
MZG,kaprija01,,2016-04-09,2016
MZG,wingetr01,6.0,2016-04-10,2016
MZG,battepe01,5.0,2016-04-11,2016
MZG,suarean01,5.0,2016-04-12,2016
MZG,abbotan01,5.0,2016-04-13,2016
MZG,kaprija01,5.0,2016-04-14,2016
MZG,wingetr01,5.0,2016-04-15,2016
MZG,battepe01,5.0,2016-04-16,2016
MZG,suarean01,5.0,2016-04-17,2016
MZG,abbotan01,5.0,2016-04-18,2016
MZG,kaprija01,5.0,2016-04-19,2016
MZG,wingetr01,5.0,2016-04-20,2016
MZG,battepe01,6.0,2016-04-22,2016
MZG,suarean01,6.0,2016-04-23,2016
MZG,,6.0,2016-04-24,2016
MZG,kaprija01,7.0,2016-04-26,2016
MZG,wingetr01,7.0,2016-04-27,2016
MZG,battepe01,6.0,2016-04-28,2016
MZG,pepiory01,,2016-04-29,2016
MZG,abbotan01,6.0,2016-04-30,2016
MZG,kaprija01,5.0,2016-05-01,2016
MZG,wingetr01,5.0,2016-05-02,2016
MZG,battepe01,5.0,2016-05-03,2016
MZG,pepiory01,5.0,2016-05-04,2016
MZG,abbotan01,5.0,2016-05-05,2016
MZG,kaprija01,5.0,2016-05-06,2016
MZG,wingetr01,5.0,2016-05-07,2016
MZG,battepe01,5.0,2016-05-08,2016
MZG,pepiory01,6.0,2016-05-10,2016
MZG,abbotan01,6.0,2016-05-11,2016
MZG,kaprija01,6.0,2016-05-12,2016
MZG,wingetr01,6.0,2016-05-13,2016
MZG,battepe01,6.0,2016-05-14,2016
MZG,pepiory01,5.0,2016-05-15,2016
MZG,abbotan01,5.0,2016-05-16,2016
MZG,,5.0,2016-05-17,2016
MZG,wingetr01,5.0,2016-05-18,2016
MZG,battepe01,6.0,2016-05-20,2016
MZG,pepiory01,6.0,2016-05-21,2016
MZG,abbotan01,6.0,2016-05-22,2016
MZG,kaprija01,6.0,2016-05-23,2016
MZG,wingetr01,,2016-05-24,2016
MZG,battepe01,5.0,2016-05-25,2016
MZG,pepiory01,6.0,2016-05-27,2016
MZG,abbotan01,6.0,2016-05-28,2016
MZG,kaprija01,6.0,2016-05-29,2016
MZG,wingetr01,6.0,2016-05-30,2016
MZG,battepe01,6.0,2016-05-31,2016
MZG,pepiory01,5.0,2016-06-01,2016
MZG,abbotan01,5.0,2016-06-02,2016
MZG,kaprija01,5.0,2016-06-03,2016
MZG,wingetr01,5.0,2016-06-04,2016
MZG,battepe01,5.0,2016-06-05,2016
MZG,pepiory01,5.0,2016-06-06,2016
MZG,abbotan01,5.0,2016-06-07,2016
MZG,kaprija01,5.0,2016-06-08,2016
MZG,wingetr01,6.0,2016-06-10,2016
MZG,battepe01,6.0,2016-06-11,2016
MZG,pepiory01,6.0,2016-06-12,2016
MZG,abbotan01,6.0,2016-06-13,2016
MZG,neideni01,,2016-06-14,2016
MZG,wingetr01,5.0,2016-06-15,2016
MZG,battepe01,5.0,2016-06-16,2016
MZG,pepiory01,5.0,2016-06-17,2016
MZG,abbotan01,5.0,2016-06-18,2016
MZG,neideni01,5.0,2016-06-19,2016
MZG,wingetr01,,2016-06-20,2016
MZG,battepe01,5.0,2016-06-21,2016
MZG,pepiory01,5.0,2016-06-22,2016
MZG,abbotan01,5.0,2016-06-23,2016
MZG,neideni01,,2016-06-24,2016
MZG,wingetr01,5.0,2016-06-25,2016
MZG,,,2016-06-26,2016
MZG,kaprija01,19.0,2016-06-27,2016
MZG,abbotan01,5.0,2016-06-28,2016
MZG,neideni01,5.0,2016-06-29,2016
MZG,wingetr01,6.0,2016-07-01,2016
MZG,battepe01,6.0,2016-07-02,2016
MZG,kaprija01,6.0,2016-07-03,2016
MZG,abbotan01,6.0,2016-07-04,2016
MZG,neideni01,6.0,2016-07-05,2016
MZG,wingetr01,5.0,2016-07-06,2016
MZG,pepiory01,15.0,2016-07-07,2016
MZG,kaprija01,5.0,2016-07-08,2016
MZG,abbotan01,5.0,2016-07-09,2016
MZG,neideni01,5.0,2016-07-10,2016
MZG,wingetr01,9.0,2016-07-15,2016
MZG,abbotan01,7.0,2016-07-16,2016
MZG,neideni01,7.0,2016-07-17,2016
MZG,battepe01,16.0,2016-07-18,2016
MZG,kaprija01,11.0,2016-07-19,2016
MZG,wingetr01,5.0,2016-07-20,2016
MZG,abbotan01,,2016-07-21,2016
MZG,neideni01,5.0,2016-07-22,2016
MZG,battepe01,5.0,2016-07-23,2016
MZG,kaprija01,5.0,2016-07-24,2016
MZG,wingetr01,5.0,2016-07-25,2016
MZG,abbotan01,5.0,2016-07-26,2016
MZG,neideni01,5.0,2016-07-27,2016
MZG,battepe01,5.0,2016-07-28,2016
MZG,kaprija01,5.0,2016-07-29,2016
MZG,wingetr01,5.0,2016-07-30,2016
MZG,abbotan01,5.0,2016-07-31,2016
MZG,wingetr01,,2017-04-03,2017
MZG,,,2017-04-05,2017
MZG,cabrege01,,2017-04-06,2017
MZG,,,2017-04-07,2017
MZG,battepe01,,2017-04-08,2017
MZG,wingetr01,6.0,2017-04-09,2017
MZG,abbotan01,5.0,2017-04-10,2017
MZG,cabrege01,5.0,2017-04-11,2017
MZG,kaprija01,5.0,2017-04-12,2017
MZG,battepe01,6.0,2017-04-14,2017
MZG,wingetr01,6.0,2017-04-15,2017
MZG,abbotan01,6.0,2017-04-16,2017
MZG,neideni01,,2017-04-18,2017
MZG,kaprija01,,2017-04-19,2017
MZG,battepe01,6.0,2017-04-20,2017
MZG,wingetr01,6.0,2017-04-21,2017
MZG,abbotan01,6.0,2017-04-22,2017
MZG,neideni01,5.0,2017-04-23,2017
MZG,,7.0,2017-04-26,2017
MZG,wingetr01,6.0,2017-04-27,2017
MZG,abbotan01,6.0,2017-04-28,2017
MZG,neideni01,6.0,2017-04-29,2017
MZG,feldmsc01,,2017-04-30,2017
MZG,kaprija01,5.0,2017-05-01,2017
MZG,wingetr01,5.0,2017-05-02,2017
MZG,abbotan01,5.0,2017-05-03,2017
MZG,neideni01,5.0,2017-05-04,2017
MZG,feldmsc01,5.0,2017-05-05,2017
MZG,kaprija01,5.0,2017-05-06,2017
MZG,wingetr01,5.0,2017-05-07,2017
MZG,abbotan01,6.0,2017-05-09,2017
MZG,neideni01,6.0,2017-05-10,2017
MZG,feldmsc01,8.0,2017-05-13,2017
MZG,kaprija01,8.0,2017-05-14,2017
MZG,wingetr01,7.0,2017-05-14,2017
MZG,abbotan01,7.0,2017-05-16,2017
MZG,neideni01,7.0,2017-05-17,2017
MZG,feldmsc01,5.0,2017-05-18,2017
MZG,wingetr01,5.0,2017-05-19,2017
MZG,kaprija01,6.0,2017-05-20,2017
MZG,battepe01,31.0,2017-05-21,2017
MZG,abbotan01,6.0,2017-05-22,2017
MZG,neideni01,6.0,2017-05-23,2017
MZG,wingetr01,5.0,2017-05-24,2017
MZG,kaprija01,5.0,2017-05-25,2017
MZG,battepe01,5.0,2017-05-26,2017
MZG,abbotan01,5.0,2017-05-27,2017
MZG,,5.0,2017-05-28,2017
MZG,wingetr01,5.0,2017-05-29,2017
MZG,kaprija01,5.0,2017-05-30,2017
MZG,battepe01,5.0,2017-05-31,2017
MZG,,6.0,2017-06-02,2017
MZG,sorokmi01,,2017-06-03,2017
MZG,wingetr01,6.0,2017-06-04,2017
MZG,feldmsc01,18.0,2017-06-05,2017
MZG,battepe01,6.0,2017-06-06,2017
MZG,abbotan01,5.0,2017-06-07,2017
MZG,sorokmi01,5.0,2017-06-08,2017
MZG,wingetr01,5.0,2017-06-09,2017
MZG,feldmsc01,5.0,2017-06-10,2017
MZG,battepe01,5.0,2017-06-11,2017
MZG,abbotan01,5.0,2017-06-12,2017
MZG,sorokmi01,5.0,2017-06-13,2017
MZG,,5.0,2017-06-14,2017
MZG,,5.0,2017-06-15,2017
MZG,battepe01,5.0,2017-06-16,2017
MZG,abbotan01,5.0,2017-06-17,2017
MZG,sorokmi01,5.0,2017-06-18,2017
MZG,wingetr01,,2017-06-20,2017
MZG,feldmsc01,6.0,2017-06-21,2017
MZG,battepe01,6.0,2017-06-22,2017
MZG,teperry01,,2017-06-23,2017
MZG,sorokmi01,6.0,2017-06-24,2017
MZG,wingetr01,5.0,2017-06-25,2017
MZG,feldmsc01,5.0,2017-06-26,2017
MZG,battepe01,5.0,2017-06-27,2017
MZG,teperry01,5.0,2017-06-28,2017
MZG,sorokmi01,6.0,2017-06-30,2017
MZG,wingetr01,6.0,2017-07-01,2017
MZG,feldmsc01,6.0,2017-07-02,2017
MZG,battepe01,6.0,2017-07-03,2017
MZG,teperry01,6.0,2017-07-04,2017
MZG,sorokmi01,5.0,2017-07-05,2017
MZG,wingetr01,5.0,2017-07-06,2017
MZG,feldmsc01,5.0,2017-07-07,2017
MZG,battepe01,5.0,2017-07-08,2017
MZG,abbotan01,22.0,2017-07-09,2017
MZG,feldmsc01,7.0,2017-07-14,2017
MZG,battepe01,7.0,2017-07-15,2017
MZG,wingetr01,10.0,2017-07-16,2017
MZG,abbotan01,8.0,2017-07-17,2017
MZG,kaprija01,49.0,2017-07-18,2017
MZG,feldmsc01,5.0,2017-07-19,2017
MZG,battepe01,,2017-07-21,2017
MZG,wingetr01,6.0,2017-07-22,2017
MZG,abbotan01,6.0,2017-07-23,2017
MZG,kaprija01,6.0,2017-07-24,2017
MZG,feldmsc01,6.0,2017-07-25,2017
MZG,battepe01,5.0,2017-07-26,2017
MZG,vargaja01,,2017-07-28,2017
MZG,abbotan01,6.0,2017-07-29,2017
MZG,kaprija01,6.0,2017-07-30,2017
MZG,feldmsc01,6.0,2017-07-31,2017
MZG,battepe01,,2018-03-29,2018
MZG,feldmsc01,,2018-03-30,2018
MZG,kaprija01,,2018-03-31,2018
MZG,sorokmi01,,2018-04-03,2018
MZG,,6.0,2018-04-04,2018
MZG,feldmsc01,6.0,2018-04-05,2018
MZG,,7.0,2018-04-07,2018
MZG,danieda01,,2018-04-08,2018
MZG,sorokmi01,6.0,2018-04-09,2018
MZG,battepe01,6.0,2018-04-10,2018
MZG,feldmsc01,6.0,2018-04-11,2018
MZG,kaprija01,6.0,2018-04-13,2018
MZG,danieda01,6.0,2018-04-14,2018
MZG,sorokmi01,6.0,2018-04-15,2018
MZG,battepe01,6.0,2018-04-16,2018
MZG,feldmsc01,,2018-04-17,2018
MZG,kaprija01,5.0,2018-04-18,2018
MZG,danieda01,5.0,2018-04-19,2018
MZG,sorokmi01,5.0,2018-04-20,2018
MZG,,5.0,2018-04-21,2018
MZG,feldmsc01,5.0,2018-04-22,2018
MZG,kaprija01,6.0,2018-04-24,2018
MZG,danieda01,6.0,2018-04-25,2018
MZG,sorokmi01,6.0,2018-04-26,2018
MZG,battepe01,6.0,2018-04-27,2018
MZG,feldmsc01,6.0,2018-04-28,2018
MZG,kaprija01,5.0,2018-04-29,2018
MZG,danieda01,5.0,2018-04-30,2018
MZG,neideni01,,2018-05-01,2018
MZG,battepe01,5.0,2018-05-02,2018
MZG,feldmsc01,6.0,2018-05-04,2018
MZG,kaprija01,6.0,2018-05-05,2018
MZG,danieda01,6.0,2018-05-06,2018
MZG,neideni01,6.0,2018-05-07,2018
MZG,battepe01,6.0,2018-05-08,2018
MZG,feldmsc01,5.0,2018-05-09,2018
MZG,kaprija01,,2018-05-10,2018
MZG,danieda01,5.0,2018-05-11,2018
MZG,battepe01,5.0,2018-05-13,2018
MZG,feldmsc01,7.0,2018-05-16,2018
MZG,kaprija01,7.0,2018-05-17,2018
MZG,danieda01,7.0,2018-05-18,2018
MZG,,12.0,2018-05-19,2018
MZG,battepe01,7.0,2018-05-20,2018
MZG,feldmsc01,5.0,2018-05-21,2018
MZG,kaprija01,5.0,2018-05-22,2018
MZG,danieda01,5.0,2018-05-23,2018
MZG,neideni01,6.0,2018-05-25,2018
MZG,battepe01,,2018-05-26,2018
MZG,feldmsc01,6.0,2018-05-27,2018
MZG,kaprija01,6.0,2018-05-28,2018
MZG,danieda01,6.0,2018-05-29,2018
MZG,neideni01,5.0,2018-05-30,2018
MZG,battepe01,5.0,2018-05-31,2018
MZG,feldmsc01,5.0,2018-06-01,2018
MZG,kaprija01,5.0,2018-06-02,2018
MZG,danieda01,5.0,2018-06-03,2018
MZG,neideni01,6.0,2018-06-05,2018
MZG,battepe01,6.0,2018-06-06,2018
MZG,feldmsc01,6.0,2018-06-07,2018
MZG,kaprija01,6.0,2018-06-08,2018
MZG,danieda01,6.0,2018-06-09,2018
MZG,neideni01,5.0,2018-06-10,2018
MZG,battepe01,6.0,2018-06-12,2018
MZG,feldmsc01,,2018-06-13,2018
MZG,kaprija01,6.0,2018-06-14,2018
MZG,danieda01,6.0,2018-06-15,2018
MZG,neideni01,6.0,2018-06-16,2018
MZG,battepe01,5.0,2018-06-17,2018
MZG,feldmsc01,5.0,2018-06-18,2018
MZG,kaprija01,5.0,2018-06-19,2018
MZG,danieda01,5.0,2018-06-20,2018
MZG,neideni01,6.0,2018-06-22,2018
MZG,battepe01,6.0,2018-06-23,2018
MZG,feldmsc01,6.0,2018-06-24,2018
MZG,kaprija01,6.0,2018-06-25,2018
MZG,danieda01,6.0,2018-06-26,2018
MZG,neideni01,5.0,2018-06-27,2018
MZG,battepe01,5.0,2018-06-28,2018
MZG,feldmsc01,5.0,2018-06-29,2018
MZG,kaprija01,5.0,2018-06-30,2018
MZG,danieda01,5.0,2018-07-01,2018
MZG,neideni01,6.0,2018-07-03,2018
MZG,,6.0,2018-07-04,2018
MZG,feldmsc01,7.0,2018-07-06,2018
MZG,danieda01,6.0,2018-07-07,2018
MZG,megiltr01,,2018-07-08,2018
MZG,neideni01,6.0,2018-07-09,2018
MZG,,5.0,2018-07-09,2018
MZG,moretda01,,2018-07-10,2018
MZG,kaprija01,11.0,2018-07-11,2018
MZG,feldmsc01,6.0,2018-07-12,2018
MZG,danieda01,6.0,2018-07-13,2018
MZG,battepe01,5.0,2018-07-14,2018
MZG,moretda01,5.0,2018-07-15,2018
MZG,danieda01,7.0,2018-07-20,2018
MZG,kaprija01,11.0,2018-07-22,2018
MZG,feldmsc01,10.0,2018-07-22,2018
MZG,neideni01,14.0,2018-07-23,2018
MZG,battepe01,10.0,2018-07-24,2018
MZG,danieda01,5.0,2018-07-25,2018
MZG,,,2018-07-26,2018
MZG,feldmsc01,5.0,2018-07-27,2018
MZG,kaprija01,6.0,2018-07-28,2018
MZG,neideni01,6.0,2018-07-29,2018
MZG,battepe01,6.0,2018-07-30,2018
MZG,danieda01,6.0,2018-07-31,2018
MZG,battepe01,,2019-03-28,2019
MZG,feldmsc01,,2019-03-30,2019
MZG,danieda01,,2019-03-31,2019
MZG,neideni01,,2019-04-02,2019
MZG,,6.0,2019-04-03,2019
MZG,feldmsc01,6.0,2019-04-05,2019
MZG,danieda01,6.0,2019-04-06,2019
MZG,neideni01,5.0,2019-04-07,2019
MZG,kaprija01,,2019-04-08,2019
MZG,battepe01,6.0,2019-04-09,2019
MZG,feldmsc01,5.0,2019-04-10,2019
MZG,danieda01,6.0,2019-04-12,2019
MZG,neideni01,,2019-04-13,2019
MZG,kaprija01,6.0,2019-04-14,2019
MZG,battepe01,6.0,2019-04-15,2019
MZG,feldmsc01,6.0,2019-04-16,2019
MZG,danieda01,5.0,2019-04-17,2019
MZG,neideni01,5.0,2019-04-18,2019
MZG,kaprija01,5.0,2019-04-19,2019
MZG,battepe01,5.0,2019-04-20,2019
MZG,abbotan01,,2019-04-21,2019
MZG,danieda01,5.0,2019-04-22,2019
MZG,neideni01,5.0,2019-04-23,2019
MZG,kaprija01,5.0,2019-04-24,2019
MZG,battepe01,5.0,2019-04-25,2019
MZG,abbotan01,5.0,2019-04-26,2019
MZG,danieda01,5.0,2019-04-27,2019
MZG,neideni01,5.0,2019-04-28,2019
MZG,kaprija01,6.0,2019-04-30,2019
MZG,,6.0,2019-05-01,2019
MZG,abbotan01,7.0,2019-05-03,2019
MZG,danieda01,7.0,2019-05-04,2019
MZG,neideni01,7.0,2019-05-05,2019
MZG,kaprija01,6.0,2019-05-06,2019
MZG,battepe01,6.0,2019-05-07,2019
MZG,abbotan01,5.0,2019-05-08,2019
MZG,danieda01,6.0,2019-05-10,2019
MZG,neideni01,6.0,2019-05-11,2019
MZG,vargace01,,2019-05-12,2019
MZG,battepe01,6.0,2019-05-13,2019
MZG,abbotan01,6.0,2019-05-14,2019
MZG,danieda01,5.0,2019-05-15,2019
MZG,neideni01,5.0,2019-05-16,2019
MZG,vargace01,5.0,2019-05-17,2019
MZG,battepe01,5.0,2019-05-18,2019
MZG,abbotan01,5.0,2019-05-19,2019
MZG,danieda01,5.0,2019-05-20,2019
MZG,neideni01,5.0,2019-05-21,2019
MZG,vargace01,5.0,2019-05-22,2019
MZG,battepe01,5.0,2019-05-23,2019
MZG,abbotan01,5.0,2019-05-24,2019
MZG,danieda01,5.0,2019-05-25,2019
MZG,neideni01,,2019-05-26,2019
MZG,feldmsc01,42.0,2019-05-28,2019
MZG,battepe01,6.0,2019-05-29,2019
MZG,abbotan01,6.0,2019-05-30,2019
MZG,danieda01,6.0,2019-05-31,2019
MZG,mortoch02,,2019-06-01,2019
MZG,,5.0,2019-06-02,2019
MZG,battepe01,5.0,2019-06-03,2019
MZG,abbotan01,5.0,2019-06-04,2019
MZG,danieda01,5.0,2019-06-05,2019
MZG,neideni01,12.0,2019-06-07,2019
MZG,feldmsc01,6.0,2019-06-08,2019
MZG,battepe01,6.0,2019-06-09,2019
MZG,abbotan01,,2019-06-10,2019
MZG,danieda01,6.0,2019-06-11,2019
MZG,neideni01,5.0,2019-06-12,2019
MZG,feldmsc01,6.0,2019-06-14,2019
MZG,battepe01,6.0,2019-06-15,2019
MZG,kaprija01,41.0,2019-06-16,2019
MZG,danieda01,8.0,2019-06-19,2019
MZG,neideni01,7.0,2019-06-19,2019
MZG,,6.0,2019-06-20,2019
MZG,battepe01,6.0,2019-06-21,2019
MZG,kaprija01,6.0,2019-06-22,2019
MZG,moretda01,,2019-06-23,2019
MZG,neideni01,5.0,2019-06-24,2019
MZG,danieda01,6.0,2019-06-25,2019
MZG,feldmsc01,6.0,2019-06-26,2019
MZG,battepe01,6.0,2019-06-27,2019
MZG,kaprija01,6.0,2019-06-28,2019
MZG,neideni01,5.0,2019-06-29,2019
MZG,danieda01,5.0,2019-06-30,2019
MZG,battepe01,5.0,2019-07-02,2019
MZG,,7.0,2019-07-03,2019
MZG,,5.0,2019-07-04,2019
MZG,kaprija01,7.0,2019-07-05,2019
MZG,danieda01,6.0,2019-07-06,2019
MZG,battepe01,5.0,2019-07-07,2019
MZG,feldmsc01,9.0,2019-07-12,2019
MZG,battepe01,6.0,2019-07-13,2019
MZG,danieda01,8.0,2019-07-14,2019
MZG,neideni01,11.0,2019-07-15,2019
MZG,kaprija01,11.0,2019-07-16,2019
MZG,feldmsc01,5.0,2019-07-17,2019
MZG,battepe01,5.0,2019-07-18,2019
MZG,,5.0,2019-07-19,2019
MZG,neideni01,5.0,2019-07-20,2019
MZG,wilsost02,42.0,2019-07-21,2019
MZG,battepe01,5.0,2019-07-23,2019
MZG,kaprija01,,2019-07-24,2019
MZG,danieda01,7.0,2019-07-26,2019
MZG,neideni01,,2019-07-27,2019
MZG,battepe01,5.0,2019-07-28,2019
MZG,wilsost02,9.0,2019-07-30,2019
MZG,kaprija01,7.0,2019-07-31,2019
MZG,battepe01,,2021-04-01,2021
MZG,wainwad01,,2021-04-03,2021
MZG,neideni01,,2021-04-04,2021
MZG,garzaju01,,2021-04-05,2021
MZG,brighje01,,2021-04-06,2021
MZG,battepe01,6.0,2021-04-07,2021
MZG,wainwad01,6.0,2021-04-09,2021
MZG,neideni01,6.0,2021-04-10,2021
MZG,garzaju01,6.0,2021-04-11,2021
MZG,battepe01,6.0,2021-04-13,2021
MZG,brighje01,7.0,2021-04-13,2021
MZG,wainwad01,5.0,2021-04-14,2021
MZG,neideni01,6.0,2021-04-16,2021
MZG,garzaju01,6.0,2021-04-17,2021
MZG,battepe01,5.0,2021-04-18,2021
MZG,brighje01,6.0,2021-04-19,2021
MZG,wainwad01,6.0,2021-04-20,2021
MZG,neideni01,5.0,2021-04-21,2021
MZG,kaprija01,,2021-04-23,2021
MZG,battepe01,6.0,2021-04-24,2021
MZG,brighje01,6.0,2021-04-25,2021
MZG,wainwad01,6.0,2021-04-26,2021
MZG,neideni01,6.0,2021-04-27,2021
MZG,kaprija01,5.0,2021-04-28,2021
MZG,battepe01,5.0,2021-04-29,2021
MZG,brighje01,5.0,2021-04-30,2021
MZG,wainwad01,5.0,2021-05-01,2021
MZG,neideni01,5.0,2021-05-02,2021
MZG,kaprija01,5.0,2021-05-03,2021
MZG,battepe01,5.0,2021-05-04,2021
MZG,,5.0,2021-05-05,2021
MZG,wainwad01,5.0,2021-05-06,2021
MZG,neideni01,5.0,2021-05-07,2021
MZG,kaprija01,5.0,2021-05-08,2021
MZG,battepe01,5.0,2021-05-09,2021
MZG,,6.0,2021-05-11,2021
MZG,wainwad01,6.0,2021-05-12,2021
MZG,neideni01,6.0,2021-05-13,2021
MZG,kaprija01,6.0,2021-05-14,2021
MZG,battepe01,6.0,2021-05-15,2021
MZG,brighje01,5.0,2021-05-16,2021
MZG,wainwad01,6.0,2021-05-18,2021
MZG,neideni01,6.0,2021-05-19,2021
MZG,coleta01,,2021-05-20,2021
MZG,battepe01,6.0,2021-05-21,2021
MZG,fiersmi01,,2021-05-22,2021
MZG,wainwad01,,2021-05-23,2021
MZG,neideni01,5.0,2021-05-24,2021
MZG,kaprija01,11.0,2021-05-25,2021
MZG,battepe01,5.0,2021-05-26,2021
MZG,fiersmi01,5.0,2021-05-27,2021
MZG,wainwad01,6.0,2021-05-29,2021
MZG,neideni01,6.0,2021-05-30,2021
MZG,kaprija01,6.0,2021-05-31,2021
MZG,battepe01,6.0,2021-06-01,2021
MZG,wainwad01,6.0,2021-06-04,2021
MZG,,9.0,2021-06-05,2021
MZG,,6.0,2021-06-06,2021
MZG,battepe01,7.0,2021-06-08,2021
MZG,neideni01,10.0,2021-06-09,2021
MZG,wainwad01,6.0,2021-06-10,2021
MZG,kaprija01,6.0,2021-06-12,2021
MZG,battepe01,5.0,2021-06-13,2021
MZG,fiersmi01,9.0,2021-06-14,2021
MZG,neideni01,6.0,2021-06-15,2021
MZG,wainwad01,6.0,2021-06-16,2021
MZG,kaprija01,6.0,2021-06-18,2021
MZG,battepe01,6.0,2021-06-19,2021
MZG,neideni01,5.0,2021-06-20,2021
MZG,wainwad01,6.0,2021-06-22,2021
MZG,kaprija01,,2021-06-23,2021
MZG,garzaju01,69.0,2021-06-25,2021
MZG,battepe01,6.0,2021-06-25,2021
MZG,neideni01,6.0,2021-06-26,2021
MZG,wainwad01,5.0,2021-06-27,2021
MZG,fiersmi01,14.0,2021-06-28,2021
MZG,kaprija01,6.0,2021-06-29,2021
MZG,battepe01,5.0,2021-06-30,2021
MZG,wainwad01,5.0,2021-07-02,2021
MZG,neideni01,7.0,2021-07-03,2021
MZG,kaprija01,5.0,2021-07-04,2021
MZG,garzaju01,10.0,2021-07-05,2021
MZG,battepe01,6.0,2021-07-06,2021
MZG,wainwad01,5.0,2021-07-07,2021
MZG,neideni01,5.0,2021-07-08,2021
MZG,kaprija01,5.0,2021-07-09,2021
MZG,garzaju01,5.0,2021-07-10,2021
MZG,maedake01,,2021-07-11,2021
MZG,garzaju01,6.0,2021-07-16,2021
MZG,neideni01,8.0,2021-07-16,2021
MZG,kaprija01,8.0,2021-07-17,2021
MZG,wainwad01,11.0,2021-07-18,2021
MZG,battepe01,14.0,2021-07-20,2021
MZG,fiersmi01,,2021-07-21,2021
MZG,garzaju01,6.0,2021-07-22,2021
MZG,wainwad01,5.0,2021-07-23,2021
MZG,kaprija01,7.0,2021-07-24,2021
MZG,battepe01,5.0,2021-07-25,2021
MZG,fiersmi01,5.0,2021-07-26,2021
MZG,garzaju01,5.0,2021-07-27,2021
MZG,wainwad01,6.0,2021-07-29,2021
MZG,palumjo01,,2021-07-29,2021
MZG,kaprija01,6.0,2021-07-30,2021
MZG,battepe01,6.0,2021-07-31,2021
MZG,battepe01,,2022-04-08,2022
MZG,rucindr01,,2022-04-09,2022
MZG,neideni01,,2022-04-10,2022
MZG,claseem01,,2022-04-11,2022
MZG,wainwad01,,2022-04-12,2022
MZG,battepe01,5.0,2022-04-13,2022
MZG,rucindr01,5.0,2022-04-14,2022
MZG,neideni01,5.0,2022-04-15,2022
MZG,claseem01,5.0,2022-04-16,2022
MZG,wainwad01,5.0,2022-04-17,2022
MZG,battepe01,5.0,2022-04-18,2022
MZG,rucindr01,5.0,2022-04-19,2022
MZG,neideni01,5.0,2022-04-20,2022
MZG,claseem01,6.0,2022-04-22,2022
MZG,wainwad01,6.0,2022-04-23,2022
MZG,battepe01,,2022-04-24,2022
MZG,rucindr01,6.0,2022-04-25,2022
MZG,neideni01,6.0,2022-04-26,2022
MZG,claseem01,5.0,2022-04-27,2022
MZG,wainwad01,5.0,2022-04-28,2022
MZG,battepe01,5.0,2022-04-29,2022
MZG,rucindr01,5.0,2022-04-30,2022
MZG,neideni01,5.0,2022-05-01,2022
MZG,claseem01,6.0,2022-05-03,2022
MZG,wainwad01,6.0,2022-05-04,2022
MZG,battepe01,6.0,2022-05-05,2022
MZG,rucindr01,8.0,2022-05-08,2022
MZG,palumjo01,,2022-05-08,2022
MZG,claseem01,6.0,2022-05-09,2022
MZG,battepe01,5.0,2022-05-10,2022
MZG,anderdr02,,2022-05-11,2022
MZG,wainwad01,8.0,2022-05-12,2022
MZG,rucindr01,,2022-05-13,2022
MZG,claseem01,5.0,2022-05-14,2022
MZG,battepe01,5.0,2022-05-15,2022
MZG,neideni01,16.0,2022-05-17,2022
MZG,wainwad01,,2022-05-18,2022
MZG,rucindr01,6.0,2022-05-19,2022
MZG,claseem01,6.0,2022-05-20,2022
MZG,battepe01,6.0,2022-05-21,2022
MZG,neideni01,5.0,2022-05-22,2022
MZG,wainwad01,5.0,2022-05-23,2022
MZG,rucindr01,5.0,2022-05-24,2022
MZG,claseem01,5.0,2022-05-25,2022
MZG,battepe01,5.0,2022-05-26,2022
MZG,anderdr02,16.0,2022-05-27,2022
MZG,neideni01,6.0,2022-05-28,2022
MZG,wainwad01,6.0,2022-05-29,2022
MZG,rucindr01,6.0,2022-05-30,2022
MZG,,6.0,2022-05-31,2022
MZG,battepe01,6.0,2022-06-01,2022
MZG,neideni01,6.0,2022-06-03,2022
MZG,wainwad01,6.0,2022-06-04,2022
MZG,rucindr01,6.0,2022-06-05,2022
MZG,claseem01,7.0,2022-06-07,2022
MZG,battepe01,7.0,2022-06-08,2022
MZG,neideni01,6.0,2022-06-09,2022
MZG,rucindr01,5.0,2022-06-10,2022
MZG,wainwad01,7.0,2022-06-11,2022
MZG,claseem01,5.0,2022-06-12,2022
MZG,battepe01,5.0,2022-06-13,2022
MZG,neideni01,5.0,2022-06-14,2022
MZG,rucindr01,5.0,2022-06-15,2022
MZG,,5.0,2022-06-16,2022
MZG,claseem01,5.0,2022-06-17,2022
MZG,anderdr02,21.0,2022-06-17,2022
MZG,battepe01,5.0,2022-06-18,2022
MZG,neideni01,5.0,2022-06-19,2022
MZG,rucindr01,6.0,2022-06-21,2022
MZG,wainwad01,6.0,2022-06-22,2022
MZG,claseem01,6.0,2022-06-23,2022
MZG,battepe01,6.0,2022-06-24,2022
MZG,neideni01,6.0,2022-06-25,2022
MZG,,,2022-06-26,2022
MZG,wainwad01,6.0,2022-06-28,2022
MZG,claseem01,6.0,2022-06-29,2022
MZG,,6.0,2022-06-30,2022
MZG,anderdr02,14.0,2022-07-01,2022
MZG,rucindr01,6.0,2022-07-02,2022
MZG,wainwad01,5.0,2022-07-03,2022
MZG,palumjo01,58.0,2022-07-05,2022
MZG,battepe01,6.0,2022-07-06,2022
MZG,anderdr02,,2022-07-07,2022
MZG,wainwad01,5.0,2022-07-08,2022
MZG,rucindr01,7.0,2022-07-09,2022
MZG,weberry01,,2022-07-10,2022
MZG,battepe01,5.0,2022-07-11,2022
MZG,bassan01,,2022-07-12,2022
MZG,wainwad01,5.0,2022-07-13,2022
MZG,rucindr01,6.0,2022-07-15,2022
MZG,claseem01,17.0,2022-07-16,2022
MZG,battepe01,6.0,2022-07-17,2022
MZG,rucindr01,7.0,2022-07-22,2022
MZG,wainwad01,10.0,2022-07-23,2022
MZG,,17.0,2022-07-24,2022
MZG,claseem01,9.0,2022-07-25,2022
MZG,battepe01,9.0,2022-07-26,2022
MZG,rucindr01,5.0,2022-07-27,2022
MZG,wainwad01,5.0,2022-07-28,2022
MZG,anderdr02,5.0,2022-07-29,2022
MZG,claseem01,,2022-07-30,2022
MZG,battepe01,5.0,2022-07-31,2022
MZG,battepe01,,2023-03-30,2023
MZG,wainwad01,,2023-04-01,2023
MZG,anderdr02,,2023-04-02,2023
MZG,wrighda04,,2023-04-03,2023
MZG,brasiry01,,2023-04-04,2023
MZG,battepe01,6.0,2023-04-05,2023
MZG,wainwad01,6.0,2023-04-07,2023
MZG,anderdr02,,2023-04-08,2023
MZG,wrighda04,6.0,2023-04-09,2023
MZG,brasiry01,6.0,2023-04-10,2023
MZG,,6.0,2023-04-11,2023
MZG,,5.0,2023-04-12,2023
MZG,anderdr02,5.0,2023-04-13,2023
MZG,wrighda04,5.0,2023-04-14,2023
MZG,brasiry01,5.0,2023-04-15,2023
MZG,battepe01,5.0,2023-04-16,2023
MZG,anderdr02,5.0,2023-04-18,2023
MZG,wainwad01,6.0,2023-04-18,2023
MZG,wrighda04,5.0,2023-04-19,2023
MZG,brasiry01,5.0,2023-04-20,2023
MZG,battepe01,5.0,2023-04-21,2023
MZG,palumjo01,,2023-04-22,2023
MZG,wainwad01,5.0,2023-04-23,2023
MZG,anderdr02,7.0,2023-04-25,2023
MZG,wrighda04,7.0,2023-04-26,2023
MZG,brasiry01,7.0,2023-04-27,2023
MZG,battepe01,7.0,2023-04-28,2023
MZG,wainwad01,6.0,2023-04-29,2023
MZG,anderdr02,,2023-04-30,2023
MZG,wrighda04,5.0,2023-05-01,2023
MZG,brasiry01,5.0,2023-05-02,2023
MZG,battepe01,5.0,2023-05-03,2023
MZG,wainwad01,6.0,2023-05-05,2023
MZG,anderdr02,6.0,2023-05-06,2023
MZG,wrighda04,6.0,2023-05-07,2023
MZG,battepe01,,2023-05-09,2023
MZG,wainwad01,5.0,2023-05-10,2023
MZG,wrighda04,5.0,2023-05-12,2023
MZG,claseem01,,2023-05-13,2023
MZG,battepe01,5.0,2023-05-14,2023
MZG,miranar01,,2023-05-15,2023
MZG,wainwad01,6.0,2023-05-16,2023
MZG,wrighda04,5.0,2023-05-17,2023
MZG,claseem01,6.0,2023-05-19,2023
MZG,,6.0,2023-05-20,2023
MZG,wrighda04,4.0,2023-05-21,2023
MZG,wainwad01,6.0,2023-05-22,2023
MZG,brasiry01,21.0,2023-05-23,2023
MZG,claseem01,5.0,2023-05-24,2023
MZG,battepe01,5.0,2023-05-25,2023
MZG,wrighda04,5.0,2023-05-26,2023
MZG,wainwad01,5.0,2023-05-27,2023
MZG,sprinje01,,2023-05-28,2023
MZG,claseem01,6.0,2023-05-30,2023
MZG,battepe01,,2023-05-31,2023
MZG,wrighda04,6.0,2023-06-01,2023
MZG,wainwad01,6.0,2023-06-02,2023
MZG,brasiry01,11.0,2023-06-03,2023
MZG,claseem01,5.0,2023-06-04,2023
MZG,battepe01,5.0,2023-06-05,2023
MZG,,5.0,2023-06-06,2023
MZG,wainwad01,6.0,2023-06-08,2023
MZG,claseem01,5.0,2023-06-09,2023
MZG,battepe01,5.0,2023-06-10,2023
MZG,wrighda04,5.0,2023-06-11,2023
MZG,brasiry01,9.0,2023-06-12,2023
MZG,wainwad01,5.0,2023-06-13,2023
MZG,claseem01,5.0,2023-06-14,2023
MZG,battepe01,5.0,2023-06-15,2023
MZG,wrighda04,5.0,2023-06-16,2023
MZG,palumjo01,56.0,2023-06-17,2023
MZG,wainwad01,5.0,2023-06-18,2023
MZG,claseem01,6.0,2023-06-20,2023
MZG,battepe01,7.0,2023-06-22,2023
MZG,wrighda04,7.0,2023-06-23,2023
MZG,palumjo01,7.0,2023-06-24,2023
MZG,wainwad01,7.0,2023-06-25,2023
MZG,claseem01,7.0,2023-06-27,2023
MZG,battepe01,6.0,2023-06-28,2023
MZG,wrighda04,6.0,2023-06-29,2023
MZG,palumjo01,6.0,2023-06-30,2023
MZG,wainwad01,6.0,2023-07-01,2023
MZG,claseem01,5.0,2023-07-02,2023
MZG,battepe01,6.0,2023-07-04,2023
MZG,wrighda04,6.0,2023-07-05,2023
MZG,palumjo01,6.0,2023-07-06,2023
MZG,wainwad01,6.0,2023-07-07,2023
MZG,,6.0,2023-07-08,2023
MZG,battepe01,5.0,2023-07-09,2023
MZG,palumjo01,8.0,2023-07-14,2023
MZG,claseem01,7.0,2023-07-15,2023
MZG,wrighda04,10.0,2023-07-15,2023
MZG,wainwad01,9.0,2023-07-16,2023
MZG,battepe01,9.0,2023-07-18,2023
MZG,palumjo01,5.0,2023-07-19,2023
MZG,wrighda04,5.0,2023-07-20,2023
MZG,claseem01,6.0,2023-07-21,2023
MZG,wainwad01,6.0,2023-07-22,2023
MZG,battepe01,5.0,2023-07-23,2023
MZG,palumjo01,5.0,2023-07-24,2023
MZG,wrighda04,5.0,2023-07-25,2023
MZG,claseem01,5.0,2023-07-26,2023
MZG,wainwad01,6.0,2023-07-28,2023
MZG,battepe01,6.0,2023-07-29,2023
MZG,palumjo01,6.0,2023-07-30,2023
MZG,wrighda04,6.0,2023-07-31,2023
PDF,scottch01,,2016-04-04,2016
PDF,duffety01,,2016-04-06,2016
PDF,povicca01,,2016-04-08,2016
PDF,scottch01,5.0,2016-04-09,2016
PDF,,,2016-04-10,2016
PDF,duffety01,5.0,2016-04-11,2016
PDF,schulja02,,2016-04-12,2016
PDF,povicca01,5.0,2016-04-13,2016
PDF,scottch01,5.0,2016-04-14,2016
PDF,rockeku01,5.0,2016-04-15,2016
PDF,duffety01,5.0,2016-04-16,2016
PDF,schulja02,5.0,2016-04-17,2016
PDF,rockeku01,4.0,2016-04-19,2016
PDF,scottch01,6.0,2016-04-20,2016
PDF,povicca01,8.0,2016-04-21,2016
PDF,duffety01,6.0,2016-04-22,2016
PDF,schulja02,6.0,2016-04-23,2016
PDF,bowmama01,,2016-04-24,2016
PDF,scottch01,5.0,2016-04-25,2016
PDF,povicca01,5.0,2016-04-26,2016
PDF,duffety01,5.0,2016-04-27,2016
PDF,schulja02,5.0,2016-04-28,2016
PDF,bowmama01,5.0,2016-04-29,2016
PDF,scottch01,6.0,2016-05-01,2016
PDF,garream01,,2016-05-02,2016
PDF,povicca01,7.0,2016-05-03,2016
PDF,schulja02,6.0,2016-05-04,2016
PDF,bowmama01,7.0,2016-05-06,2016
PDF,scottch01,6.0,2016-05-07,2016
PDF,garream01,6.0,2016-05-08,2016
PDF,povicca01,7.0,2016-05-10,2016
PDF,rockeku01,22.0,2016-05-11,2016
PDF,bowmama01,6.0,2016-05-12,2016
PDF,scottch01,6.0,2016-05-13,2016
PDF,,6.0,2016-05-14,2016
PDF,povicca01,5.0,2016-05-15,2016
PDF,rockeku01,5.0,2016-05-16,2016
PDF,bowmama01,5.0,2016-05-17,2016
PDF,scottch01,5.0,2016-05-18,2016
PDF,garream01,5.0,2016-05-19,2016
PDF,povicca01,5.0,2016-05-20,2016
PDF,rockeku01,5.0,2016-05-21,2016
PDF,holtoty01,,2016-05-22,2016
PDF,scottch01,6.0,2016-05-24,2016
PDF,garream01,6.0,2016-05-25,2016
PDF,povicca01,6.0,2016-05-26,2016
PDF,rockeku01,6.0,2016-05-27,2016
PDF,bowmama01,11.0,2016-05-28,2016
PDF,scottch01,5.0,2016-05-29,2016
PDF,garream01,5.0,2016-05-30,2016
PDF,povicca01,5.0,2016-05-31,2016
PDF,rockeku01,5.0,2016-06-01,2016
PDF,bowmama01,5.0,2016-06-02,2016
PDF,scottch01,5.0,2016-06-03,2016
PDF,duffety01,38.0,2016-06-04,2016
PDF,povicca01,5.0,2016-06-05,2016
PDF,rockeku01,5.0,2016-06-06,2016
PDF,bowmama01,5.0,2016-06-07,2016
PDF,scottch01,5.0,2016-06-08,2016
PDF,duffety01,6.0,2016-06-10,2016
PDF,povicca01,6.0,2016-06-11,2016
PDF,jimenub01,,2016-06-12,2016
PDF,bowmama01,6.0,2016-06-13,2016
PDF,scottch01,6.0,2016-06-14,2016
PDF,duffety01,5.0,2016-06-15,2016
PDF,povicca01,5.0,2016-06-16,2016
PDF,jimenub01,5.0,2016-06-17,2016
PDF,bowmama01,5.0,2016-06-18,2016
PDF,scottch01,5.0,2016-06-19,2016
PDF,duffety01,,2016-06-21,2016
PDF,jimenub01,5.0,2016-06-22,2016
PDF,povicca01,7.0,2016-06-23,2016
PDF,bowmama01,,2016-06-24,2016
PDF,scottch01,6.0,2016-06-25,2016
PDF,duffety01,5.0,2016-06-26,2016
PDF,jimenub01,5.0,2016-06-27,2016
PDF,povicca01,5.0,2016-06-28,2016
PDF,thorpdr01,,2016-06-29,2016
PDF,garream01,31.0,2016-06-30,2016
PDF,scottch01,6.0,2016-07-01,2016
PDF,pilkiko01,,2016-07-02,2016
PDF,povicca01,5.0,2016-07-03,2016
PDF,thorpdr01,5.0,2016-07-04,2016
PDF,garream01,5.0,2016-07-05,2016
PDF,gonzami03,,2016-07-06,2016
PDF,pilkiko01,5.0,2016-07-07,2016
PDF,povicca01,5.0,2016-07-08,2016
PDF,scottch01,8.0,2016-07-09,2016
PDF,garream01,5.0,2016-07-10,2016
PDF,pilkiko01,8.0,2016-07-15,2016
PDF,garream01,6.0,2016-07-16,2016
PDF,scottch01,8.0,2016-07-17,2016
PDF,povicca01,10.0,2016-07-18,2016
PDF,gonzami03,13.0,2016-07-19,2016
PDF,pilkiko01,5.0,2016-07-20,2016
PDF,garream01,5.0,2016-07-21,2016
PDF,scottch01,5.0,2016-07-22,2016
PDF,povicca01,5.0,2016-07-23,2016
PDF,gonzami03,5.0,2016-07-24,2016
PDF,pilkiko01,6.0,2016-07-26,2016
PDF,garream01,6.0,2016-07-27,2016
PDF,povicca01,5.0,2016-07-28,2016
PDF,,5.0,2016-07-29,2016
PDF,scottch01,8.0,2016-07-30,2016
PDF,thorpdr01,27.0,2016-07-31,2016
PDF,scottch01,,2017-04-03,2017
PDF,alexaty01,,2017-04-05,2017
PDF,richaly01,,2017-04-06,2017
PDF,garream01,,2017-04-07,2017
PDF,gsellro01,,2017-04-08,2017
PDF,scottch01,6.0,2017-04-09,2017
PDF,alexaty01,6.0,2017-04-11,2017
PDF,,6.0,2017-04-12,2017
PDF,scottch01,5.0,2017-04-14,2017
PDF,gsellro01,7.0,2017-04-15,2017
PDF,alexaty01,5.0,2017-04-16,2017
PDF,richaly01,5.0,2017-04-17,2017
PDF,garream01,11.0,2017-04-18,2017
PDF,scottch01,5.0,2017-04-19,2017
PDF,gsellro01,5.0,2017-04-20,2017
PDF,alexaty01,5.0,2017-04-21,2017
PDF,richaly01,5.0,2017-04-22,2017
PDF,garream01,5.0,2017-04-23,2017
PDF,scottch01,7.0,2017-04-26,2017
PDF,,7.0,2017-04-27,2017
PDF,alexaty01,7.0,2017-04-28,2017
PDF,richaly01,7.0,2017-04-29,2017
PDF,garream01,7.0,2017-04-30,2017
PDF,scottch01,5.0,2017-05-01,2017
PDF,gsellro01,5.0,2017-05-02,2017
PDF,alexaty01,5.0,2017-05-03,2017
PDF,garream01,5.0,2017-05-05,2017
PDF,scottch01,5.0,2017-05-06,2017
PDF,gsellro01,5.0,2017-05-07,2017
PDF,alexaty01,6.0,2017-05-09,2017
PDF,richaly01,11.0,2017-05-10,2017
PDF,garream01,7.0,2017-05-12,2017
PDF,scottch01,7.0,2017-05-13,2017
PDF,gsellro01,7.0,2017-05-14,2017
PDF,,6.0,2017-05-15,2017
PDF,richaly01,6.0,2017-05-16,2017
PDF,garream01,5.0,2017-05-17,2017
PDF,,5.0,2017-05-18,2017
PDF,gsellro01,5.0,2017-05-19,2017
PDF,,5.0,2017-05-20,2017
PDF,richaly01,5.0,2017-05-21,2017
PDF,garream01,5.0,2017-05-22,2017
PDF,gsellro01,4.0,2017-05-23,2017
PDF,scottch01,6.0,2017-05-24,2017
PDF,,,2017-05-25,2017
PDF,richaly01,5.0,2017-05-26,2017
PDF,garream01,5.0,2017-05-27,2017
PDF,gsellro01,5.0,2017-05-28,2017
PDF,scottch01,5.0,2017-05-29,2017
PDF,alexaty01,5.0,2017-05-30,2017
PDF,richaly01,,2017-05-31,2017
PDF,garream01,6.0,2017-06-02,2017
PDF,gsellro01,6.0,2017-06-03,2017
PDF,scottch01,6.0,2017-06-04,2017
PDF,alexaty01,6.0,2017-06-05,2017
PDF,richaly01,6.0,2017-06-06,2017
PDF,garream01,5.0,2017-06-07,2017
PDF,gsellro01,5.0,2017-06-08,2017
PDF,scottch01,5.0,2017-06-09,2017
PDF,povicca01,,2017-06-10,2017
PDF,yarbrry01,,2017-06-10,2017
PDF,richaly01,5.0,2017-06-11,2017
PDF,garream01,5.0,2017-06-12,2017
PDF,,5.0,2017-06-13,2017
PDF,scottch01,5.0,2017-06-14,2017
PDF,yarbrry01,6.0,2017-06-16,2017
PDF,richaly01,6.0,2017-06-17,2017
PDF,garream01,6.0,2017-06-18,2017
PDF,gsellro01,6.0,2017-06-19,2017
PDF,scottch01,6.0,2017-06-20,2017
PDF,yarbrry01,5.0,2017-06-21,2017
PDF,richaly01,5.0,2017-06-22,2017
PDF,,5.0,2017-06-23,2017
PDF,gsellro01,5.0,2017-06-24,2017
PDF,scottch01,5.0,2017-06-25,2017
PDF,yarbrry01,6.0,2017-06-27,2017
PDF,alexaty01,23.0,2017-06-28,2017
PDF,richaly01,7.0,2017-06-29,2017
PDF,garream01,7.0,2017-06-30,2017
PDF,gsellro01,7.0,2017-07-01,2017
PDF,scottch01,7.0,2017-07-02,2017
PDF,yarbrry01,7.0,2017-07-04,2017
PDF,richaly01,6.0,2017-07-05,2017
PDF,garream01,6.0,2017-07-06,2017
PDF,gsellro01,6.0,2017-07-07,2017
PDF,scottch01,6.0,2017-07-08,2017
PDF,,5.0,2017-07-09,2017
PDF,gsellro01,,2017-07-14,2017
PDF,garream01,9.0,2017-07-15,2017
PDF,richaly01,,2017-07-16,2017
PDF,scottch01,9.0,2017-07-17,2017
PDF,yarbrry01,9.0,2017-07-18,2017
PDF,gsellro01,,2017-07-19,2017
PDF,garream01,5.0,2017-07-20,2017
PDF,richaly01,5.0,2017-07-21,2017
PDF,scottch01,5.0,2017-07-22,2017
PDF,yarbrry01,5.0,2017-07-23,2017
PDF,gsellro01,5.0,2017-07-24,2017
PDF,garream01,5.0,2017-07-25,2017
PDF,bowmama01,,2017-07-26,2017
PDF,scottch01,6.0,2017-07-28,2017
PDF,yarbrry01,6.0,2017-07-29,2017
PDF,gsellro01,6.0,2017-07-30,2017
PDF,garream01,6.0,2017-07-31,2017
PDF,scottch01,,2018-03-29,2018
PDF,garream01,,2018-03-30,2018
PDF,wagueja01,,2018-03-31,2018
PDF,yarbrry01,,2018-04-02,2018
PDF,scottch01,5.0,2018-04-03,2018
PDF,garream01,5.0,2018-04-04,2018
PDF,wagueja01,6.0,2018-04-06,2018
PDF,nunezda01,,2018-04-07,2018
PDF,yarbrry01,6.0,2018-04-08,2018
PDF,scottch01,6.0,2018-04-09,2018
PDF,garream01,6.0,2018-04-10,2018
PDF,wagueja01,5.0,2018-04-11,2018
PDF,nunezda01,6.0,2018-04-13,2018
PDF,yarbrry01,6.0,2018-04-14,2018
PDF,scottch01,,2018-04-16,2018
PDF,garream01,7.0,2018-04-17,2018
PDF,wagueja01,7.0,2018-04-18,2018
PDF,povicca01,,2018-04-19,2018
PDF,yarbrry01,6.0,2018-04-20,2018
PDF,scottch01,5.0,2018-04-21,2018
PDF,garream01,6.0,2018-04-23,2018
PDF,wagueja01,,2018-04-24,2018
PDF,povicca01,6.0,2018-04-25,2018
PDF,yarbrry01,6.0,2018-04-26,2018
PDF,scottch01,6.0,2018-04-27,2018
PDF,garream01,5.0,2018-04-28,2018
PDF,wagueja01,5.0,2018-04-29,2018
PDF,dodddy01,,2018-05-01,2018
PDF,yarbrry01,6.0,2018-05-02,2018
PDF,scottch01,6.0,2018-05-03,2018
PDF,garream01,6.0,2018-05-04,2018
PDF,wagueja01,6.0,2018-05-05,2018
PDF,dodddy01,5.0,2018-05-06,2018
PDF,yarbrry01,6.0,2018-05-08,2018
PDF,scottch01,6.0,2018-05-09,2018
PDF,garream01,6.0,2018-05-10,2018
PDF,wagueja01,6.0,2018-05-11,2018
PDF,dodddy01,6.0,2018-05-12,2018
PDF,yarbrry01,5.0,2018-05-13,2018
PDF,scottch01,5.0,2018-05-14,2018
PDF,garream01,5.0,2018-05-15,2018
PDF,wagueja01,5.0,2018-05-16,2018
PDF,povicca01,23.0,2018-05-18,2018
PDF,yarbrry01,6.0,2018-05-19,2018
PDF,scottch01,6.0,2018-05-20,2018
PDF,garream01,6.0,2018-05-21,2018
PDF,wagueja01,6.0,2018-05-22,2018
PDF,molinan01,,2018-05-23,2018
PDF,scottch01,5.0,2018-05-25,2018
PDF,yarbrry01,7.0,2018-05-26,2018
PDF,garream01,6.0,2018-05-27,2018
PDF,wagueja01,6.0,2018-05-28,2018
PDF,cruzfe01,,2018-05-28,2018
PDF,nunezda01,46.0,2018-05-29,2018
PDF,scottch01,5.0,2018-05-30,2018
PDF,yarbrry01,5.0,2018-05-31,2018
PDF,garream01,5.0,2018-06-01,2018
PDF,wagueja01,5.0,2018-06-02,2018
PDF,nunezda01,5.0,2018-06-03,2018
PDF,scottch01,5.0,2018-06-04,2018
PDF,yarbrry01,5.0,2018-06-05,2018
PDF,garream01,5.0,2018-06-06,2018
PDF,wagueja01,6.0,2018-06-08,2018
PDF,nunezda01,6.0,2018-06-09,2018
PDF,yarbrry01,5.0,2018-06-10,2018
PDF,garream01,6.0,2018-06-12,2018
PDF,dodddy01,32.0,2018-06-13,2018
PDF,nunezda01,5.0,2018-06-14,2018
PDF,,7.0,2018-06-15,2018
PDF,yarbrry01,6.0,2018-06-16,2018
PDF,scottch01,13.0,2018-06-17,2018
PDF,dodddy01,6.0,2018-06-19,2018
PDF,nunezda01,6.0,2018-06-20,2018
PDF,yarbrry01,6.0,2018-06-22,2018
PDF,scottch01,6.0,2018-06-23,2018
PDF,wagueja01,9.0,2018-06-24,2018
PDF,garream01,13.0,2018-06-25,2018
PDF,nunezda01,6.0,2018-06-26,2018
PDF,yarbrry01,5.0,2018-06-27,2018
PDF,scottch01,6.0,2018-06-29,2018
PDF,cruzfe01,33.0,2018-06-30,2018
PDF,garream01,6.0,2018-07-01,2018
PDF,nunezda01,6.0,2018-07-02,2018
PDF,yarbrry01,6.0,2018-07-03,2018
PDF,scottch01,5.0,2018-07-04,2018
PDF,cruzfe01,5.0,2018-07-05,2018
PDF,garream01,5.0,2018-07-06,2018
PDF,nunezda01,5.0,2018-07-07,2018
PDF,yarbrry01,5.0,2018-07-08,2018
PDF,scottch01,6.0,2018-07-10,2018
PDF,garream01,5.0,2018-07-11,2018
PDF,nunezda01,6.0,2018-07-13,2018
PDF,yarbrry01,6.0,2018-07-14,2018
PDF,scottch01,5.0,2018-07-15,2018
PDF,nunezda01,7.0,2018-07-20,2018
PDF,,11.0,2018-07-22,2018
PDF,yarbrry01,9.0,2018-07-23,2018
PDF,scottch01,9.0,2018-07-24,2018
PDF,nunezda01,6.0,2018-07-26,2018
PDF,garream01,5.0,2018-07-27,2018
PDF,cruzfe01,23.0,2018-07-28,2018
PDF,yarbrry01,6.0,2018-07-29,2018
PDF,scottch01,,2018-07-30,2018
PDF,tsengje01,,2018-07-31,2018
PDF,scottch01,,2019-03-28,2019
PDF,,,2019-03-30,2019
PDF,fujinsh01,,2019-03-31,2019
PDF,yarbrry01,,2019-04-01,2019
PDF,scottch01,6.0,2019-04-03,2019
PDF,cruzfe01,,2019-04-04,2019
PDF,dunnju01,,2019-04-05,2019
PDF,fujinsh01,6.0,2019-04-06,2019
PDF,yarbrry01,6.0,2019-04-07,2019
PDF,scottch01,5.0,2019-04-08,2019
PDF,,5.0,2019-04-09,2019
PDF,dunnju01,6.0,2019-04-11,2019
PDF,fujinsh01,6.0,2019-04-12,2019
PDF,yarbrry01,6.0,2019-04-13,2019
PDF,scottch01,6.0,2019-04-14,2019
PDF,cruzfe01,7.0,2019-04-16,2019
PDF,dunnju01,6.0,2019-04-17,2019
PDF,dodddy01,,2019-04-18,2019
PDF,thompke02,,2019-04-20,2019
PDF,scottch01,6.0,2019-04-20,2019
PDF,cruzfe01,5.0,2019-04-21,2019
PDF,dunnju01,,2019-04-23,2019
PDF,dodddy01,6.0,2019-04-24,2019
PDF,scottch01,5.0,2019-04-25,2019
PDF,cruzfe01,5.0,2019-04-26,2019
PDF,garream01,,2019-04-27,2019
PDF,dunnju01,5.0,2019-04-28,2019
PDF,dodddy01,5.0,2019-04-29,2019
PDF,scottch01,5.0,2019-04-30,2019
PDF,cruzfe01,5.0,2019-05-01,2019
PDF,garream01,5.0,2019-05-02,2019
PDF,dunnju01,5.0,2019-05-03,2019
PDF,dodddy01,5.0,2019-05-04,2019
PDF,scottch01,5.0,2019-05-05,2019
PDF,dunnju01,3.0,2019-05-06,2019
PDF,cruzfe01,,2019-05-07,2019
PDF,garream01,6.0,2019-05-08,2019
PDF,dodddy01,5.0,2019-05-09,2019
PDF,scottch01,5.0,2019-05-10,2019
PDF,,5.0,2019-05-11,2019
PDF,cruzfe01,5.0,2019-05-12,2019
PDF,garream01,6.0,2019-05-14,2019
PDF,dodddy01,6.0,2019-05-15,2019
PDF,scottch01,6.0,2019-05-16,2019
PDF,cruzfe01,5.0,2019-05-17,2019
PDF,dunnju01,7.0,2019-05-18,2019
PDF,garream01,5.0,2019-05-19,2019
PDF,dodddy01,5.0,2019-05-20,2019
PDF,scottch01,5.0,2019-05-21,2019
PDF,cruzfe01,5.0,2019-05-22,2019
PDF,dunnju01,5.0,2019-05-23,2019
PDF,garream01,,2019-05-24,2019
PDF,dodddy01,5.0,2019-05-25,2019
PDF,scottch01,5.0,2019-05-26,2019
PDF,cruzfe01,6.0,2019-05-28,2019
PDF,dunnju01,6.0,2019-05-29,2019
PDF,garream01,7.0,2019-05-31,2019
PDF,dodddy01,7.0,2019-06-01,2019
PDF,scottch01,7.0,2019-06-02,2019
PDF,cruzfe01,7.0,2019-06-04,2019
PDF,dunnju01,7.0,2019-06-05,2019
PDF,garream01,6.0,2019-06-06,2019
PDF,dodddy01,6.0,2019-06-07,2019
PDF,scottch01,6.0,2019-06-08,2019
PDF,cruzfe01,5.0,2019-06-09,2019
PDF,dunnju01,5.0,2019-06-10,2019
PDF,garream01,5.0,2019-06-11,2019
PDF,dodddy01,5.0,2019-06-12,2019
PDF,scottch01,5.0,2019-06-13,2019
PDF,cruzfe01,5.0,2019-06-14,2019
PDF,yarbrry01,63.0,2019-06-15,2019
PDF,garream01,5.0,2019-06-16,2019
PDF,dodddy01,5.0,2019-06-17,2019
PDF,scottch01,5.0,2019-06-18,2019
PDF,cruzfe01,5.0,2019-06-19,2019
PDF,effrosc01,,2019-06-21,2019
PDF,garream01,6.0,2019-06-22,2019
PDF,dodddy01,6.0,2019-06-23,2019
PDF,scottch01,6.0,2019-06-24,2019
PDF,cruzfe01,6.0,2019-06-25,2019
PDF,effrosc01,5.0,2019-06-26,2019
PDF,gonsoto01,89.0,2019-06-27,2019
PDF,dodddy01,5.0,2019-06-28,2019
PDF,scottch01,5.0,2019-06-29,2019
PDF,cruzfe01,5.0,2019-06-30,2019
PDF,effrosc01,6.0,2019-07-02,2019
PDF,gonsoto01,6.0,2019-07-03,2019
PDF,dodddy01,,2019-07-04,2019
PDF,scottch01,6.0,2019-07-05,2019
PDF,cruzfe01,6.0,2019-07-06,2019
PDF,effrosc01,5.0,2019-07-07,2019
PDF,effrosc01,5.0,2019-07-12,2019
PDF,scottch01,8.0,2019-07-13,2019
PDF,dodddy01,,2019-07-14,2019
PDF,cruzfe01,9.0,2019-07-15,2019
PDF,gonsoto01,13.0,2019-07-16,2019
PDF,effrosc01,5.0,2019-07-17,2019
PDF,fujinsh01,97.0,2019-07-18,2019
PDF,scottch01,6.0,2019-07-19,2019
PDF,dodddy01,6.0,2019-07-20,2019
PDF,dunnju01,,2019-07-21,2019
PDF,effrosc01,,2019-07-23,2019
PDF,scottch01,5.0,2019-07-24,2019
PDF,dodddy01,6.0,2019-07-26,2019
PDF,cruzfe01,12.0,2019-07-27,2019
PDF,dunnju01,7.0,2019-07-28,2019
PDF,effrosc01,6.0,2019-07-29,2019
PDF,scottch01,6.0,2019-07-30,2019
PDF,dodddy01,5.0,2019-07-31,2019
PDF,cruzfe01,,2021-04-01,2021
PDF,suarean01,,2021-04-03,2021
PDF,,,2021-04-04,2021
PDF,wilsost02,,2021-04-06,2021
PDF,banuema01,,2021-04-07,2021
PDF,cruzfe01,,2021-04-07,2021
PDF,suarean01,6.0,2021-04-09,2021
PDF,hollojo01,,2021-04-10,2021
PDF,,5.0,2021-04-11,2021
PDF,banuema01,5.0,2021-04-12,2021
PDF,cruzfe01,6.0,2021-04-13,2021
PDF,suarean01,5.0,2021-04-14,2021
PDF,hollojo01,5.0,2021-04-15,2021
PDF,fujinsh01,,2021-04-16,2021
PDF,banuema01,5.0,2021-04-17,2021
PDF,gonsoto01,,2021-04-18,2021
PDF,suarean01,6.0,2021-04-20,2021
PDF,hollojo01,6.0,2021-04-21,2021
PDF,banuema01,,2021-04-23,2021
PDF,wilsost02,14.0,2021-04-25,2021
PDF,gonsoto01,7.0,2021-04-25,2021
PDF,suarean01,6.0,2021-04-26,2021
PDF,hollojo01,6.0,2021-04-27,2021
PDF,banuema01,5.0,2021-04-28,2021
PDF,gonsoto01,,2021-04-29,2021
PDF,wilsost02,5.0,2021-04-30,2021
PDF,suarean01,5.0,2021-05-01,2021
PDF,hollojo01,5.0,2021-05-02,2021
PDF,banuema01,6.0,2021-05-04,2021
PDF,cruzfe01,22.0,2021-05-05,2021
PDF,wilsost02,6.0,2021-05-06,2021
PDF,suarean01,6.0,2021-05-07,2021
PDF,hollojo01,6.0,2021-05-08,2021
PDF,banuema01,5.0,2021-05-09,2021
PDF,,12.0,2021-05-11,2021
PDF,cruzfe01,7.0,2021-05-12,2021
PDF,suarean01,6.0,2021-05-13,2021
PDF,wilsost02,8.0,2021-05-14,2021
PDF,hollojo01,7.0,2021-05-15,2021
PDF,banuema01,7.0,2021-05-16,2021
PDF,cruzfe01,5.0,2021-05-17,2021
PDF,garciri01,,2021-05-18,2021
PDF,suarean01,6.0,2021-05-19,2021
PDF,wilsost02,6.0,2021-05-20,2021
PDF,hollojo01,6.0,2021-05-21,2021
PDF,gonsoto01,11.0,2021-05-22,2021
PDF,cruzfe01,6.0,2021-05-23,2021
PDF,suarean01,6.0,2021-05-25,2021
PDF,wilsost02,6.0,2021-05-26,2021
PDF,hollojo01,8.0,2021-05-29,2021
PDF,suarean01,6.0,2021-05-31,2021
PDF,cruzfe01,9.0,2021-06-01,2021
PDF,wilsost02,7.0,2021-06-02,2021
PDF,garciri01,16.0,2021-06-03,2021
PDF,hollojo01,6.0,2021-06-04,2021
PDF,suarean01,5.0,2021-06-05,2021
PDF,cruzfe01,,2021-06-06,2021
PDF,wilsost02,6.0,2021-06-08,2021
PDF,garciri01,6.0,2021-06-09,2021
PDF,hollojo01,,2021-06-10,2021
PDF,suarean01,6.0,2021-06-11,2021
PDF,cruzfe01,6.0,2021-06-12,2021
PDF,wilsost02,5.0,2021-06-13,2021
PDF,,6.0,2021-06-15,2021
PDF,hollojo01,6.0,2021-06-16,2021
PDF,suarean01,6.0,2021-06-17,2021
PDF,cruzfe01,6.0,2021-06-18,2021
PDF,wilsost02,7.0,2021-06-20,2021
PDF,gonsoto01,29.0,2021-06-20,2021
PDF,tillmch01,,2021-06-21,2021
PDF,hollojo01,,2021-06-21,2021
PDF,suarean01,5.0,2021-06-22,2021
PDF,fujinsh01,68.0,2021-06-23,2021
PDF,godleza01,,2021-06-24,2021
PDF,wilsost02,5.0,2021-06-25,2021
PDF,hollojo01,5.0,2021-06-26,2021
PDF,tillmch01,,2021-06-27,2021
PDF,suarean01,7.0,2021-06-29,2021
PDF,cruzfe01,12.0,2021-06-30,2021
PDF,hollojo01,5.0,2021-07-01,2021
PDF,wilsost02,7.0,2021-07-02,2021
PDF,tillmch01,6.0,2021-07-03,2021
PDF,suarean01,5.0,2021-07-04,2021
PDF,cruzfe01,5.0,2021-07-05,2021
PDF,hollojo01,5.0,2021-07-06,2021
PDF,wilsost02,5.0,2021-07-07,2021
PDF,suarean01,5.0,2021-07-09,2021
PDF,cruzfe01,5.0,2021-07-10,2021
PDF,hollojo01,5.0,2021-07-11,2021
PDF,suarean01,,2021-07-16,2021
PDF,cruzfe01,7.0,2021-07-17,2021
PDF,wilsost02,11.0,2021-07-18,2021
PDF,thompke02,,2021-07-20,2021
PDF,,18.0,2021-07-21,2021
PDF,gonsoto01,31.0,2021-07-21,2021
PDF,suarean01,6.0,2021-07-22,2021
PDF,,6.0,2021-07-23,2021
PDF,wilsost02,6.0,2021-07-24,2021
PDF,thompke02,5.0,2021-07-25,2021
PDF,gonsoto01,5.0,2021-07-26,2021
PDF,tillmch01,5.0,2021-07-26,2021
PDF,suarean01,5.0,2021-07-27,2021
PDF,cruzfe01,5.0,2021-07-28,2021
PDF,wilsost02,5.0,2021-07-29,2021
PDF,thompke02,5.0,2021-07-30,2021
PDF,tillmch01,5.0,2021-07-31,2021
PDF,cruzfe01,,2022-04-07,2022
PDF,suarean01,,2022-04-08,2022
PDF,fujinsh01,,2022-04-09,2022
PDF,hollojo01,,2022-04-10,2022
PDF,banuema01,,2022-04-11,2022
PDF,barrija01,,2022-04-12,2022
PDF,cruzfe01,6.0,2022-04-13,2022
PDF,suarean01,6.0,2022-04-14,2022
PDF,,6.0,2022-04-15,2022
PDF,hollojo01,6.0,2022-04-16,2022
PDF,barrija01,5.0,2022-04-17,2022
PDF,banuema01,7.0,2022-04-18,2022
PDF,,6.0,2022-04-19,2022
PDF,suarean01,6.0,2022-04-20,2022
PDF,fujinsh01,7.0,2022-04-22,2022
PDF,hollojo01,7.0,2022-04-23,2022
PDF,barrija01,7.0,2022-04-24,2022
PDF,cruzfe01,7.0,2022-04-26,2022
PDF,suarean01,7.0,2022-04-27,2022
PDF,fujinsh01,6.0,2022-04-28,2022
PDF,,6.0,2022-04-29,2022
PDF,barrija01,6.0,2022-04-30,2022
PDF,tillmch01,,2022-05-01,2022
PDF,cruzfe01,6.0,2022-05-02,2022
PDF,suarean01,6.0,2022-05-03,2022
PDF,fujinsh01,5.0,2022-05-03,2022
PDF,hollojo01,5.0,2022-05-04,2022
PDF,godleza01,,2022-05-06,2022
PDF,cruzfe01,5.0,2022-05-07,2022
PDF,suarean01,5.0,2022-05-08,2022
PDF,fujinsh01,7.0,2022-05-10,2022
PDF,hollojo01,7.0,2022-05-11,2022
PDF,cruzfe01,6.0,2022-05-13,2022
PDF,,6.0,2022-05-14,2022
PDF,fujinsh01,5.0,2022-05-15,2022
PDF,hollojo01,5.0,2022-05-16,2022
PDF,garciri01,,2022-05-17,2022
PDF,cruzfe01,5.0,2022-05-18,2022
PDF,suarean01,6.0,2022-05-20,2022
PDF,fujinsh01,6.0,2022-05-21,2022
PDF,hollojo01,6.0,2022-05-22,2022
PDF,garciri01,6.0,2022-05-23,2022
PDF,cruzfe01,6.0,2022-05-24,2022
PDF,suarean01,5.0,2022-05-25,2022
PDF,fujinsh01,5.0,2022-05-26,2022
PDF,hollojo01,,2022-05-27,2022
PDF,garciri01,5.0,2022-05-28,2022
PDF,cruzfe01,5.0,2022-05-29,2022
PDF,anderia01,,2022-05-30,2022
PDF,,6.0,2022-05-31,2022
PDF,fujinsh01,6.0,2022-06-01,2022
PDF,hollojo01,6.0,2022-06-02,2022
PDF,cruzfe01,,2022-06-03,2022
PDF,anderia01,5.0,2022-06-04,2022
PDF,suarean01,5.0,2022-06-05,2022
PDF,fujinsh01,6.0,2022-06-07,2022
PDF,hollojo01,6.0,2022-06-08,2022
PDF,cruzfe01,6.0,2022-06-09,2022
PDF,anderia01,6.0,2022-06-10,2022
PDF,suarean01,6.0,2022-06-11,2022
PDF,fujinsh01,5.0,2022-06-12,2022
PDF,hollojo01,5.0,2022-06-13,2022
PDF,,5.0,2022-06-14,2022
PDF,anderia01,5.0,2022-06-15,2022
PDF,suarean01,6.0,2022-06-17,2022
PDF,fujinsh01,6.0,2022-06-18,2022
PDF,hollojo01,6.0,2022-06-19,2022
PDF,cruzfe01,6.0,2022-06-20,2022
PDF,anderia01,,2022-06-21,2022
PDF,,,2022-06-22,2022
PDF,fujinsh01,5.0,2022-06-23,2022
PDF,hollojo01,5.0,2022-06-24,2022
PDF,cruzfe01,5.0,2022-06-25,2022
PDF,,5.0,2022-06-26,2022
PDF,suarean01,6.0,2022-06-28,2022
PDF,fujinsh01,6.0,2022-06-29,2022
PDF,hollojo01,6.0,2022-06-30,2022
PDF,cruzfe01,6.0,2022-07-01,2022
PDF,anderia01,6.0,2022-07-02,2022
PDF,suarean01,5.0,2022-07-03,2022
PDF,fujinsh01,5.0,2022-07-04,2022
PDF,hollojo01,5.0,2022-07-05,2022
PDF,cruzfe01,5.0,2022-07-06,2022
PDF,anderia01,5.0,2022-07-07,2022
PDF,suarean01,5.0,2022-07-08,2022
PDF,fujinsh01,5.0,2022-07-09,2022
PDF,hollojo01,5.0,2022-07-10,2022
PDF,cruzfe01,5.0,2022-07-11,2022
PDF,anderia01,5.0,2022-07-12,2022
PDF,suarean01,5.0,2022-07-13,2022
PDF,fujinsh01,5.0,2022-07-14,2022
PDF,hollojo01,5.0,2022-07-15,2022
PDF,cruzfe01,5.0,2022-07-16,2022
PDF,anderia01,5.0,2022-07-17,2022
PDF,suarean01,9.0,2022-07-22,2022
PDF,fujinsh01,9.0,2022-07-23,2022
PDF,hollojo01,9.0,2022-07-24,2022
PDF,cruzfe01,9.0,2022-07-25,2022
PDF,anderia01,9.0,2022-07-26,2022
PDF,suarean01,5.0,2022-07-27,2022
PDF,fujinsh01,6.0,2022-07-29,2022
PDF,hollojo01,6.0,2022-07-30,2022
PDF,cruzfe01,6.0,2022-07-31,2022
PDF,cruzfe01,,2023-03-30,2023
PDF,,,2023-04-01,2023
PDF,heanean01,,2023-04-02,2023
PDF,suarean01,,2023-04-03,2023
PDF,beeksja02,,2023-04-04,2023
PDF,,,2023-04-05,2023
PDF,anderia01,5.0,2023-04-06,2023
PDF,heanean01,5.0,2023-04-07,2023
PDF,suarean01,5.0,2023-04-08,2023
PDF,beeksja02,5.0,2023-04-09,2023
PDF,barrija01,5.0,2023-04-10,2023
PDF,fujinsh01,,2023-04-11,2023
PDF,anderia01,6.0,2023-04-12,2023
PDF,suarean01,6.0,2023-04-14,2023
PDF,barrija01,5.0,2023-04-15,2023
PDF,fujinsh01,5.0,2023-04-16,2023
PDF,cruzfe01,18.0,2023-04-17,2023
PDF,anderia01,6.0,2023-04-18,2023
PDF,suarean01,,2023-04-19,2023
PDF,barrija01,6.0,2023-04-21,2023
PDF,fujinsh01,6.0,2023-04-22,2023
PDF,cruzfe01,6.0,2023-04-23,2023
PDF,anderia01,6.0,2023-04-24,2023
PDF,suarean01,6.0,2023-04-25,2023
PDF,barrija01,5.0,2023-04-26,2023
PDF,fujinsh01,5.0,2023-04-27,2023
PDF,cruzfe01,,2023-04-28,2023
PDF,suarean01,6.0,2023-05-01,2023
PDF,anderia01,7.0,2023-05-01,2023
PDF,,6.0,2023-05-02,2023
PDF,fujinsh01,6.0,2023-05-03,2023
PDF,beeksja02,25.0,2023-05-04,2023
PDF,cruzfe01,7.0,2023-05-05,2023
PDF,anderia01,5.0,2023-05-06,2023
PDF,barrija01,5.0,2023-05-07,2023
PDF,suarean01,8.0,2023-05-09,2023
PDF,leitema02,,2023-05-10,2023
PDF,anderia01,6.0,2023-05-12,2023
PDF,barrija01,6.0,2023-05-13,2023
PDF,nixja02,,2023-05-14,2023
PDF,suarean01,6.0,2023-05-15,2023
PDF,heanean01,39.0,2023-05-16,2023
PDF,anderia01,5.0,2023-05-17,2023
PDF,barrija01,6.0,2023-05-19,2023
PDF,godleza01,,2023-05-20,2023
PDF,heanean01,5.0,2023-05-21,2023
PDF,suarean01,7.0,2023-05-22,2023
PDF,anderia01,,2023-05-23,2023
PDF,barrija01,5.0,2023-05-24,2023
PDF,beeksja02,21.0,2023-05-25,2023
PDF,heanean01,5.0,2023-05-26,2023
PDF,suarean01,5.0,2023-05-27,2023
PDF,anderia01,5.0,2023-05-28,2023
PDF,dodddy01,,2023-05-29,2023
PDF,barrija01,6.0,2023-05-30,2023
PDF,heanean01,5.0,2023-05-31,2023
PDF,suarean01,6.0,2023-06-02,2023
PDF,anderia01,6.0,2023-06-03,2023
PDF,dodddy01,6.0,2023-06-04,2023
PDF,barrija01,7.0,2023-06-06,2023
PDF,suarean01,,2023-06-07,2023
PDF,anderia01,5.0,2023-06-08,2023
PDF,junkja01,,2023-06-09,2023
PDF,heanean01,10.0,2023-06-10,2023
PDF,,5.0,2023-06-11,2023
PDF,suarean01,5.0,2023-06-12,2023
PDF,beeksja02,20.0,2023-06-14,2023
PDF,anderia01,6.0,2023-06-14,2023
PDF,junkja01,6.0,2023-06-15,2023
PDF,heanean01,6.0,2023-06-16,2023
PDF,barrija01,6.0,2023-06-17,2023
PDF,suarean01,6.0,2023-06-18,2023
PDF,anderia01,6.0,2023-06-20,2023
PDF,barrija01,5.0,2023-06-22,2023
PDF,,8.0,2023-06-23,2023
PDF,heanean01,8.0,2023-06-24,2023
PDF,,7.0,2023-06-25,2023
PDF,anderia01,6.0,2023-06-26,2023
PDF,barrija01,5.0,2023-06-27,2023
PDF,tsengje01,,2023-06-28,2023
PDF,dodddy01,26.0,2023-06-30,2023
PDF,suarean01,6.0,2023-07-01,2023
PDF,anderia01,6.0,2023-07-02,2023
PDF,barrija01,6.0,2023-07-03,2023
PDF,tsengje01,,2023-07-04,2023
PDF,dodddy01,5.0,2023-07-05,2023
PDF,suarean01,6.0,2023-07-07,2023
PDF,anderia01,6.0,2023-07-08,2023
PDF,barrija01,,2023-07-09,2023
PDF,suarean01,7.0,2023-07-14,2023
PDF,,7.0,2023-07-15,2023
PDF,tsengje01,12.0,2023-07-16,2023
PDF,barrija01,9.0,2023-07-18,2023
PDF,suarean01,5.0,2023-07-19,2023
PDF,anderia01,5.0,2023-07-20,2023
PDF,dodddy01,16.0,2023-07-21,2023
PDF,nolasri01,,2023-07-22,2023
PDF,barrija01,5.0,2023-07-23,2023
PDF,suarean01,6.0,2023-07-25,2023
PDF,anderia01,6.0,2023-07-26,2023
PDF,festama01,34.0,2023-07-28,2023
PDF,barrija01,6.0,2023-07-29,2023
PDF,junkja01,37.0,2023-07-30,2023
PDF,suarean01,6.0,2023-07-31,2023
PJT,grayjo02,,2016-04-04,2016
PJT,johnser04,,2016-04-05,2016
PJT,rodrije01,,2016-04-06,2016
PJT,kayan01,,2016-04-07,2016
PJT,velazhe01,,2016-04-08,2016
PJT,grayjo02,5.0,2016-04-09,2016
PJT,johnser04,6.0,2016-04-11,2016
PJT,rodrije01,7.0,2016-04-13,2016
PJT,kayan01,7.0,2016-04-14,2016
PJT,grayjo02,6.0,2016-04-15,2016
PJT,velazhe01,8.0,2016-04-16,2016
PJT,johnser04,6.0,2016-04-17,2016
PJT,rodrije01,5.0,2016-04-18,2016
PJT,kayan01,5.0,2016-04-19,2016
PJT,grayjo02,5.0,2016-04-20,2016
PJT,velazhe01,5.0,2016-04-21,2016
PJT,johnser04,5.0,2016-04-22,2016
PJT,rodrije01,5.0,2016-04-23,2016
PJT,kayan01,5.0,2016-04-24,2016
PJT,blackpa01,,2016-04-25,2016
PJT,grayjo02,6.0,2016-04-26,2016
PJT,johnser04,5.0,2016-04-27,2016
PJT,velazhe01,7.0,2016-04-28,2016
PJT,rodrije01,6.0,2016-04-29,2016
PJT,kayan01,6.0,2016-04-30,2016
PJT,grayjo02,5.0,2016-05-01,2016
PJT,johnser04,6.0,2016-05-03,2016
PJT,rodrije01,5.0,2016-05-04,2016
PJT,alexyaj01,,2016-05-05,2016
PJT,kayan01,6.0,2016-05-06,2016
PJT,grayjo02,6.0,2016-05-07,2016
PJT,johnser04,5.0,2016-05-08,2016
PJT,blackpa01,14.0,2016-05-09,2016
PJT,rodrije01,6.0,2016-05-10,2016
PJT,kayan01,5.0,2016-05-11,2016
PJT,grayjo02,6.0,2016-05-13,2016
PJT,,6.0,2016-05-14,2016
PJT,blackpa01,6.0,2016-05-15,2016
PJT,rodrije01,7.0,2016-05-17,2016
PJT,kayan01,7.0,2016-05-18,2016
PJT,grayjo02,6.0,2016-05-19,2016
PJT,johnser04,6.0,2016-05-20,2016
PJT,blackpa01,6.0,2016-05-21,2016
PJT,rodrije01,5.0,2016-05-22,2016
PJT,alexyaj01,18.0,2016-05-23,2016
PJT,kayan01,5.0,2016-05-23,2016
PJT,grayjo02,5.0,2016-05-24,2016
PJT,johnser04,5.0,2016-05-25,2016
PJT,blackpa01,6.0,2016-05-27,2016
PJT,rodrije01,6.0,2016-05-28,2016
PJT,grayjo02,5.0,2016-05-29,2016
PJT,johnser04,5.0,2016-05-30,2016
PJT,kayan01,8.0,2016-05-31,2016
PJT,blackpa01,5.0,2016-06-01,2016
PJT,rodrije01,6.0,2016-06-03,2016
PJT,grayjo02,6.0,2016-06-04,2016
PJT,johnser04,6.0,2016-06-05,2016
PJT,kayan01,7.0,2016-06-07,2016
PJT,kochaja01,8.0,2016-06-08,2016
PJT,,8.0,2016-06-09,2016
PJT,grayjo02,6.0,2016-06-10,2016
PJT,johnser04,6.0,2016-06-11,2016
PJT,rodrije01,9.0,2016-06-12,2016
PJT,kochaja01,5.0,2016-06-13,2016
PJT,blackpa01,5.0,2016-06-14,2016
PJT,grayjo02,5.0,2016-06-15,2016
PJT,johnser04,6.0,2016-06-17,2016
PJT,kochaja01,5.0,2016-06-18,2016
PJT,rodrije01,7.0,2016-06-19,2016
PJT,blackpa01,6.0,2016-06-20,2016
PJT,grayjo02,6.0,2016-06-21,2016
PJT,johnser04,5.0,2016-06-22,2016
PJT,kochaja01,5.0,2016-06-23,2016
PJT,rodrije01,5.0,2016-06-24,2016
PJT,blackpa01,5.0,2016-06-25,2016
PJT,grayjo02,5.0,2016-06-26,2016
PJT,johnser04,6.0,2016-06-28,2016
PJT,kochaja01,6.0,2016-06-29,2016
PJT,rodrije01,6.0,2016-06-30,2016
PJT,blackpa01,6.0,2016-07-01,2016
PJT,,6.0,2016-07-02,2016
PJT,johnser04,,2016-07-03,2016
PJT,kochaja01,,2016-07-04,2016
PJT,rodrije01,5.0,2016-07-05,2016
PJT,blackpa01,5.0,2016-07-06,2016
PJT,grayjo02,6.0,2016-07-08,2016
PJT,johnser04,6.0,2016-07-09,2016
PJT,kochaja01,6.0,2016-07-10,2016
PJT,blackpa01,9.0,2016-07-15,2016
PJT,kochaja01,6.0,2016-07-16,2016
PJT,stephja01,,2016-07-17,2016
PJT,grayjo02,10.0,2016-07-18,2016
PJT,johnser04,10.0,2016-07-19,2016
PJT,blackpa01,5.0,2016-07-20,2016
PJT,kochaja01,5.0,2016-07-21,2016
PJT,stephja01,5.0,2016-07-22,2016
PJT,oakstr01,,2016-07-23,2016
PJT,johnser04,5.0,2016-07-24,2016
PJT,blackpa01,5.0,2016-07-25,2016
PJT,kochaja01,5.0,2016-07-26,2016
PJT,cuetojo01,,2016-07-27,2016
PJT,grayjo02,10.0,2016-07-28,2016
PJT,johnser04,5.0,2016-07-29,2016
PJT,blackpa01,5.0,2016-07-30,2016
PJT,rodrije01,26.0,2016-07-31,2016
PJT,johnser04,,2017-04-04,2017
PJT,kochaja01,,2017-04-06,2017
PJT,holmegr01,,2017-04-07,2017
PJT,blackpa01,,2017-04-08,2017
PJT,johnser04,5.0,2017-04-09,2017
PJT,kochaja01,,2017-04-11,2017
PJT,holmegr01,5.0,2017-04-12,2017
PJT,blackpa01,5.0,2017-04-13,2017
PJT,sprinje01,,2017-04-14,2017
PJT,johnser04,6.0,2017-04-15,2017
PJT,kochaja01,5.0,2017-04-16,2017
PJT,holmegr01,5.0,2017-04-17,2017
PJT,blackpa01,5.0,2017-04-18,2017
PJT,sprinje01,5.0,2017-04-19,2017
PJT,johnser04,6.0,2017-04-21,2017
PJT,finnebr01,,2017-04-22,2017
PJT,holmegr01,6.0,2017-04-23,2017
PJT,blackpa01,6.0,2017-04-24,2017
PJT,sprinje01,6.0,2017-04-25,2017
PJT,johnser04,5.0,2017-04-26,2017
PJT,finnebr01,6.0,2017-04-28,2017
PJT,holmegr01,6.0,2017-04-29,2017
PJT,blackpa01,6.0,2017-04-30,2017
PJT,sprinje01,6.0,2017-05-01,2017
PJT,,6.0,2017-05-02,2017
PJT,finnebr01,5.0,2017-05-03,2017
PJT,holmegr01,5.0,2017-05-04,2017
PJT,blackpa01,5.0,2017-05-05,2017
PJT,sprinje01,5.0,2017-05-06,2017
PJT,johnser04,5.0,2017-05-07,2017
PJT,finnebr01,6.0,2017-05-09,2017
PJT,holmegr01,7.0,2017-05-11,2017
PJT,blackpa01,7.0,2017-05-12,2017
PJT,sprinje01,7.0,2017-05-13,2017
PJT,johnser04,7.0,2017-05-14,2017
PJT,finnebr01,,2017-05-15,2017
PJT,holmegr01,5.0,2017-05-16,2017
PJT,blackpa01,5.0,2017-05-17,2017
PJT,sprinje01,5.0,2017-05-18,2017
PJT,johnser04,5.0,2017-05-19,2017
PJT,finnebr01,5.0,2017-05-20,2017
PJT,,5.0,2017-05-21,2017
PJT,blackpa01,5.0,2017-05-22,2017
PJT,sprinje01,5.0,2017-05-23,2017
PJT,johnser04,5.0,2017-05-24,2017
PJT,finnebr01,6.0,2017-05-26,2017
PJT,roberni01,,2017-05-27,2017
PJT,holmegr01,6.0,2017-05-27,2017
PJT,blackpa01,6.0,2017-05-28,2017
PJT,tarnofr01,,2017-05-29,2017
PJT,johnser04,6.0,2017-05-30,2017
PJT,,5.0,2017-05-31,2017
PJT,holmegr01,6.0,2017-06-02,2017
PJT,blackpa01,6.0,2017-06-03,2017
PJT,tarnofr01,6.0,2017-06-04,2017
PJT,johnser04,7.0,2017-06-06,2017
PJT,finnebr01,7.0,2017-06-07,2017
PJT,holmegr01,6.0,2017-06-08,2017
PJT,blackpa01,6.0,2017-06-09,2017
PJT,,6.0,2017-06-10,2017
PJT,johnser04,5.0,2017-06-11,2017
PJT,finnebr01,5.0,2017-06-12,2017
PJT,holmegr01,5.0,2017-06-13,2017
PJT,blackpa01,5.0,2017-06-14,2017
PJT,tarnofr01,5.0,2017-06-15,2017
PJT,johnser04,5.0,2017-06-16,2017
PJT,finnebr01,5.0,2017-06-17,2017
PJT,kochaja01,63.0,2017-06-18,2017
PJT,holmegr01,7.0,2017-06-20,2017
PJT,tarnofr01,6.0,2017-06-21,2017
PJT,johnser04,6.0,2017-06-22,2017
PJT,finnebr01,6.0,2017-06-23,2017
PJT,kochaja01,6.0,2017-06-24,2017
PJT,holmegr01,5.0,2017-06-25,2017
PJT,tarnofr01,5.0,2017-06-26,2017
PJT,johnser04,5.0,2017-06-27,2017
PJT,rodrije01,,2017-06-28,2017
PJT,kochaja01,5.0,2017-06-29,2017
PJT,finnebr01,7.0,2017-06-30,2017
PJT,holmegr01,6.0,2017-07-01,2017
PJT,johnser04,5.0,2017-07-02,2017
PJT,rodrije01,5.0,2017-07-03,2017
PJT,kochaja01,5.0,2017-07-04,2017
PJT,finnebr01,5.0,2017-07-05,2017
PJT,holmegr01,6.0,2017-07-07,2017
PJT,johnser04,6.0,2017-07-08,2017
PJT,rodrije01,,2017-07-09,2017
PJT,kochaja01,10.0,2017-07-14,2017
PJT,finnebr01,10.0,2017-07-15,2017
PJT,holmegr01,9.0,2017-07-16,2017
PJT,blackpa01,34.0,2017-07-18,2017
PJT,rodrije01,10.0,2017-07-19,2017
PJT,kochaja01,7.0,2017-07-21,2017
PJT,finnebr01,7.0,2017-07-22,2017
PJT,holmegr01,7.0,2017-07-23,2017
PJT,blackpa01,6.0,2017-07-24,2017
PJT,rodrije01,6.0,2017-07-25,2017
PJT,,5.0,2017-07-26,2017
PJT,finnebr01,5.0,2017-07-27,2017
PJT,holmegr01,5.0,2017-07-28,2017
PJT,blackpa01,5.0,2017-07-29,2017
PJT,rodrije01,5.0,2017-07-30,2017
PJT,kochaja01,5.0,2017-07-31,2017
PJT,kochaja01,,2018-03-29,2018
PJT,anderta01,,2018-03-31,2018
PJT,murfepe01,,2018-04-02,2018
PJT,blackpa01,,2018-04-03,2018
PJT,newcose01,,2018-04-04,2018
PJT,kochaja01,7.0,2018-04-05,2018
PJT,anderta01,7.0,2018-04-07,2018
PJT,murfepe01,6.0,2018-04-08,2018
PJT,blackpa01,6.0,2018-04-09,2018
PJT,newcose01,6.0,2018-04-10,2018
PJT,kochaja01,6.0,2018-04-11,2018
PJT,anderta01,5.0,2018-04-12,2018
PJT,murfepe01,8.0,2018-04-16,2018
PJT,blackpa01,,2018-04-17,2018
PJT,newcose01,8.0,2018-04-18,2018
PJT,kochaja01,,2018-04-20,2018
PJT,anderta01,9.0,2018-04-21,2018
PJT,murfepe01,6.0,2018-04-22,2018
PJT,newcose01,5.0,2018-04-23,2018
PJT,vogelry01,,2018-04-24,2018
PJT,kochaja01,5.0,2018-04-25,2018
PJT,anderta01,5.0,2018-04-26,2018
PJT,murfepe01,5.0,2018-04-27,2018
PJT,newcose01,5.0,2018-04-28,2018
PJT,sprinje01,,2018-04-28,2018
PJT,davisau01,,2018-04-29,2018
PJT,kochaja01,6.0,2018-05-01,2018
PJT,anderta01,6.0,2018-05-02,2018
PJT,murfepe01,6.0,2018-05-03,2018
PJT,newcose01,6.0,2018-05-04,2018
PJT,davisau01,6.0,2018-05-05,2018
PJT,,5.0,2018-05-06,2018
PJT,anderta01,6.0,2018-05-08,2018
PJT,murfepe01,6.0,2018-05-09,2018
PJT,newcose01,7.0,2018-05-11,2018
PJT,kochaja01,6.0,2018-05-12,2018
PJT,,5.0,2018-05-13,2018
PJT,murfepe01,6.0,2018-05-15,2018
PJT,davisau01,11.0,2018-05-16,2018
PJT,kochaja01,5.0,2018-05-17,2018
PJT,newcose01,7.0,2018-05-18,2018
PJT,anderta01,6.0,2018-05-19,2018
PJT,murfepe01,5.0,2018-05-20,2018
PJT,davisau01,5.0,2018-05-21,2018
PJT,kochaja01,5.0,2018-05-22,2018
PJT,sprinje01,25.0,2018-05-23,2018
PJT,anderta01,5.0,2018-05-24,2018
PJT,murfepe01,5.0,2018-05-25,2018
PJT,davisau01,5.0,2018-05-26,2018
PJT,kochaja01,5.0,2018-05-27,2018
PJT,sprinje01,5.0,2018-05-28,2018
PJT,anderta01,5.0,2018-05-29,2018
PJT,murfepe01,5.0,2018-05-30,2018
PJT,davisau01,6.0,2018-06-01,2018
PJT,kochaja01,6.0,2018-06-02,2018
PJT,sprinje01,6.0,2018-06-03,2018
PJT,anderta01,7.0,2018-06-05,2018
PJT,murfepe01,6.0,2018-06-05,2018
PJT,davisau01,5.0,2018-06-06,2018
PJT,kochaja01,5.0,2018-06-07,2018
PJT,sprinje01,5.0,2018-06-08,2018
PJT,rodrije01,,2018-06-09,2018
PJT,,5.0,2018-06-10,2018
PJT,anderta01,,2018-06-11,2018
PJT,kochaja01,5.0,2018-06-12,2018
PJT,sprinje01,5.0,2018-06-13,2018
PJT,rodrije01,5.0,2018-06-14,2018
PJT,murfepe01,5.0,2018-06-15,2018
PJT,anderta01,5.0,2018-06-16,2018
PJT,kochaja01,5.0,2018-06-17,2018
PJT,sprinje01,5.0,2018-06-18,2018
PJT,rodrije01,5.0,2018-06-19,2018
PJT,murfepe01,5.0,2018-06-20,2018
PJT,anderta01,6.0,2018-06-22,2018
PJT,kochaja01,5.0,2018-06-22,2018
PJT,sprinje01,5.0,2018-06-23,2018
PJT,,,2018-06-24,2018
PJT,murfepe01,6.0,2018-06-26,2018
PJT,kochaja01,5.0,2018-06-27,2018
PJT,anderta01,6.0,2018-06-28,2018
PJT,sprinje01,6.0,2018-06-29,2018
PJT,rodrije01,6.0,2018-06-30,2018
PJT,murfepe01,5.0,2018-07-01,2018
PJT,kochaja01,5.0,2018-07-02,2018
PJT,anderta01,5.0,2018-07-03,2018
PJT,sprinje01,5.0,2018-07-04,2018
PJT,rodrije01,5.0,2018-07-05,2018
PJT,murfepe01,5.0,2018-07-06,2018
PJT,kochaja01,5.0,2018-07-07,2018
PJT,anderta01,5.0,2018-07-08,2018
PJT,sprinje01,6.0,2018-07-10,2018
PJT,rodrije01,6.0,2018-07-11,2018
PJT,kochaja01,6.0,2018-07-13,2018
PJT,murfepe01,8.0,2018-07-14,2018
PJT,anderta01,7.0,2018-07-15,2018
PJT,kochaja01,7.0,2018-07-20,2018
PJT,sprinje01,11.0,2018-07-21,2018
PJT,murfepe01,8.0,2018-07-22,2018
PJT,anderta01,8.0,2018-07-23,2018
PJT,,13.0,2018-07-24,2018
PJT,kochaja01,5.0,2018-07-25,2018
PJT,sprinje01,5.0,2018-07-26,2018
PJT,murfepe01,5.0,2018-07-27,2018
PJT,anderta01,5.0,2018-07-28,2018
PJT,rodrije01,5.0,2018-07-29,2018
PJT,kochaja01,6.0,2018-07-31,2018
PJT,rodrije01,,2019-03-28,2019
PJT,murfepe01,,2019-03-30,2019
PJT,anderta01,,2019-03-31,2019
PJT,gonzagi01,,2019-04-01,2019
PJT,rodrije01,6.0,2019-04-03,2019
PJT,murfepe01,6.0,2019-04-05,2019
PJT,anderta01,6.0,2019-04-06,2019
PJT,gonzagi01,6.0,2019-04-07,2019
PJT,rodrije01,5.0,2019-04-08,2019
PJT,rogertr01,,2019-04-09,2019
PJT,murfepe01,5.0,2019-04-10,2019
PJT,anderta01,6.0,2019-04-12,2019
PJT,gonzagi01,6.0,2019-04-13,2019
PJT,rodrije01,6.0,2019-04-14,2019
PJT,rogertr01,6.0,2019-04-15,2019
PJT,murfepe01,6.0,2019-04-16,2019
PJT,anderta01,5.0,2019-04-17,2019
PJT,gonzagi01,5.0,2019-04-18,2019
PJT,rodrije01,5.0,2019-04-19,2019
PJT,murfepe01,5.0,2019-04-21,2019
PJT,medinlu02,,2019-04-22,2019
PJT,gonzagi01,5.0,2019-04-23,2019
PJT,rogertr01,9.0,2019-04-24,2019
PJT,rodrije01,7.0,2019-04-26,2019
PJT,murfepe01,7.0,2019-04-28,2019
PJT,medinlu02,7.0,2019-04-29,2019
PJT,rodrije01,5.0,2019-05-01,2019
PJT,gonzagi01,8.0,2019-05-01,2019
PJT,anderta01,15.0,2019-05-02,2019
PJT,murfepe01,5.0,2019-05-03,2019
PJT,medinlu02,5.0,2019-05-04,2019
PJT,sprinje01,,2019-05-05,2019
PJT,gonzagi01,5.0,2019-05-06,2019
PJT,anderta01,5.0,2019-05-07,2019
PJT,murfepe01,5.0,2019-05-08,2019
PJT,medinlu02,5.0,2019-05-09,2019
PJT,sprinje01,5.0,2019-05-10,2019
PJT,gonzagi01,5.0,2019-05-11,2019
PJT,anderta01,5.0,2019-05-12,2019
PJT,murfepe01,5.0,2019-05-13,2019
PJT,medinlu02,5.0,2019-05-14,2019
PJT,sprinje01,6.0,2019-05-16,2019
PJT,gonzagi01,6.0,2019-05-17,2019
PJT,anderta01,6.0,2019-05-18,2019
PJT,murfepe01,6.0,2019-05-19,2019
PJT,mileywa01,,2019-05-20,2019
PJT,sprinje01,5.0,2019-05-21,2019
PJT,gonzagi01,5.0,2019-05-22,2019
PJT,anderta01,5.0,2019-05-23,2019
PJT,murfepe01,5.0,2019-05-24,2019
PJT,medinlu02,11.0,2019-05-25,2019
PJT,sprinje01,5.0,2019-05-26,2019
PJT,gonzagi01,5.0,2019-05-27,2019
PJT,anderta01,5.0,2019-05-28,2019
PJT,murfepe01,5.0,2019-05-29,2019
PJT,medinlu02,5.0,2019-05-30,2019
PJT,sprinje01,5.0,2019-05-31,2019
PJT,gonzagi01,5.0,2019-06-01,2019
PJT,,5.0,2019-06-02,2019
PJT,,6.0,2019-06-04,2019
PJT,sprinje01,5.0,2019-06-05,2019
PJT,gonzagi01,6.0,2019-06-07,2019
PJT,anderta01,6.0,2019-06-08,2019
PJT,,5.0,2019-06-09,2019
PJT,wentzjo01,,2019-06-10,2019
PJT,medinlu02,12.0,2019-06-11,2019
PJT,gonzagi01,6.0,2019-06-13,2019
PJT,anderta01,6.0,2019-06-14,2019
PJT,murfepe01,6.0,2019-06-15,2019
PJT,wentzjo01,6.0,2019-06-16,2019
PJT,gonzagi01,5.0,2019-06-18,2019
PJT,anderta01,5.0,2019-06-19,2019
PJT,murfepe01,6.0,2019-06-21,2019
PJT,wentzjo01,6.0,2019-06-22,2019
PJT,,5.0,2019-06-23,2019
PJT,anderta01,5.0,2019-06-24,2019
PJT,newcose01,,2019-06-25,2019
PJT,murfepe01,5.0,2019-06-26,2019
PJT,desclan01,,2019-06-28,2019
PJT,gonzagi01,6.0,2019-06-29,2019
PJT,anderta01,6.0,2019-06-30,2019
PJT,stammcr01,,2019-07-03,2019
PJT,desclan01,5.0,2019-07-03,2019
PJT,murfepe01,8.0,2019-07-04,2019
PJT,anderta01,6.0,2019-07-06,2019
PJT,gonzagi01,8.0,2019-07-07,2019
PJT,gonzagi01,5.0,2019-07-12,2019
PJT,sprinje01,38.0,2019-07-13,2019
PJT,murfepe01,10.0,2019-07-14,2019
PJT,anderta01,9.0,2019-07-15,2019
PJT,stammcr01,13.0,2019-07-16,2019
PJT,gonzagi01,5.0,2019-07-17,2019
PJT,desclan01,15.0,2019-07-18,2019
PJT,murfepe01,5.0,2019-07-19,2019
PJT,anderta01,5.0,2019-07-20,2019
PJT,stammcr01,5.0,2019-07-21,2019
PJT,gonzagi01,5.0,2019-07-22,2019
PJT,sprinje01,10.0,2019-07-23,2019
PJT,murfepe01,5.0,2019-07-24,2019
PJT,,5.0,2019-07-25,2019
PJT,stammcr01,5.0,2019-07-26,2019
PJT,gonzagi01,5.0,2019-07-27,2019
PJT,sprinje01,5.0,2019-07-28,2019
PJT,murfepe01,6.0,2019-07-30,2019
PJT,anderta01,,2019-07-31,2019
PJT,anderta01,,2021-04-01,2021
PJT,effrosc01,,2021-04-02,2021
PJT,howarsa01,,2021-04-03,2021
PJT,stammcr01,,2021-04-04,2021
PJT,rodrije01,,2021-04-05,2021
PJT,anderta01,5.0,2021-04-06,2021
PJT,effrosc01,5.0,2021-04-07,2021
PJT,howarsa01,5.0,2021-04-08,2021
PJT,stammcr01,7.0,2021-04-11,2021
PJT,,5.0,2021-04-12,2021
PJT,anderta01,7.0,2021-04-13,2021
PJT,rodrije01,9.0,2021-04-14,2021
PJT,howarsa01,7.0,2021-04-15,2021
PJT,stammcr01,,2021-04-17,2021
PJT,effrosc01,,2021-04-18,2021
PJT,dunnida01,,2021-04-18,2021
PJT,anderta01,6.0,2021-04-19,2021
PJT,rodrije01,6.0,2021-04-20,2021
PJT,stammcr01,6.0,2021-04-23,2021
PJT,effrosc01,6.0,2021-04-24,2021
PJT,dunnida01,7.0,2021-04-25,2021
PJT,anderta01,8.0,2021-04-27,2021
PJT,,6.0,2021-04-29,2021
PJT,rodrije01,9.0,2021-04-29,2021
PJT,effrosc01,,2021-04-30,2021
PJT,howarsa01,16.0,2021-05-01,2021
PJT,anderta01,5.0,2021-05-02,2021
PJT,stammcr01,5.0,2021-05-04,2021
PJT,effrosc01,5.0,2021-05-05,2021
PJT,rodrije01,8.0,2021-05-07,2021
PJT,howarsa01,7.0,2021-05-08,2021
PJT,anderta01,7.0,2021-05-09,2021
PJT,stammcr01,7.0,2021-05-11,2021
PJT,effrosc01,,2021-05-12,2021
PJT,howarsa01,5.0,2021-05-13,2021
PJT,anderta01,5.0,2021-05-14,2021
PJT,dunnida01,19.0,2021-05-14,2021
PJT,rodrije01,8.0,2021-05-15,2021
PJT,stammcr01,5.0,2021-05-16,2021
PJT,effrosc01,5.0,2021-05-17,2021
PJT,,5.0,2021-05-18,2021
PJT,anderta01,5.0,2021-05-19,2021
PJT,rodrije01,6.0,2021-05-21,2021
PJT,stammcr01,6.0,2021-05-22,2021
PJT,effrosc01,6.0,2021-05-23,2021
PJT,howarsa01,6.0,2021-05-24,2021
PJT,anderta01,6.0,2021-05-25,2021
PJT,rodrije01,5.0,2021-05-26,2021
PJT,stammcr01,5.0,2021-05-27,2021
PJT,effrosc01,6.0,2021-05-29,2021
PJT,howarsa01,5.0,2021-05-29,2021
PJT,anderta01,5.0,2021-05-30,2021
PJT,rodrije01,5.0,2021-05-31,2021
PJT,hamelco01,,2021-05-31,2021
PJT,stammcr01,5.0,2021-06-01,2021
PJT,howarsa01,5.0,2021-06-03,2021
PJT,effrosc01,6.0,2021-06-04,2021
PJT,anderta01,6.0,2021-06-05,2021
PJT,stammcr01,5.0,2021-06-06,2021
PJT,rodrije01,8.0,2021-06-08,2021
PJT,howarsa01,6.0,2021-06-09,2021
PJT,effrosc01,6.0,2021-06-10,2021
PJT,anderta01,6.0,2021-06-11,2021
PJT,stammcr01,6.0,2021-06-12,2021
PJT,rodrije01,5.0,2021-06-13,2021
PJT,howarsa01,5.0,2021-06-14,2021
PJT,effrosc01,5.0,2021-06-15,2021
PJT,anderta01,5.0,2021-06-16,2021
PJT,stammcr01,5.0,2021-06-17,2021
PJT,rodrije01,5.0,2021-06-18,2021
PJT,howarsa01,5.0,2021-06-19,2021
PJT,effrosc01,5.0,2021-06-20,2021
PJT,,6.0,2021-06-22,2021
PJT,stammcr01,6.0,2021-06-23,2021
PJT,rodrije01,7.0,2021-06-25,2021
PJT,howarsa01,7.0,2021-06-26,2021
PJT,mileywa01,,2021-06-27,2021
PJT,anderta01,7.0,2021-06-29,2021
PJT,stammcr01,7.0,2021-06-30,2021
PJT,,,2021-07-01,2021
PJT,howarsa01,,2021-07-02,2021
PJT,effrosc01,13.0,2021-07-03,2021
PJT,anderta01,5.0,2021-07-04,2021
PJT,stammcr01,5.0,2021-07-05,2021
PJT,rodrije01,5.0,2021-07-06,2021
PJT,howarsa01,5.0,2021-07-07,2021
PJT,effrosc01,6.0,2021-07-09,2021
PJT,anderta01,6.0,2021-07-10,2021
PJT,stammcr01,6.0,2021-07-11,2021
PJT,stammcr01,5.0,2021-07-16,2021
PJT,anderta01,7.0,2021-07-17,2021
PJT,rodrije01,12.0,2021-07-18,2021
PJT,murfepe01,,2021-07-19,2021
PJT,howarsa01,12.0,2021-07-19,2021
PJT,effrosc01,11.0,2021-07-20,2021
PJT,stammcr01,5.0,2021-07-21,2021
PJT,anderta01,6.0,2021-07-23,2021
PJT,rodrije01,6.0,2021-07-24,2021
PJT,howarsa01,6.0,2021-07-25,2021
PJT,effrosc01,6.0,2021-07-26,2021
PJT,stammcr01,6.0,2021-07-27,2021
PJT,anderta01,5.0,2021-07-28,2021
PJT,rodrije01,5.0,2021-07-29,2021
PJT,howarsa01,5.0,2021-07-30,2021
PJT,effrosc01,5.0,2021-07-31,2021
PJT,anderta01,,2022-04-08,2022
PJT,stammcr01,,2022-04-09,2022
PJT,dunnida01,,2022-04-10,2022
PJT,kaprija01,,2022-04-12,2022
PJT,effrosc01,,2022-04-13,2022
PJT,hamelco01,,2022-04-14,2022
PJT,stammcr01,6.0,2022-04-15,2022
PJT,dunnida01,6.0,2022-04-16,2022
PJT,kaprija01,5.0,2022-04-17,2022
PJT,effrosc01,7.0,2022-04-20,2022
PJT,hamelco01,6.0,2022-04-20,2022
PJT,stammcr01,6.0,2022-04-21,2022
PJT,dunnida01,6.0,2022-04-22,2022
PJT,kaprija01,6.0,2022-04-23,2022
PJT,anderta01,16.0,2022-04-24,2022
PJT,effrosc01,6.0,2022-04-26,2022
PJT,stammcr01,6.0,2022-04-27,2022
PJT,dunnida01,6.0,2022-04-28,2022
PJT,anderta01,5.0,2022-04-29,2022
PJT,kaprija01,7.0,2022-04-30,2022
PJT,effrosc01,5.0,2022-05-01,2022
PJT,stammcr01,5.0,2022-05-02,2022
PJT,dunnida01,5.0,2022-05-03,2022
PJT,anderta01,5.0,2022-05-04,2022
PJT,,6.0,2022-05-06,2022
PJT,stammcr01,5.0,2022-05-07,2022
PJT,effrosc01,7.0,2022-05-08,2022
PJT,dunnida01,6.0,2022-05-09,2022
PJT,anderta01,6.0,2022-05-10,2022
PJT,stammcr01,5.0,2022-05-12,2022
PJT,kaprija01,,2022-05-13,2022
PJT,effrosc01,6.0,2022-05-14,2022
PJT,dunnida01,6.0,2022-05-15,2022
PJT,felizmi01,,2022-05-16,2022
PJT,stammcr01,5.0,2022-05-17,2022
PJT,,,2022-05-17,2022
PJT,anderta01,8.0,2022-05-18,2022
PJT,kaprija01,6.0,2022-05-19,2022
PJT,,7.0,2022-05-21,2022
PJT,dunnida01,7.0,2022-05-22,2022
PJT,felizmi01,6.0,2022-05-22,2022
PJT,stammcr01,7.0,2022-05-24,2022
PJT,anderta01,7.0,2022-05-25,2022
PJT,effrosc01,5.0,2022-05-26,2022
PJT,felizmi01,6.0,2022-05-28,2022
PJT,stammcr01,,2022-05-29,2022
PJT,anderta01,6.0,2022-05-31,2022
PJT,dunnida01,10.0,2022-06-01,2022
PJT,felizmi01,5.0,2022-06-02,2022
PJT,simslu01,17.0,2022-06-03,2022
PJT,stammcr01,6.0,2022-06-04,2022
PJT,anderta01,,2022-06-05,2022
PJT,dunnida01,6.0,2022-06-07,2022
PJT,felizmi01,6.0,2022-06-08,2022
PJT,,5.0,2022-06-09,2022
PJT,murfepe01,,2022-06-10,2022
PJT,anderta01,6.0,2022-06-11,2022
PJT,dunnida01,5.0,2022-06-12,2022
PJT,howarsa01,,2022-06-13,2022
PJT,stammcr01,5.0,2022-06-14,2022
PJT,kaprija01,27.0,2022-06-15,2022
PJT,anderta01,6.0,2022-06-17,2022
PJT,felizmi01,10.0,2022-06-18,2022
PJT,dunnida01,7.0,2022-06-19,2022
PJT,howarsa01,7.0,2022-06-20,2022
PJT,stammcr01,7.0,2022-06-21,2022
PJT,anderta01,5.0,2022-06-22,2022
PJT,felizmi01,5.0,2022-06-23,2022
PJT,dunnida01,5.0,2022-06-24,2022
PJT,howarsa01,5.0,2022-06-25,2022
PJT,stammcr01,5.0,2022-06-26,2022
PJT,anderta01,,2022-06-27,2022
PJT,felizmi01,5.0,2022-06-28,2022
PJT,dunnida01,5.0,2022-06-29,2022
PJT,howarsa01,6.0,2022-07-01,2022
PJT,stammcr01,6.0,2022-07-02,2022
PJT,anderta01,6.0,2022-07-03,2022
PJT,felizmi01,6.0,2022-07-04,2022
PJT,dunnida01,6.0,2022-07-05,2022
PJT,howarsa01,5.0,2022-07-06,2022
PJT,stammcr01,5.0,2022-07-07,2022
PJT,anderta01,5.0,2022-07-08,2022
PJT,felizmi01,5.0,2022-07-09,2022
PJT,dunnida01,5.0,2022-07-10,2022
PJT,howarsa01,5.0,2022-07-11,2022
PJT,stammcr01,5.0,2022-07-12,2022
PJT,simslu01,39.0,2022-07-12,2022
PJT,anderta01,5.0,2022-07-13,2022
PJT,felizmi01,5.0,2022-07-14,2022
PJT,dunnida01,5.0,2022-07-15,2022
PJT,howarsa01,5.0,2022-07-16,2022
PJT,stammcr01,5.0,2022-07-17,2022
PJT,anderta01,9.0,2022-07-22,2022
PJT,felizmi01,9.0,2022-07-23,2022
PJT,howarsa01,7.0,2022-07-23,2022
PJT,stammcr01,7.0,2022-07-24,2022
PJT,dunnida01,11.0,2022-07-26,2022
PJT,anderta01,5.0,2022-07-27,2022
PJT,howarsa01,6.0,2022-07-29,2022
PJT,felizmi01,7.0,2022-07-30,2022
PJT,stammcr01,7.0,2022-07-31,2022
PJT,stammcr01,,2023-03-30,2023
PJT,howarsa01,,2023-03-31,2023
PJT,anderta01,,2023-04-01,2023
PJT,baumami01,,2023-04-02,2023
PJT,dunnida01,,2023-04-03,2023
PJT,stammcr01,6.0,2023-04-05,2023
PJT,howarsa01,6.0,2023-04-06,2023
PJT,anderta01,6.0,2023-04-07,2023
PJT,baumami01,6.0,2023-04-08,2023
PJT,dunnida01,6.0,2023-04-09,2023
PJT,stammcr01,5.0,2023-04-10,2023
PJT,howarsa01,5.0,2023-04-11,2023
PJT,anderta01,5.0,2023-04-12,2023
PJT,baumami01,6.0,2023-04-14,2023
PJT,,6.0,2023-04-15,2023
PJT,stammcr01,6.0,2023-04-16,2023
PJT,anderta01,6.0,2023-04-18,2023
PJT,howarsa01,7.0,2023-04-18,2023
PJT,baumami01,5.0,2023-04-19,2023
PJT,dunnida01,6.0,2023-04-21,2023
PJT,stammcr01,6.0,2023-04-22,2023
PJT,anderta01,5.0,2023-04-23,2023
PJT,,6.0,2023-04-24,2023
PJT,baumami01,6.0,2023-04-25,2023
PJT,dunnida01,5.0,2023-04-26,2023
PJT,stammcr01,5.0,2023-04-27,2023
PJT,anderta01,5.0,2023-04-28,2023
PJT,howarsa01,5.0,2023-04-29,2023
PJT,baumami01,5.0,2023-04-30,2023
PJT,dunnida01,6.0,2023-05-02,2023
PJT,stammcr01,6.0,2023-05-03,2023
PJT,anderta01,6.0,2023-05-04,2023
PJT,,,2023-05-05,2023
PJT,baumami01,6.0,2023-05-06,2023
PJT,dunnida01,5.0,2023-05-07,2023
PJT,stammcr01,5.0,2023-05-08,2023
PJT,anderta01,5.0,2023-05-09,2023
PJT,howarsa01,5.0,2023-05-10,2023
PJT,baumami01,5.0,2023-05-11,2023
PJT,dunnida01,5.0,2023-05-12,2023
PJT,stammcr01,5.0,2023-05-13,2023
PJT,anderta01,5.0,2023-05-14,2023
PJT,howarsa01,6.0,2023-05-16,2023
PJT,baumami01,6.0,2023-05-17,2023
PJT,stammcr01,5.0,2023-05-18,2023
PJT,,7.0,2023-05-19,2023
PJT,anderta01,6.0,2023-05-20,2023
PJT,howarsa01,5.0,2023-05-21,2023
PJT,hamelco01,,2023-05-22,2023
PJT,stammcr01,5.0,2023-05-23,2023
PJT,dunnida01,5.0,2023-05-24,2023
PJT,anderta01,,2023-05-25,2023
PJT,howarsa01,5.0,2023-05-26,2023
PJT,sampske01,,2023-05-27,2023
PJT,stammcr01,5.0,2023-05-28,2023
PJT,dunnida01,5.0,2023-05-29,2023
PJT,anderta01,5.0,2023-05-30,2023
PJT,howarsa01,5.0,2023-05-31,2023
PJT,baumami01,16.0,2023-06-02,2023
PJT,stammcr01,6.0,2023-06-03,2023
PJT,dunnida01,6.0,2023-06-04,2023
PJT,anderta01,7.0,2023-06-06,2023
PJT,howarsa01,8.0,2023-06-08,2023
PJT,baumami01,6.0,2023-06-08,2023
PJT,stammcr01,6.0,2023-06-09,2023
PJT,dunnida01,6.0,2023-06-10,2023
PJT,anderta01,5.0,2023-06-11,2023
PJT,howarsa01,5.0,2023-06-13,2023
PJT,baumami01,6.0,2023-06-14,2023
PJT,stammcr01,,2023-06-15,2023
PJT,,6.0,2023-06-16,2023
PJT,anderta01,6.0,2023-06-17,2023
PJT,howarsa01,5.0,2023-06-18,2023
PJT,pruitau01,,2023-06-19,2023
PJT,stammcr01,5.0,2023-06-20,2023
PJT,dunnida01,5.0,2023-06-21,2023
PJT,anderta01,6.0,2023-06-23,2023
PJT,howarsa01,6.0,2023-06-24,2023
PJT,pruitau01,6.0,2023-06-25,2023
PJT,stammcr01,6.0,2023-06-26,2023
PJT,dunnida01,6.0,2023-06-27,2023
PJT,anderta01,5.0,2023-06-28,2023
PJT,howarsa01,5.0,2023-06-29,2023
PJT,pruitau01,5.0,2023-06-30,2023
PJT,stammcr01,5.0,2023-07-01,2023
PJT,thompke02,16.0,2023-07-02,2023
PJT,anderta01,,2023-07-04,2023
PJT,howarsa01,7.0,2023-07-06,2023
PJT,sampske01,40.0,2023-07-06,2023
PJT,stammcr01,6.0,2023-07-07,2023
PJT,thompke02,6.0,2023-07-08,2023
PJT,anderta01,5.0,2023-07-09,2023
PJT,dunnida01,17.0,2023-07-14,2023
PJT,howarsa01,9.0,2023-07-15,2023
PJT,stammcr01,9.0,2023-07-16,2023
PJT,anderta01,9.0,2023-07-18,2023
PJT,thompke02,11.0,2023-07-19,2023
PJT,dunnida01,6.0,2023-07-20,2023
PJT,howarsa01,6.0,2023-07-21,2023
PJT,stammcr01,6.0,2023-07-22,2023
PJT,anderta01,5.0,2023-07-23,2023
PJT,dunnida01,5.0,2023-07-25,2023
PJT,,5.0,2023-07-26,2023
PJT,stammcr01,,2023-07-27,2023
PJT,thompke02,9.0,2023-07-28,2023
PJT,baumami01,45.0,2023-07-29,2023
PJT,dunnida01,5.0,2023-07-30,2023
QDH,willitr01,,2016-04-04,2016
QDH,jeffrje01,,2016-04-05,2016
QDH,walstbl01,,2016-04-06,2016
QDH,fulmeca01,,2016-04-07,2016
QDH,logueza01,,2016-04-08,2016
QDH,willitr01,5.0,2016-04-09,2016
QDH,jeffrje01,5.0,2016-04-10,2016
QDH,walstbl01,5.0,2016-04-11,2016
QDH,fulmeca01,5.0,2016-04-12,2016
QDH,logueza01,5.0,2016-04-13,2016
QDH,willitr01,6.0,2016-04-15,2016
QDH,walstbl01,5.0,2016-04-16,2016
QDH,jeffrje01,7.0,2016-04-17,2016
QDH,logueza01,6.0,2016-04-19,2016
QDH,fulmeca01,8.0,2016-04-20,2016
QDH,willitr01,6.0,2016-04-21,2016
QDH,walstbl01,6.0,2016-04-22,2016
QDH,jeffrje01,6.0,2016-04-23,2016
QDH,logueza01,5.0,2016-04-24,2016
QDH,fulmeca01,5.0,2016-04-25,2016
QDH,willitr01,5.0,2016-04-26,2016
QDH,walstbl01,5.0,2016-04-27,2016
QDH,,5.0,2016-04-28,2016
QDH,,,2016-04-29,2016
QDH,webblo01,,2016-04-30,2016
QDH,,,2016-05-01,2016
QDH,fulmeca01,7.0,2016-05-02,2016
QDH,walstbl01,6.0,2016-05-03,2016
QDH,livelbe01,5.0,2016-05-04,2016
QDH,webblo01,7.0,2016-05-07,2016
QDH,willitr01,6.0,2016-05-07,2016
QDH,fulmeca01,6.0,2016-05-08,2016
QDH,walstbl01,,2016-05-09,2016
QDH,livelbe01,6.0,2016-05-10,2016
QDH,logueza01,17.0,2016-05-11,2016
QDH,willitr01,6.0,2016-05-13,2016
QDH,fulmeca01,6.0,2016-05-14,2016
QDH,walstbl01,6.0,2016-05-15,2016
QDH,livelbe01,6.0,2016-05-16,2016
QDH,webblo01,10.0,2016-05-17,2016
QDH,,5.0,2016-05-18,2016
QDH,fulmeca01,5.0,2016-05-19,2016
QDH,walstbl01,5.0,2016-05-20,2016
QDH,livelbe01,5.0,2016-05-21,2016
QDH,webblo01,5.0,2016-05-22,2016
QDH,willitr01,5.0,2016-05-23,2016
QDH,fulmeca01,5.0,2016-05-24,2016
QDH,anderch01,,2016-05-25,2016
QDH,livelbe01,6.0,2016-05-27,2016
QDH,webblo01,6.0,2016-05-28,2016
QDH,willitr01,6.0,2016-05-29,2016
QDH,fulmeca01,6.0,2016-05-30,2016
QDH,logueza01,20.0,2016-05-31,2016
QDH,livelbe01,5.0,2016-06-01,2016
QDH,webblo01,6.0,2016-06-03,2016
QDH,fulmeca01,5.0,2016-06-04,2016
QDH,walstbl01,16.0,2016-06-05,2016
QDH,livelbe01,6.0,2016-06-07,2016
QDH,webblo01,5.0,2016-06-08,2016
QDH,walstbl01,5.0,2016-06-10,2016
QDH,rodrica02,,2016-06-11,2016
QDH,fulmeca01,8.0,2016-06-12,2016
QDH,livelbe01,,2016-06-13,2016
QDH,logueza01,14.0,2016-06-14,2016
QDH,walstbl01,5.0,2016-06-15,2016
QDH,rodrica02,5.0,2016-06-16,2016
QDH,,5.0,2016-06-17,2016
QDH,ottogl01,,2016-06-18,2016
QDH,logueza01,5.0,2016-06-19,2016
QDH,walstbl01,6.0,2016-06-21,2016
QDH,rodrica02,6.0,2016-06-22,2016
QDH,fulmeca01,6.0,2016-06-23,2016
QDH,logueza01,5.0,2016-06-24,2016
QDH,rasmudr01,,2016-06-25,2016
QDH,walstbl01,5.0,2016-06-26,2016
QDH,rodrica02,5.0,2016-06-27,2016
QDH,fulmeca01,5.0,2016-06-28,2016
QDH,livelbe01,16.0,2016-06-29,2016
QDH,rasmudr01,5.0,2016-06-30,2016
QDH,walstbl01,5.0,2016-07-01,2016
QDH,willitr01,34.0,2016-07-02,2016
QDH,rodrica02,6.0,2016-07-03,2016
QDH,fulmeca01,6.0,2016-07-04,2016
QDH,livelbe01,6.0,2016-07-05,2016
QDH,walstbl01,5.0,2016-07-06,2016
QDH,willitr01,5.0,2016-07-07,2016
QDH,rodrica02,,2016-07-08,2016
QDH,fulmeca01,5.0,2016-07-09,2016
QDH,livelbe01,5.0,2016-07-10,2016
QDH,,7.0,2016-07-15,2016
QDH,walstbl01,10.0,2016-07-16,2016
QDH,willitr01,10.0,2016-07-17,2016
QDH,fulmeca01,9.0,2016-07-18,2016
QDH,rasmudr01,19.0,2016-07-19,2016
QDH,rodrica02,5.0,2016-07-20,2016
QDH,,5.0,2016-07-21,2016
QDH,livelbe01,12.0,2016-07-22,2016
QDH,,5.0,2016-07-23,2016
QDH,webblo01,46.0,2016-07-24,2016
QDH,rodrica02,5.0,2016-07-25,2016
QDH,walstbl01,5.0,2016-07-26,2016
QDH,livelbe01,5.0,2016-07-27,2016
QDH,fulmeca01,6.0,2016-07-29,2016
QDH,rasmudr01,11.0,2016-07-30,2016
QDH,walstbl01,5.0,2016-07-31,2016
QDH,fulmeca01,,2017-04-03,2017
QDH,livelbe01,,2017-04-04,2017
QDH,wilsoty01,,2017-04-05,2017
QDH,ottogl01,,2017-04-06,2017
QDH,niesejo01,,2017-04-07,2017
QDH,fulmeca01,5.0,2017-04-08,2017
QDH,livelbe01,5.0,2017-04-09,2017
QDH,wilsoty01,5.0,2017-04-10,2017
QDH,ottogl01,6.0,2017-04-12,2017
QDH,webblo01,,2017-04-13,2017
QDH,fulmeca01,6.0,2017-04-14,2017
QDH,livelbe01,6.0,2017-04-15,2017
QDH,wilsoty01,7.0,2017-04-17,2017
QDH,ottogl01,6.0,2017-04-18,2017
QDH,webblo01,,2017-04-19,2017
QDH,bakerbr01,,2017-04-20,2017
QDH,livelbe01,6.0,2017-04-21,2017
QDH,wilsoty01,5.0,2017-04-22,2017
QDH,ottogl01,5.0,2017-04-23,2017
QDH,webblo01,6.0,2017-04-25,2017
QDH,livelbe01,5.0,2017-04-26,2017
QDH,fulmeca01,13.0,2017-04-27,2017
QDH,wilsoty01,6.0,2017-04-28,2017
QDH,ottogl01,6.0,2017-04-29,2017
QDH,webblo01,5.0,2017-04-30,2017
QDH,walstbl01,,2017-05-02,2017
QDH,fulmeca01,6.0,2017-05-03,2017
QDH,wilsoty01,6.0,2017-05-04,2017
QDH,ottogl01,6.0,2017-05-05,2017
QDH,webblo01,6.0,2017-05-06,2017
QDH,walstbl01,5.0,2017-05-07,2017
QDH,fulmeca01,5.0,2017-05-08,2017
QDH,wilsoty01,5.0,2017-05-09,2017
QDH,ottogl01,5.0,2017-05-10,2017
QDH,,6.0,2017-05-12,2017
QDH,walstbl01,6.0,2017-05-13,2017
QDH,fulmeca01,6.0,2017-05-14,2017
QDH,livelbe01,19.0,2017-05-15,2017
QDH,ottogl01,6.0,2017-05-16,2017
QDH,webblo01,5.0,2017-05-17,2017
QDH,walstbl01,5.0,2017-05-18,2017
QDH,fulmeca01,5.0,2017-05-19,2017
QDH,livelbe01,5.0,2017-05-20,2017
QDH,ottogl01,5.0,2017-05-21,2017
QDH,webblo01,6.0,2017-05-23,2017
QDH,walstbl01,6.0,2017-05-24,2017
QDH,livelbe01,6.0,2017-05-26,2017
QDH,wilsoty01,18.0,2017-05-27,2017
QDH,ottogl01,7.0,2017-05-28,2017
QDH,rodrica02,,2017-05-29,2017
QDH,walstbl01,6.0,2017-05-30,2017
QDH,livelbe01,5.0,2017-05-31,2017
QDH,wilsoty01,5.0,2017-06-01,2017
QDH,ottogl01,5.0,2017-06-02,2017
QDH,rodrica02,5.0,2017-06-03,2017
QDH,walstbl01,5.0,2017-06-04,2017
QDH,livelbe01,5.0,2017-06-05,2017
QDH,webblo01,14.0,2017-06-06,2017
QDH,wilsoty01,6.0,2017-06-07,2017
QDH,ottogl01,,2017-06-09,2017
QDH,walstbl01,6.0,2017-06-10,2017
QDH,livelbe01,5.0,2017-06-10,2017
QDH,webblo01,5.0,2017-06-11,2017
QDH,wilsoty01,6.0,2017-06-13,2017
QDH,burneco01,,2017-06-14,2017
QDH,walstbl01,5.0,2017-06-15,2017
QDH,livelbe01,6.0,2017-06-16,2017
QDH,webblo01,6.0,2017-06-17,2017
QDH,wilsoty01,5.0,2017-06-18,2017
QDH,burneco01,5.0,2017-06-19,2017
QDH,walstbl01,5.0,2017-06-20,2017
QDH,livelbe01,5.0,2017-06-21,2017
QDH,webblo01,5.0,2017-06-22,2017
QDH,wilsoty01,5.0,2017-06-23,2017
QDH,burneco01,5.0,2017-06-24,2017
QDH,walstbl01,5.0,2017-06-25,2017
QDH,livelbe01,6.0,2017-06-27,2017
QDH,webblo01,,2017-06-28,2017
QDH,,5.0,2017-06-29,2017
QDH,walstbl01,5.0,2017-06-30,2017
QDH,feltnry01,,2017-07-01,2017
QDH,livelbe01,5.0,2017-07-02,2017
QDH,wilsoty01,10.0,2017-07-03,2017
QDH,burneco01,5.0,2017-07-04,2017
QDH,walstbl01,5.0,2017-07-05,2017
QDH,feltnry01,5.0,2017-07-06,2017
QDH,livelbe01,5.0,2017-07-07,2017
QDH,merryju01,,2017-07-08,2017
QDH,burneco01,5.0,2017-07-09,2017
QDH,walstbl01,9.0,2017-07-14,2017
QDH,feltnry01,9.0,2017-07-15,2017
QDH,livelbe01,9.0,2017-07-16,2017
QDH,burneco01,8.0,2017-07-17,2017
QDH,merryju01,10.0,2017-07-18,2017
QDH,,5.0,2017-07-19,2017
QDH,feltnry01,6.0,2017-07-21,2017
QDH,livelbe01,6.0,2017-07-22,2017
QDH,burneco01,6.0,2017-07-23,2017
QDH,merryju01,6.0,2017-07-24,2017
QDH,walstbl01,6.0,2017-07-25,2017
QDH,feltnry01,5.0,2017-07-26,2017
QDH,livelbe01,5.0,2017-07-27,2017
QDH,burneco01,5.0,2017-07-28,2017
QDH,merryju01,5.0,2017-07-29,2017
QDH,wilsoty01,27.0,2017-07-30,2017
QDH,feltnry01,5.0,2017-07-31,2017
QDH,,,2018-03-29,2018
QDH,livelbe01,,2018-03-30,2018
QDH,rodrica02,,2018-03-31,2018
QDH,burneco01,,2018-04-01,2018
QDH,ottogl01,,2018-04-02,2018
QDH,fulmeca01,5.0,2018-04-03,2018
QDH,livelbe01,5.0,2018-04-04,2018
QDH,rodrica02,5.0,2018-04-05,2018
QDH,burneco01,5.0,2018-04-06,2018
QDH,ottogl01,5.0,2018-04-07,2018
QDH,fulmeca01,5.0,2018-04-08,2018
QDH,livelbe01,6.0,2018-04-10,2018
QDH,rodrica02,6.0,2018-04-11,2018
QDH,ottogl01,6.0,2018-04-13,2018
QDH,fulmeca01,6.0,2018-04-14,2018
QDH,livelbe01,5.0,2018-04-15,2018
QDH,rodrica02,5.0,2018-04-16,2018
QDH,ramirer02,,2018-04-17,2018
QDH,ottogl01,5.0,2018-04-18,2018
QDH,fulmeca01,6.0,2018-04-20,2018
QDH,livelbe01,6.0,2018-04-21,2018
QDH,rodrica02,6.0,2018-04-22,2018
QDH,ramirer02,6.0,2018-04-23,2018
QDH,ottogl01,6.0,2018-04-24,2018
QDH,fulmeca01,5.0,2018-04-25,2018
QDH,livelbe01,6.0,2018-04-27,2018
QDH,rodrica02,6.0,2018-04-28,2018
QDH,ramirer02,6.0,2018-04-29,2018
QDH,ottogl01,7.0,2018-05-01,2018
QDH,conlead01,,2018-05-02,2018
QDH,livelbe01,6.0,2018-05-03,2018
QDH,rodrica02,6.0,2018-05-04,2018
QDH,ramirer02,6.0,2018-05-05,2018
QDH,ottogl01,5.0,2018-05-06,2018
QDH,conlead01,5.0,2018-05-07,2018
QDH,livelbe01,5.0,2018-05-08,2018
QDH,rodrica02,5.0,2018-05-09,2018
QDH,fulmeca01,16.0,2018-05-11,2018
QDH,ottogl01,6.0,2018-05-12,2018
QDH,conlead01,6.0,2018-05-13,2018
QDH,livelbe01,6.0,2018-05-14,2018
QDH,rodrica02,6.0,2018-05-15,2018
QDH,ramirer02,11.0,2018-05-16,2018
QDH,ottogl01,5.0,2018-05-17,2018
QDH,conlead01,5.0,2018-05-18,2018
QDH,livelbe01,5.0,2018-05-19,2018
QDH,rodrica02,5.0,2018-05-20,2018
QDH,ramirer02,6.0,2018-05-22,2018
QDH,burneco01,47.0,2018-05-23,2018
QDH,perezeu02,,2018-05-24,2018
QDH,livelbe01,6.0,2018-05-25,2018
QDH,rodrica02,6.0,2018-05-26,2018
QDH,alvarjo02,,2018-05-27,2018
QDH,ramirer02,6.0,2018-05-28,2018
QDH,burneco01,6.0,2018-05-29,2018
QDH,livelbe01,5.0,2018-05-30,2018
QDH,rodrica02,5.0,2018-05-31,2018
QDH,alvarjo02,5.0,2018-06-01,2018
QDH,,5.0,2018-06-02,2018
QDH,burneco01,5.0,2018-06-03,2018
QDH,livelbe01,6.0,2018-06-05,2018
QDH,rodrica02,6.0,2018-06-06,2018
QDH,feltnry01,,2018-06-07,2018
QDH,alvarjo02,7.0,2018-06-08,2018
QDH,jeffrje01,,2018-06-09,2018
QDH,livelbe01,5.0,2018-06-10,2018
QDH,rodrica02,6.0,2018-06-12,2018
QDH,feltnry01,6.0,2018-06-13,2018
QDH,alvarjo02,6.0,2018-06-14,2018
QDH,jeffrje01,6.0,2018-06-15,2018
QDH,,6.0,2018-06-16,2018
QDH,rodrica02,5.0,2018-06-17,2018
QDH,feltnry01,,2018-06-19,2018
QDH,alvarjo02,6.0,2018-06-20,2018
QDH,jeffrje01,7.0,2018-06-22,2018
QDH,livelbe01,6.0,2018-06-22,2018
QDH,rodrica02,6.0,2018-06-23,2018
QDH,feltnry01,5.0,2018-06-24,2018
QDH,mckaybr01,,2018-06-25,2018
QDH,alvarjo02,6.0,2018-06-26,2018
QDH,jeffrje01,5.0,2018-06-27,2018
QDH,livelbe01,6.0,2018-06-28,2018
QDH,feltnry01,5.0,2018-06-29,2018
QDH,mckaybr01,5.0,2018-06-30,2018
QDH,alvarjo02,5.0,2018-07-01,2018
QDH,jeffrje01,6.0,2018-07-03,2018
QDH,,6.0,2018-07-04,2018
QDH,feltnry01,7.0,2018-07-06,2018
QDH,mckaybr01,7.0,2018-07-07,2018
QDH,conlead01,51.0,2018-07-08,2018
QDH,alvarjo02,,2018-07-09,2018
QDH,livelbe01,6.0,2018-07-10,2018
QDH,jeffrje01,8.0,2018-07-11,2018
QDH,ramirer02,40.0,2018-07-12,2018
QDH,mckaybr01,6.0,2018-07-13,2018
QDH,conlead01,6.0,2018-07-14,2018
QDH,livelbe01,5.0,2018-07-15,2018
QDH,mckaybr01,7.0,2018-07-20,2018
QDH,ramirer02,9.0,2018-07-21,2018
QDH,livelbe01,7.0,2018-07-22,2018
QDH,conlead01,9.0,2018-07-23,2018
QDH,alvarjo02,15.0,2018-07-24,2018
QDH,mckaybr01,5.0,2018-07-25,2018
QDH,,5.0,2018-07-26,2018
QDH,livelbe01,5.0,2018-07-27,2018
QDH,conlead01,5.0,2018-07-28,2018
QDH,alvarjo02,5.0,2018-07-29,2018
QDH,mckaybr01,5.0,2018-07-30,2018
QDH,ramirer02,5.0,2018-07-31,2018
QDH,henryto01,,2019-03-20,2019
QDH,brubajt01,,2019-03-21,2019
QDH,henryto01,8.0,2019-03-28,2019
QDH,brubajt01,8.0,2019-03-29,2019
QDH,conlead01,,2019-03-30,2019
QDH,alvarjo02,,2019-03-31,2019
QDH,,,2019-04-01,2019
QDH,henryto01,5.0,2019-04-02,2019
QDH,brubajt01,5.0,2019-04-03,2019
QDH,conlead01,5.0,2019-04-04,2019
QDH,alvarjo02,5.0,2019-04-05,2019
QDH,erlinro01,5.0,2019-04-06,2019
QDH,henryto01,5.0,2019-04-07,2019
QDH,brubajt01,5.0,2019-04-08,2019
QDH,conlead01,,2019-04-09,2019
QDH,alvarjo02,5.0,2019-04-10,2019
QDH,erlinro01,5.0,2019-04-11,2019
QDH,henryto01,5.0,2019-04-12,2019
QDH,conlead01,5.0,2019-04-14,2019
QDH,brubajt01,8.0,2019-04-16,2019
QDH,alvarjo02,7.0,2019-04-17,2019
QDH,erlinro01,8.0,2019-04-19,2019
QDH,henryto01,8.0,2019-04-20,2019
QDH,conlead01,7.0,2019-04-21,2019
QDH,jeffrje01,,2019-04-22,2019
QDH,alvarjo02,6.0,2019-04-23,2019
QDH,erlinro01,,2019-04-24,2019
QDH,henryto01,6.0,2019-04-26,2019
QDH,conlead01,6.0,2019-04-27,2019
QDH,jeffrje01,6.0,2019-04-28,2019
QDH,alvarjo02,6.0,2019-04-29,2019
QDH,erlinro01,6.0,2019-04-30,2019
QDH,henryto01,5.0,2019-05-01,2019
QDH,conlead01,6.0,2019-05-03,2019
QDH,jeffrje01,,2019-05-04,2019
QDH,alvarjo02,6.0,2019-05-05,2019
QDH,henryto01,6.0,2019-05-07,2019
QDH,conlead01,5.0,2019-05-08,2019
QDH,jeffrje01,5.0,2019-05-09,2019
QDH,alvarjo02,5.0,2019-05-10,2019
QDH,garabge01,,2019-05-11,2019
QDH,rodrica02,,2019-05-12,2019
QDH,henryto01,6.0,2019-05-13,2019
QDH,conlead01,6.0,2019-05-14,2019
QDH,jeffrje01,7.0,2019-05-16,2019
QDH,alvarjo02,7.0,2019-05-17,2019
QDH,rodrica02,6.0,2019-05-18,2019
QDH,henryto01,6.0,2019-05-19,2019
QDH,conlead01,6.0,2019-05-20,2019
QDH,jeffrje01,5.0,2019-05-21,2019
QDH,alvarjo02,5.0,2019-05-22,2019
QDH,rodrica02,6.0,2019-05-24,2019
QDH,henryto01,6.0,2019-05-25,2019
QDH,conlead01,6.0,2019-05-26,2019
QDH,jeffrje01,6.0,2019-05-27,2019
QDH,alvarjo02,6.0,2019-05-28,2019
QDH,garabge01,18.0,2019-05-29,2019
QDH,henryto01,6.0,2019-05-31,2019
QDH,,,2019-06-01,2019
QDH,jeffrje01,6.0,2019-06-02,2019
QDH,alvarjo02,7.0,2019-06-04,2019
QDH,bassobr01,,2019-06-05,2019
QDH,henryto01,6.0,2019-06-06,2019
QDH,conlead01,6.0,2019-06-07,2019
QDH,feltnry01,,2019-06-08,2019
QDH,jeffrje01,6.0,2019-06-08,2019
QDH,alvarjo02,5.0,2019-06-09,2019
QDH,mitchbr01,,2019-06-10,2019
QDH,henryto01,,2019-06-11,2019
QDH,conlead01,5.0,2019-06-12,2019
QDH,jeffrje01,6.0,2019-06-14,2019
QDH,alvarjo02,,2019-06-15,2019
QDH,mitchbr01,,2019-06-16,2019
QDH,henryto01,6.0,2019-06-17,2019
QDH,conlead01,6.0,2019-06-18,2019
QDH,jeffrje01,5.0,2019-06-19,2019
QDH,alvarjo02,5.0,2019-06-20,2019
QDH,mitchbr01,5.0,2019-06-21,2019
QDH,henryto01,5.0,2019-06-22,2019
QDH,conlead01,5.0,2019-06-23,2019
QDH,,6.0,2019-06-25,2019
QDH,rodrica02,33.0,2019-06-26,2019
QDH,mitchbr01,6.0,2019-06-27,2019
QDH,henryto01,6.0,2019-06-28,2019
QDH,conlead01,6.0,2019-06-29,2019
QDH,,5.0,2019-06-30,2019
QDH,rodrica02,6.0,2019-07-02,2019
QDH,henryto01,5.0,2019-07-03,2019
QDH,mitchbr01,7.0,2019-07-04,2019
QDH,conlead01,6.0,2019-07-05,2019
QDH,jeffrje01,6.0,2019-07-06,2019
QDH,rodrica02,5.0,2019-07-07,2019
QDH,henryto01,9.0,2019-07-12,2019
QDH,jeffrje01,7.0,2019-07-13,2019
QDH,conlead01,9.0,2019-07-14,2019
QDH,rodrica02,9.0,2019-07-16,2019
QDH,reaco01,13.0,2019-07-17,2019
QDH,henryto01,6.0,2019-07-18,2019
QDH,jeffrje01,6.0,2019-07-19,2019
QDH,conlead01,6.0,2019-07-20,2019
QDH,rodrica02,5.0,2019-07-21,2019
QDH,reaco01,5.0,2019-07-22,2019
QDH,henryto01,5.0,2019-07-23,2019
QDH,jeffrje01,5.0,2019-07-24,2019
QDH,conlead01,5.0,2019-07-25,2019
QDH,rodrica02,5.0,2019-07-26,2019
QDH,reaco01,5.0,2019-07-27,2019
QDH,henryto01,5.0,2019-07-28,2019
QDH,jeffrje01,6.0,2019-07-30,2019
QDH,conlead01,6.0,2019-07-31,2019
QDH,,,2021-04-01,2021
QDH,lambeji01,,2021-04-02,2021
QDH,vargace01,,2021-04-03,2021
QDH,livelbe01,,2021-04-04,2021
QDH,alvarjo02,,2021-04-05,2021
QDH,jeffrje01,5.0,2021-04-06,2021
QDH,lambeji01,5.0,2021-04-07,2021
QDH,vargace01,5.0,2021-04-08,2021
QDH,livelbe01,5.0,2021-04-09,2021
QDH,alvarjo02,5.0,2021-04-10,2021
QDH,jeffrje01,6.0,2021-04-12,2021
QDH,lambeji01,6.0,2021-04-13,2021
QDH,livelbe01,6.0,2021-04-15,2021
QDH,alvarjo02,6.0,2021-04-16,2021
QDH,vargace01,9.0,2021-04-17,2021
QDH,jeffrje01,6.0,2021-04-18,2021
QDH,livelbe01,5.0,2021-04-20,2021
QDH,lambeji01,7.0,2021-04-20,2021
QDH,alvarjo02,5.0,2021-04-21,2021
QDH,,6.0,2021-04-23,2021
QDH,jeffrje01,6.0,2021-04-24,2021
QDH,lambeji01,5.0,2021-04-25,2021
QDH,livelbe01,6.0,2021-04-26,2021
QDH,alvarjo02,6.0,2021-04-27,2021
QDH,vargace01,5.0,2021-04-28,2021
QDH,jeffrje01,5.0,2021-04-29,2021
QDH,henryto01,,2021-04-30,2021
QDH,,6.0,2021-05-01,2021
QDH,livelbe01,6.0,2021-05-02,2021
QDH,alvarjo02,6.0,2021-05-03,2021
QDH,vargace01,6.0,2021-05-04,2021
QDH,jeffrje01,6.0,2021-05-05,2021
QDH,henryto01,6.0,2021-05-06,2021
QDH,livelbe01,5.0,2021-05-07,2021
QDH,,5.0,2021-05-08,2021
QDH,vargace01,5.0,2021-05-09,2021
QDH,jeffrje01,6.0,2021-05-11,2021
QDH,selbyco01,,2021-05-12,2021
QDH,livelbe01,6.0,2021-05-13,2021
QDH,alvarjo02,6.0,2021-05-14,2021
QDH,vargace01,6.0,2021-05-15,2021
QDH,jeffrje01,5.0,2021-05-16,2021
QDH,livelbe01,5.0,2021-05-18,2021
QDH,alvarjo02,5.0,2021-05-19,2021
QDH,vargace01,,2021-05-20,2021
QDH,selbyco01,9.0,2021-05-21,2021
QDH,jeffrje01,6.0,2021-05-22,2021
QDH,livelbe01,5.0,2021-05-23,2021
QDH,alvarjo02,5.0,2021-05-24,2021
QDH,vargace01,5.0,2021-05-25,2021
QDH,selbyco01,5.0,2021-05-26,2021
QDH,jeffrje01,,2021-05-27,2021
QDH,livelbe01,5.0,2021-05-28,2021
QDH,alvarjo02,5.0,2021-05-29,2021
QDH,vargace01,5.0,2021-05-30,2021
QDH,selbyco01,5.0,2021-05-31,2021
QDH,jeffrje01,5.0,2021-06-01,2021
QDH,livelbe01,5.0,2021-06-02,2021
QDH,alvarjo02,6.0,2021-06-04,2021
QDH,vargace01,6.0,2021-06-05,2021
QDH,selbyco01,6.0,2021-06-06,2021
QDH,jeffrje01,7.0,2021-06-08,2021
QDH,livelbe01,7.0,2021-06-09,2021
QDH,alvarjo02,6.0,2021-06-10,2021
QDH,vargace01,6.0,2021-06-11,2021
QDH,selbyco01,6.0,2021-06-12,2021
QDH,jeffrje01,5.0,2021-06-13,2021
QDH,livelbe01,5.0,2021-06-14,2021
QDH,alvarjo02,5.0,2021-06-15,2021
QDH,vargace01,5.0,2021-06-16,2021
QDH,selbyco01,6.0,2021-06-18,2021
QDH,jeffrje01,6.0,2021-06-19,2021
QDH,livelbe01,6.0,2021-06-20,2021
QDH,alvarjo02,6.0,2021-06-21,2021
QDH,vargace01,6.0,2021-06-22,2021
QDH,selbyco01,5.0,2021-06-23,2021
QDH,jeffrje01,5.0,2021-06-24,2021
QDH,livelbe01,5.0,2021-06-25,2021
QDH,alvarjo02,5.0,2021-06-26,2021
QDH,vargace01,5.0,2021-06-27,2021
QDH,selbyco01,6.0,2021-06-29,2021
QDH,jeffrje01,,2021-06-30,2021
QDH,livelbe01,6.0,2021-07-01,2021
QDH,alvarjo02,6.0,2021-07-02,2021
QDH,vargace01,6.0,2021-07-03,2021
QDH,selbyco01,5.0,2021-07-04,2021
QDH,jeffrje01,6.0,2021-07-06,2021
QDH,livelbe01,6.0,2021-07-07,2021
QDH,alvarjo02,6.0,2021-07-08,2021
QDH,vargace01,6.0,2021-07-09,2021
QDH,selbyco01,6.0,2021-07-10,2021
QDH,jeffrje01,5.0,2021-07-11,2021
QDH,livelbe01,9.0,2021-07-16,2021
QDH,alvarjo02,9.0,2021-07-17,2021
QDH,jeffrje01,7.0,2021-07-18,2021
QDH,vargace01,10.0,2021-07-19,2021
QDH,selbyco01,10.0,2021-07-20,2021
QDH,livelbe01,6.0,2021-07-22,2021
QDH,alvarjo02,6.0,2021-07-23,2021
QDH,jeffrje01,6.0,2021-07-24,2021
QDH,vargace01,6.0,2021-07-25,2021
QDH,selbyco01,7.0,2021-07-27,2021
QDH,livelbe01,6.0,2021-07-28,2021
QDH,alvarjo02,6.0,2021-07-29,2021
QDH,jeffrje01,6.0,2021-07-30,2021
QDH,vargace01,6.0,2021-07-31,2021
QDH,alvarjo02,,2022-04-08,2022
QDH,vargace01,,2022-04-09,2022
QDH,volstch01,,2022-04-10,2022
QDH,feltnry01,,2022-04-11,2022
QDH,gracema02,,2022-04-12,2022
QDH,alvarjo02,5.0,2022-04-13,2022
QDH,vargace01,5.0,2022-04-14,2022
QDH,volstch01,5.0,2022-04-15,2022
QDH,feltnry01,5.0,2022-04-16,2022
QDH,gracema02,5.0,2022-04-17,2022
QDH,alvarjo02,5.0,2022-04-18,2022
QDH,vargace01,5.0,2022-04-19,2022
QDH,volstch01,5.0,2022-04-20,2022
QDH,feltnry01,5.0,2022-04-21,2022
QDH,gracema02,,2022-04-22,2022
QDH,alvarjo02,5.0,2022-04-23,2022
QDH,vargace01,5.0,2022-04-24,2022
QDH,volstch01,6.0,2022-04-26,2022
QDH,feltnry01,6.0,2022-04-27,2022
QDH,alvarjo02,6.0,2022-04-29,2022
QDH,vargace01,6.0,2022-04-30,2022
QDH,selbyco01,,2022-05-01,2022
QDH,volstch01,6.0,2022-05-02,2022
QDH,feltnry01,6.0,2022-05-03,2022
QDH,alvarjo02,5.0,2022-05-04,2022
QDH,gonzach01,,2022-05-06,2022
QDH,selbyco01,6.0,2022-05-07,2022
QDH,volstch01,6.0,2022-05-08,2022
QDH,feltnry01,6.0,2022-05-09,2022
QDH,sborzjo01,5.0,2022-05-10,2022
QDH,bellova01,,2022-05-10,2022
QDH,gonzach01,5.0,2022-05-11,2022
QDH,selbyco01,5.0,2022-05-12,2022
QDH,volstch01,5.0,2022-05-13,2022
QDH,feltnry01,5.0,2022-05-14,2022
QDH,,22.0,2022-05-14,2022
QDH,alvarjo02,5.0,2022-05-15,2022
QDH,gonzach01,5.0,2022-05-16,2022
QDH,,5.0,2022-05-17,2022
QDH,volstch01,5.0,2022-05-18,2022
QDH,feltnry01,,2022-05-20,2022
QDH,alvarjo02,6.0,2022-05-21,2022
QDH,vargace01,22.0,2022-05-22,2022
QDH,gonzach01,,2022-05-23,2022
QDH,selbyco01,7.0,2022-05-24,2022
QDH,feltnry01,5.0,2022-05-25,2022
QDH,alvarjo02,5.0,2022-05-26,2022
QDH,vargace01,5.0,2022-05-27,2022
QDH,gonzach01,5.0,2022-05-28,2022
QDH,selbyco01,5.0,2022-05-29,2022
QDH,feltnry01,5.0,2022-05-30,2022
QDH,alvarjo02,5.0,2022-05-31,2022
QDH,vargace01,5.0,2022-06-01,2022
QDH,,5.0,2022-06-03,2022
QDH,feltnry01,5.0,2022-06-04,2022
QDH,alvarjo02,5.0,2022-06-05,2022
QDH,vargace01,6.0,2022-06-07,2022
QDH,degroja01,,2022-06-08,2022
QDH,selbyco01,6.0,2022-06-09,2022
QDH,feltnry01,6.0,2022-06-10,2022
QDH,alvarjo02,6.0,2022-06-11,2022
QDH,vargace01,5.0,2022-06-12,2022
QDH,degroja01,6.0,2022-06-14,2022
QDH,selbyco01,,2022-06-15,2022
QDH,feltnry01,6.0,2022-06-16,2022
QDH,alvarjo02,6.0,2022-06-17,2022
QDH,vargace01,6.0,2022-06-18,2022
QDH,degroja01,5.0,2022-06-19,2022
QDH,selbyco01,6.0,2022-06-21,2022
QDH,feltnry01,6.0,2022-06-22,2022
QDH,alvarjo02,6.0,2022-06-23,2022
QDH,vargace01,6.0,2022-06-24,2022
QDH,degroja01,6.0,2022-06-25,2022
QDH,selbyco01,,2022-06-26,2022
QDH,feltnry01,5.0,2022-06-27,2022
QDH,alvarjo02,5.0,2022-06-28,2022
QDH,vargace01,5.0,2022-06-29,2022
QDH,bellova01,51.0,2022-06-30,2022
QDH,selbyco01,5.0,2022-07-01,2022
QDH,feltnry01,5.0,2022-07-02,2022
QDH,alvarjo02,5.0,2022-07-03,2022
QDH,vargace01,5.0,2022-07-04,2022
QDH,bellova01,5.0,2022-07-05,2022
QDH,selbyco01,5.0,2022-07-06,2022
QDH,feltnry01,6.0,2022-07-08,2022
QDH,gonzach01,42.0,2022-07-09,2022
QDH,vargace01,6.0,2022-07-10,2022
QDH,bellova01,6.0,2022-07-11,2022
QDH,selbyco01,6.0,2022-07-12,2022
QDH,,5.0,2022-07-13,2022
QDH,vargace01,5.0,2022-07-15,2022
QDH,degroja01,21.0,2022-07-16,2022
QDH,gracema02,64.0,2022-07-17,2022
QDH,,18.0,2022-07-21,2022
QDH,gonzach01,12.0,2022-07-21,2022
QDH,vargace01,7.0,2022-07-22,2022
QDH,selbyco01,11.0,2022-07-23,2022
QDH,feltnry01,11.0,2022-07-24,2022
QDH,gracema02,8.0,2022-07-25,2022
QDH,alvarjo02,5.0,2022-07-26,2022
QDH,vargace01,5.0,2022-07-27,2022
QDH,selbyco01,6.0,2022-07-29,2022
QDH,feltnry01,6.0,2022-07-30,2022
QDH,gracema02,6.0,2022-07-31,2022
QDH,tillmch01,,2023-03-30,2023
QDH,lowderh01,,2023-04-01,2023
QDH,schwesp01,,2023-04-02,2023
QDH,selbyco01,,2023-04-03,2023
QDH,smeltde01,,2023-04-04,2023
QDH,tillmch01,6.0,2023-04-05,2023
QDH,schwesp01,5.0,2023-04-07,2023
QDH,lowderh01,7.0,2023-04-08,2023
QDH,,6.0,2023-04-09,2023
QDH,smeltde01,6.0,2023-04-10,2023
QDH,tillmch01,6.0,2023-04-11,2023
QDH,schwesp01,5.0,2023-04-12,2023
QDH,gracema02,,2023-04-13,2023
QDH,selbyco01,5.0,2023-04-14,2023
QDH,lowderh01,7.0,2023-04-15,2023
QDH,smeltde01,6.0,2023-04-16,2023
QDH,tillmch01,6.0,2023-04-17,2023
QDH,schwesp01,6.0,2023-04-18,2023
QDH,aldegsa01,,2023-04-19,2023
QDH,smeltde01,5.0,2023-04-21,2023
QDH,lowderh01,7.0,2023-04-22,2023
QDH,tillmch01,6.0,2023-04-23,2023
QDH,schwesp01,6.0,2023-04-24,2023
QDH,aldegsa01,6.0,2023-04-25,2023
QDH,poteeco01,,2023-04-26,2023
QDH,smeltde01,6.0,2023-04-27,2023
QDH,nicasju01,,2023-04-28,2023
QDH,tillmch01,6.0,2023-04-29,2023
QDH,schwesp01,6.0,2023-04-30,2023
QDH,aldegsa01,7.0,2023-05-02,2023
QDH,smeltde01,6.0,2023-05-03,2023
QDH,nicasju01,6.0,2023-05-04,2023
QDH,tillmch01,6.0,2023-05-05,2023
QDH,schwesp01,6.0,2023-05-06,2023
QDH,aldegsa01,5.0,2023-05-07,2023
QDH,,5.0,2023-05-08,2023
QDH,nicasju01,5.0,2023-05-09,2023
QDH,tillmch01,5.0,2023-05-10,2023
QDH,poteeco01,15.0,2023-05-11,2023
QDH,schwesp01,6.0,2023-05-12,2023
QDH,selbyco01,29.0,2023-05-13,2023
QDH,smeltde01,6.0,2023-05-14,2023
QDH,,6.0,2023-05-15,2023
QDH,tillmch01,6.0,2023-05-16,2023
QDH,poteeco01,6.0,2023-05-17,2023
QDH,schwesp01,7.0,2023-05-19,2023
QDH,smeltde01,6.0,2023-05-20,2023
QDH,selbyco01,8.0,2023-05-21,2023
QDH,tillmch01,6.0,2023-05-22,2023
QDH,poteeco01,6.0,2023-05-23,2023
QDH,pinedmi01,,2023-05-24,2023
QDH,smeltde01,5.0,2023-05-25,2023
QDH,selbyco01,5.0,2023-05-26,2023
QDH,pinedmi01,,2023-05-27,2023
QDH,schwesp01,9.0,2023-05-28,2023
QDH,feltnry01,,2023-05-29,2023
QDH,smeltde01,5.0,2023-05-30,2023
QDH,selbyco01,5.0,2023-05-31,2023
QDH,lowderh01,41.0,2023-06-02,2023
QDH,poteeco01,11.0,2023-06-03,2023
QDH,feltnry01,6.0,2023-06-04,2023
QDH,smeltde01,6.0,2023-06-05,2023
QDH,selbyco01,6.0,2023-06-06,2023
QDH,,,2023-06-07,2023
QDH,wroblju01,,2023-06-09,2023
QDH,feltnry01,6.0,2023-06-10,2023
QDH,smeltde01,6.0,2023-06-11,2023
QDH,selbyco01,6.0,2023-06-12,2023
QDH,lowderh01,11.0,2023-06-13,2023
QDH,poteeco01,11.0,2023-06-14,2023
QDH,feltnry01,5.0,2023-06-15,2023
QDH,smeltde01,5.0,2023-06-16,2023
QDH,selbyco01,5.0,2023-06-17,2023
QDH,,11.0,2023-06-18,2023
QDH,schwesp01,23.0,2023-06-20,2023
QDH,feltnry01,,2023-06-21,2023
QDH,smeltde01,6.0,2023-06-22,2023
QDH,selbyco01,6.0,2023-06-23,2023
QDH,,11.0,2023-06-24,2023
QDH,poteeco01,,2023-06-25,2023
QDH,feltnry01,6.0,2023-06-27,2023
QDH,smeltde01,6.0,2023-06-28,2023
QDH,lopezpa01,11.0,2023-06-29,2023
QDH,poteeco01,5.0,2023-06-30,2023
QDH,tillmch01,,2023-07-01,2023
QDH,,5.0,2023-07-02,2023
QDH,smeltde01,6.0,2023-07-04,2023
QDH,pinedmi01,39.0,2023-07-05,2023
QDH,lopezpa01,7.0,2023-07-06,2023
QDH,chiriyo01,,2023-07-07,2023
QDH,pinedmi01,3.0,2023-07-08,2023
QDH,smeltde01,5.0,2023-07-09,2023
QDH,schwesp01,24.0,2023-07-14,2023
QDH,pinedmi01,7.0,2023-07-15,2023
QDH,,7.0,2023-07-16,2023
QDH,feltnry01,15.0,2023-07-17,2023
QDH,poteeco01,18.0,2023-07-18,2023
QDH,schwesp01,5.0,2023-07-19,2023
QDH,lopezpa01,14.0,2023-07-20,2023
QDH,smeltde01,5.0,2023-07-21,2023
QDH,feltnry01,5.0,2023-07-22,2023
QDH,poteeco01,5.0,2023-07-23,2023
QDH,sandlni01,16.0,2023-07-25,2023
QDH,gonsast01,,2023-07-26,2023
QDH,,7.0,2023-07-28,2023
QDH,feltnry01,7.0,2023-07-29,2023
QDH,poteeco01,7.0,2023-07-30,2023
QPO,nealza01,,2016-04-04,2016
QPO,felizmi01,,2016-04-05,2016
QPO,cravyty01,,2016-04-06,2016
QPO,phillco01,,2016-04-07,2016
QPO,flemijo01,,2016-04-08,2016
QPO,nealza01,5.0,2016-04-09,2016
QPO,felizmi01,5.0,2016-04-10,2016
QPO,cravyty01,6.0,2016-04-12,2016
QPO,phillco01,6.0,2016-04-13,2016
QPO,flemijo01,6.0,2016-04-14,2016
QPO,nealza01,6.0,2016-04-15,2016
QPO,felizmi01,6.0,2016-04-16,2016
QPO,,5.0,2016-04-17,2016
QPO,phillco01,5.0,2016-04-18,2016
QPO,flemijo01,5.0,2016-04-19,2016
QPO,,5.0,2016-04-20,2016
QPO,felizmi01,5.0,2016-04-21,2016
QPO,cravyty01,5.0,2016-04-22,2016
QPO,phillco01,5.0,2016-04-23,2016
QPO,flemijo01,5.0,2016-04-24,2016
QPO,nealza01,5.0,2016-04-25,2016
QPO,felizmi01,5.0,2016-04-26,2016
QPO,cravyty01,5.0,2016-04-27,2016
QPO,phillco01,6.0,2016-04-29,2016
QPO,flemijo01,6.0,2016-04-30,2016
QPO,nealza01,,2016-05-01,2016
QPO,felizmi01,,2016-05-02,2016
QPO,cravyty01,6.0,2016-05-03,2016
QPO,phillco01,5.0,2016-05-04,2016
QPO,flemijo01,5.0,2016-05-05,2016
QPO,,5.0,2016-05-06,2016
QPO,felizmi01,5.0,2016-05-07,2016
QPO,cravyty01,5.0,2016-05-08,2016
QPO,phillco01,5.0,2016-05-09,2016
QPO,flemijo01,5.0,2016-05-10,2016
QPO,nealza01,5.0,2016-05-11,2016
QPO,felizmi01,5.0,2016-05-12,2016
QPO,cravyty01,5.0,2016-05-13,2016
QPO,phillco01,5.0,2016-05-14,2016
QPO,flemijo01,5.0,2016-05-15,2016
QPO,nealza01,6.0,2016-05-17,2016
QPO,,6.0,2016-05-18,2016
QPO,cravyty01,6.0,2016-05-19,2016
QPO,phillco01,6.0,2016-05-20,2016
QPO,flemijo01,6.0,2016-05-21,2016
QPO,nealza01,5.0,2016-05-22,2016
QPO,felizmi01,5.0,2016-05-23,2016
QPO,cravyty01,5.0,2016-05-24,2016
QPO,phillco01,5.0,2016-05-25,2016
QPO,flemijo01,6.0,2016-05-27,2016
QPO,nealza01,6.0,2016-05-28,2016
QPO,felizmi01,6.0,2016-05-29,2016
QPO,cravyty01,6.0,2016-05-30,2016
QPO,phillco01,6.0,2016-05-31,2016
QPO,manaese01,,2016-06-01,2016
QPO,nealza01,5.0,2016-06-02,2016
QPO,felizmi01,5.0,2016-06-03,2016
QPO,cravyty01,5.0,2016-06-04,2016
QPO,phillco01,5.0,2016-06-05,2016
QPO,manaese01,6.0,2016-06-07,2016
QPO,nealza01,6.0,2016-06-08,2016
QPO,felizmi01,7.0,2016-06-10,2016
QPO,cravyty01,7.0,2016-06-11,2016
QPO,phillco01,7.0,2016-06-12,2016
QPO,flemijo01,17.0,2016-06-13,2016
QPO,nealza01,6.0,2016-06-14,2016
QPO,felizmi01,5.0,2016-06-15,2016
QPO,cravyty01,6.0,2016-06-17,2016
QPO,manaese01,11.0,2016-06-18,2016
QPO,phillco01,7.0,2016-06-19,2016
QPO,nealza01,6.0,2016-06-20,2016
QPO,felizmi01,6.0,2016-06-21,2016
QPO,cravyty01,5.0,2016-06-22,2016
QPO,manaese01,5.0,2016-06-23,2016
QPO,phillco01,5.0,2016-06-24,2016
QPO,nealza01,5.0,2016-06-25,2016
QPO,felizmi01,5.0,2016-06-26,2016
QPO,cravyty01,5.0,2016-06-27,2016
QPO,manaese01,,2016-06-28,2016
QPO,phillco01,5.0,2016-06-29,2016
QPO,nealza01,5.0,2016-06-30,2016
QPO,felizmi01,,2016-07-01,2016
QPO,cravyty01,5.0,2016-07-02,2016
QPO,manaese01,5.0,2016-07-03,2016
QPO,phillco01,5.0,2016-07-04,2016
QPO,nealza01,5.0,2016-07-05,2016
QPO,felizmi01,,2016-07-06,2016
QPO,cravyty01,6.0,2016-07-08,2016
QPO,phillco01,5.0,2016-07-09,2016
QPO,nealza01,5.0,2016-07-10,2016
QPO,nealza01,5.0,2016-07-15,2016
QPO,cravyty01,8.0,2016-07-16,2016
QPO,felizmi01,11.0,2016-07-17,2016
QPO,phillco01,10.0,2016-07-19,2016
QPO,flemijo01,37.0,2016-07-20,2016
QPO,nealza01,7.0,2016-07-22,2016
QPO,felizmi01,,2016-07-23,2016
QPO,cravyty01,8.0,2016-07-24,2016
QPO,phillco01,6.0,2016-07-25,2016
QPO,flemijo01,6.0,2016-07-26,2016
QPO,nealza01,5.0,2016-07-27,2016
QPO,felizmi01,5.0,2016-07-28,2016
QPO,cravyty01,5.0,2016-07-29,2016
QPO,phillco01,5.0,2016-07-30,2016
QPO,flemijo01,5.0,2016-07-31,2016
QPO,nealza01,,2017-04-02,2017
QPO,felizmi01,,2017-04-04,2017
QPO,,,2017-04-05,2017
QPO,,,2017-04-06,2017
QPO,flemijo01,,2017-04-07,2017
QPO,nealza01,6.0,2017-04-08,2017
QPO,felizmi01,5.0,2017-04-09,2017
QPO,garzaju01,5.0,2017-04-10,2017
QPO,cravyty01,5.0,2017-04-11,2017
QPO,flemijo01,5.0,2017-04-12,2017
QPO,nealza01,5.0,2017-04-13,2017
QPO,felizmi01,5.0,2017-04-14,2017
QPO,garzaju01,,2017-04-15,2017
QPO,cravyty01,5.0,2017-04-16,2017
QPO,flemijo01,,2017-04-18,2017
QPO,nealza01,6.0,2017-04-19,2017
QPO,felizmi01,7.0,2017-04-21,2017
QPO,garzaju01,,2017-04-22,2017
QPO,,7.0,2017-04-23,2017
QPO,flemijo01,6.0,2017-04-24,2017
QPO,ucetaed01,,2017-04-25,2017
QPO,felizmi01,5.0,2017-04-26,2017
QPO,garzaju01,5.0,2017-04-27,2017
QPO,cravyty01,5.0,2017-04-28,2017
QPO,flemijo01,5.0,2017-04-29,2017
QPO,ucetaed01,5.0,2017-04-30,2017
QPO,felizmi01,5.0,2017-05-01,2017
QPO,garzaju01,5.0,2017-05-02,2017
QPO,cravyty01,5.0,2017-05-03,2017
QPO,flemijo01,6.0,2017-05-05,2017
QPO,ucetaed01,6.0,2017-05-06,2017
QPO,felizmi01,6.0,2017-05-07,2017
QPO,garzaju01,6.0,2017-05-08,2017
QPO,cravyty01,6.0,2017-05-09,2017
QPO,flemijo01,5.0,2017-05-10,2017
QPO,ucetaed01,5.0,2017-05-11,2017
QPO,felizmi01,5.0,2017-05-12,2017
QPO,garzaju01,5.0,2017-05-13,2017
QPO,cravyty01,5.0,2017-05-14,2017
QPO,flemijo01,5.0,2017-05-15,2017
QPO,ucetaed01,5.0,2017-05-16,2017
QPO,felizmi01,5.0,2017-05-17,2017
QPO,garzaju01,6.0,2017-05-19,2017
QPO,cravyty01,6.0,2017-05-20,2017
QPO,flemijo01,6.0,2017-05-21,2017
QPO,ucetaed01,6.0,2017-05-22,2017
QPO,felizmi01,6.0,2017-05-23,2017
QPO,garzaju01,5.0,2017-05-24,2017
QPO,cravyty01,5.0,2017-05-25,2017
QPO,flemijo01,5.0,2017-05-26,2017
QPO,ucetaed01,5.0,2017-05-27,2017
QPO,felizmi01,,2017-05-28,2017
QPO,garzaju01,5.0,2017-05-29,2017
QPO,cravyty01,5.0,2017-05-30,2017
QPO,flemijo01,5.0,2017-05-31,2017
QPO,ucetaed01,6.0,2017-06-02,2017
QPO,felizmi01,6.0,2017-06-03,2017
QPO,garzaju01,6.0,2017-06-04,2017
QPO,cravyty01,6.0,2017-06-05,2017
QPO,flemijo01,6.0,2017-06-06,2017
QPO,ucetaed01,5.0,2017-06-07,2017
QPO,felizmi01,5.0,2017-06-08,2017
QPO,garzaju01,5.0,2017-06-09,2017
QPO,cravyty01,5.0,2017-06-10,2017
QPO,flemijo01,,2017-06-11,2017
QPO,ucetaed01,6.0,2017-06-13,2017
QPO,felizmi01,6.0,2017-06-14,2017
QPO,garzaju01,6.0,2017-06-15,2017
QPO,cravyty01,6.0,2017-06-16,2017
QPO,flemijo01,6.0,2017-06-17,2017
QPO,ucetaed01,5.0,2017-06-18,2017
QPO,felizmi01,5.0,2017-06-19,2017
QPO,garzaju01,5.0,2017-06-20,2017
QPO,cravyty01,5.0,2017-06-21,2017
QPO,flemijo01,5.0,2017-06-22,2017
QPO,ucetaed01,5.0,2017-06-23,2017
QPO,felizmi01,5.0,2017-06-24,2017
QPO,garzaju01,5.0,2017-06-25,2017
QPO,cravyty01,5.0,2017-06-26,2017
QPO,flemijo01,5.0,2017-06-27,2017
QPO,ucetaed01,5.0,2017-06-28,2017
QPO,felizmi01,6.0,2017-06-30,2017
QPO,garzaju01,,2017-07-01,2017
QPO,cravyty01,6.0,2017-07-02,2017
QPO,flemijo01,7.0,2017-07-04,2017
QPO,ucetaed01,7.0,2017-07-05,2017
QPO,mcraeal01,,2017-07-06,2017
QPO,,6.0,2017-07-07,2017
QPO,cravyty01,6.0,2017-07-08,2017
QPO,felizmi01,9.0,2017-07-09,2017
QPO,felizmi01,5.0,2017-07-14,2017
QPO,nealza01,87.0,2017-07-15,2017
QPO,cravyty01,8.0,2017-07-16,2017
QPO,garzaju01,10.0,2017-07-17,2017
QPO,ucetaed01,13.0,2017-07-18,2017
QPO,flemijo01,15.0,2017-07-19,2017
QPO,nealza01,5.0,2017-07-20,2017
QPO,cravyty01,,2017-07-21,2017
QPO,garzaju01,5.0,2017-07-22,2017
QPO,ucetaed01,5.0,2017-07-23,2017
QPO,flemijo01,5.0,2017-07-24,2017
QPO,nealza01,5.0,2017-07-25,2017
QPO,cravyty01,5.0,2017-07-26,2017
QPO,garzaju01,6.0,2017-07-28,2017
QPO,ucetaed01,6.0,2017-07-29,2017
QPO,nealza01,5.0,2017-07-30,2017
QPO,flemijo01,7.0,2017-07-31,2017
QPO,ucetaed01,,2018-03-29,2018
QPO,felizmi01,,2018-03-30,2018
QPO,holmegr01,,2018-03-31,2018
QPO,mcraeal01,,2018-04-01,2018
QPO,ucetaed01,5.0,2018-04-03,2018
QPO,felizmi01,5.0,2018-04-04,2018
QPO,mcraeal01,6.0,2018-04-07,2018
QPO,ucetaed01,5.0,2018-04-08,2018
QPO,holmegr01,9.0,2018-04-09,2018
QPO,hauscmi01,,2018-04-10,2018
QPO,yamamyo01,,2018-04-11,2018
QPO,mcraeal01,5.0,2018-04-12,2018
QPO,ucetaed01,5.0,2018-04-13,2018
QPO,holmegr01,,2018-04-14,2018
QPO,hauscmi01,5.0,2018-04-15,2018
QPO,felizmi01,13.0,2018-04-17,2018
QPO,mcraeal01,6.0,2018-04-18,2018
QPO,ucetaed01,6.0,2018-04-19,2018
QPO,cravyty01,,2018-04-20,2018
QPO,holmegr01,7.0,2018-04-21,2018
QPO,felizmi01,5.0,2018-04-22,2018
QPO,mcraeal01,5.0,2018-04-23,2018
QPO,ucetaed01,5.0,2018-04-24,2018
QPO,cravyty01,5.0,2018-04-25,2018
QPO,holmegr01,6.0,2018-04-27,2018
QPO,mcraeal01,5.0,2018-04-28,2018
QPO,felizmi01,6.0,2018-04-28,2018
QPO,ucetaed01,5.0,2018-04-29,2018
QPO,cravyty01,5.0,2018-04-30,2018
QPO,yamamyo01,20.0,2018-05-01,2018
QPO,holmegr01,5.0,2018-05-02,2018
QPO,mcraeal01,6.0,2018-05-04,2018
QPO,ucetaed01,6.0,2018-05-05,2018
QPO,yamamyo01,5.0,2018-05-06,2018
QPO,,7.0,2018-05-07,2018
QPO,holmegr01,6.0,2018-05-08,2018
QPO,mcraeal01,5.0,2018-05-09,2018
QPO,,5.0,2018-05-10,2018
QPO,yamamyo01,5.0,2018-05-11,2018
QPO,cravyty01,5.0,2018-05-12,2018
QPO,holmegr01,5.0,2018-05-13,2018
QPO,mcraeal01,5.0,2018-05-14,2018
QPO,ucetaed01,5.0,2018-05-15,2018
QPO,yamamyo01,5.0,2018-05-16,2018
QPO,cravyty01,5.0,2018-05-17,2018
QPO,holmegr01,5.0,2018-05-18,2018
QPO,mcraeal01,5.0,2018-05-19,2018
QPO,ucetaed01,5.0,2018-05-20,2018
QPO,yamamyo01,6.0,2018-05-22,2018
QPO,cravyty01,6.0,2018-05-23,2018
QPO,holmegr01,7.0,2018-05-25,2018
QPO,mcraeal01,7.0,2018-05-26,2018
QPO,ucetaed01,7.0,2018-05-27,2018
QPO,yamamyo01,6.0,2018-05-28,2018
QPO,cravyty01,6.0,2018-05-29,2018
QPO,holmegr01,5.0,2018-05-30,2018
QPO,mcraeal01,6.0,2018-06-01,2018
QPO,yamamyo01,5.0,2018-06-02,2018
QPO,strasst01,,2018-06-03,2018
QPO,holmegr01,5.0,2018-06-04,2018
QPO,nealza01,,2018-06-05,2018
QPO,mcraeal01,5.0,2018-06-06,2018
QPO,yamamyo01,6.0,2018-06-08,2018
QPO,strasst01,6.0,2018-06-09,2018
QPO,holmegr01,6.0,2018-06-10,2018
QPO,nealza01,6.0,2018-06-11,2018
QPO,mcraeal01,6.0,2018-06-12,2018
QPO,yamamyo01,5.0,2018-06-13,2018
QPO,strasst01,5.0,2018-06-14,2018
QPO,holmegr01,5.0,2018-06-15,2018
QPO,nealza01,5.0,2018-06-16,2018
QPO,mcraeal01,5.0,2018-06-17,2018
QPO,yamamyo01,5.0,2018-06-18,2018
QPO,strasst01,5.0,2018-06-19,2018
QPO,holmegr01,5.0,2018-06-20,2018
QPO,nealza01,5.0,2018-06-21,2018
QPO,mcraeal01,5.0,2018-06-22,2018
QPO,yamamyo01,5.0,2018-06-23,2018
QPO,strasst01,5.0,2018-06-24,2018
QPO,holmegr01,6.0,2018-06-26,2018
QPO,nealza01,6.0,2018-06-27,2018
QPO,mcraeal01,6.0,2018-06-28,2018
QPO,yamamyo01,6.0,2018-06-29,2018
QPO,strasst01,6.0,2018-06-30,2018
QPO,holmegr01,5.0,2018-07-01,2018
QPO,nealza01,5.0,2018-07-02,2018
QPO,mcraeal01,5.0,2018-07-03,2018
QPO,yamamyo01,5.0,2018-07-04,2018
QPO,felizmi01,68.0,2018-07-05,2018
QPO,strasst01,6.0,2018-07-06,2018
QPO,cravyty01,,2018-07-07,2018
QPO,nealza01,6.0,2018-07-08,2018
QPO,yamamyo01,,2018-07-09,2018
QPO,holmegr01,9.0,2018-07-10,2018
QPO,felizmi01,6.0,2018-07-11,2018
QPO,nealza01,5.0,2018-07-13,2018
QPO,cravyty01,7.0,2018-07-14,2018
QPO,yamamyo01,6.0,2018-07-15,2018
QPO,strasst01,14.0,2018-07-20,2018
QPO,nealza01,8.0,2018-07-21,2018
QPO,felizmi01,11.0,2018-07-22,2018
QPO,yamamyo01,9.0,2018-07-24,2018
QPO,holmegr01,15.0,2018-07-25,2018
QPO,,6.0,2018-07-26,2018
QPO,nealza01,6.0,2018-07-27,2018
QPO,felizmi01,6.0,2018-07-28,2018
QPO,yamamyo01,5.0,2018-07-29,2018
QPO,holmegr01,5.0,2018-07-30,2018
QPO,strasst01,5.0,2018-07-31,2018
QPO,nealza01,,2019-03-28,2019
QPO,holmegr01,,2019-03-29,2019
QPO,strasst01,,2019-03-30,2019
QPO,cravyty01,,2019-03-31,2019
QPO,honeybr01,,2019-04-01,2019
QPO,nealza01,5.0,2019-04-02,2019
QPO,holmegr01,5.0,2019-04-03,2019
QPO,strasst01,6.0,2019-04-05,2019
QPO,cravyty01,6.0,2019-04-06,2019
QPO,honeybr01,,2019-04-07,2019
QPO,nealza01,6.0,2019-04-08,2019
QPO,holmegr01,6.0,2019-04-09,2019
QPO,strasst01,5.0,2019-04-10,2019
QPO,cravyty01,5.0,2019-04-11,2019
QPO,honeybr01,5.0,2019-04-12,2019
QPO,nealza01,5.0,2019-04-13,2019
QPO,holmegr01,5.0,2019-04-14,2019
QPO,strasst01,6.0,2019-04-16,2019
QPO,cravyty01,6.0,2019-04-17,2019
QPO,honeybr01,6.0,2019-04-18,2019
QPO,nealza01,6.0,2019-04-19,2019
QPO,holmegr01,6.0,2019-04-20,2019
QPO,strasst01,5.0,2019-04-21,2019
QPO,cravyty01,6.0,2019-04-23,2019
QPO,honeybr01,6.0,2019-04-24,2019
QPO,nealza01,7.0,2019-04-26,2019
QPO,holmegr01,7.0,2019-04-27,2019
QPO,strasst01,7.0,2019-04-28,2019
QPO,cravyty01,6.0,2019-04-29,2019
QPO,honeybr01,6.0,2019-04-30,2019
QPO,nealza01,5.0,2019-05-01,2019
QPO,hauscmi01,,2019-05-03,2019
QPO,strasst01,6.0,2019-05-04,2019
QPO,cravyty01,6.0,2019-05-05,2019
QPO,honeybr01,6.0,2019-05-06,2019
QPO,nealza01,6.0,2019-05-07,2019
QPO,holmegr01,12.0,2019-05-09,2019
QPO,strasst01,6.0,2019-05-10,2019
QPO,cravyty01,6.0,2019-05-11,2019
QPO,nealza01,5.0,2019-05-12,2019
QPO,blazemi01,,2019-05-14,2019
QPO,lestejo01,,2019-05-15,2019
QPO,cravyty01,6.0,2019-05-17,2019
QPO,nealza01,6.0,2019-05-18,2019
QPO,honeybr01,13.0,2019-05-19,2019
QPO,yamamyo01,,2019-05-20,2019
QPO,lestejo01,6.0,2019-05-21,2019
QPO,cravyty01,,2019-05-22,2019
QPO,nealza01,5.0,2019-05-23,2019
QPO,honeybr01,5.0,2019-05-24,2019
QPO,yamamyo01,5.0,2019-05-25,2019
QPO,lestejo01,5.0,2019-05-26,2019
QPO,,6.0,2019-05-28,2019
QPO,nealza01,6.0,2019-05-29,2019
QPO,hauscmi01,27.0,2019-05-30,2019
QPO,honeybr01,7.0,2019-05-31,2019
QPO,,6.0,2019-06-01,2019
QPO,cravyty01,5.0,2019-06-02,2019
QPO,nealza01,6.0,2019-06-04,2019
QPO,hauscmi01,6.0,2019-06-05,2019
QPO,lestejo01,5.0,2019-06-06,2019
QPO,honeybr01,7.0,2019-06-07,2019
QPO,cravyty01,6.0,2019-06-08,2019
QPO,nealza01,5.0,2019-06-09,2019
QPO,hauscmi01,6.0,2019-06-11,2019
QPO,lestejo01,6.0,2019-06-12,2019
QPO,honeybr01,7.0,2019-06-14,2019
QPO,nealza01,6.0,2019-06-15,2019
QPO,cravyty01,8.0,2019-06-16,2019
QPO,hauscmi01,6.0,2019-06-17,2019
QPO,lestejo01,6.0,2019-06-18,2019
QPO,honeybr01,5.0,2019-06-19,2019
QPO,nealza01,5.0,2019-06-20,2019
QPO,cravyty01,,2019-06-21,2019
QPO,hauscmi01,,2019-06-22,2019
QPO,lestejo01,5.0,2019-06-23,2019
QPO,honeybr01,5.0,2019-06-24,2019
QPO,nealza01,5.0,2019-06-25,2019
QPO,cravyty01,5.0,2019-06-26,2019
QPO,hauscmi01,5.0,2019-06-27,2019
QPO,lestejo01,5.0,2019-06-28,2019
QPO,honeybr01,5.0,2019-06-29,2019
QPO,nealza01,5.0,2019-06-30,2019
QPO,,5.0,2019-07-01,2019
QPO,hauscmi01,5.0,2019-07-02,2019
QPO,lestejo01,5.0,2019-07-03,2019
QPO,,6.0,2019-07-05,2019
QPO,nealza01,6.0,2019-07-06,2019
QPO,cravyty01,6.0,2019-07-07,2019
QPO,lestejo01,9.0,2019-07-12,2019
QPO,nealza01,,2019-07-13,2019
QPO,hauscmi01,12.0,2019-07-14,2019
QPO,strasst01,66.0,2019-07-15,2019
QPO,cravyty01,8.0,2019-07-15,2019
QPO,honeybr01,11.0,2019-07-16,2019
QPO,lestejo01,5.0,2019-07-17,2019
QPO,nealza01,5.0,2019-07-18,2019
QPO,hauscmi01,5.0,2019-07-19,2019
QPO,cravyty01,5.0,2019-07-20,2019
QPO,herzdj01,,2019-07-21,2019
QPO,lestejo01,5.0,2019-07-22,2019
QPO,nealza01,5.0,2019-07-23,2019
QPO,hauscmi01,5.0,2019-07-24,2019
QPO,cravyty01,6.0,2019-07-26,2019
QPO,lestejo01,5.0,2019-07-27,2019
QPO,nealza01,5.0,2019-07-28,2019
QPO,hauscmi01,6.0,2019-07-30,2019
QPO,cravyty01,5.0,2019-07-31,2019
QPO,,,2021-04-01,2021
QPO,felizmi01,,2021-04-02,2021
QPO,millebo06,,2021-04-03,2021
QPO,anderco01,,2021-04-05,2021
QPO,kowarja01,,2021-04-06,2021
QPO,dunnju01,6.0,2021-04-07,2021
QPO,felizmi01,7.0,2021-04-09,2021
QPO,millebo06,7.0,2021-04-10,2021
QPO,anderco01,6.0,2021-04-11,2021
QPO,kowarja01,6.0,2021-04-12,2021
QPO,dunnju01,6.0,2021-04-13,2021
QPO,felizmi01,5.0,2021-04-14,2021
QPO,anderco01,5.0,2021-04-16,2021
QPO,kowarja01,5.0,2021-04-17,2021
QPO,scholje01,,2021-04-18,2021
QPO,dunnju01,6.0,2021-04-19,2021
QPO,,10.0,2021-04-20,2021
QPO,anderco01,5.0,2021-04-21,2021
QPO,kowarja01,5.0,2021-04-22,2021
QPO,scholje01,,2021-04-23,2021
QPO,dunnju01,,2021-04-24,2021
QPO,millebo06,5.0,2021-04-25,2021
QPO,anderco01,5.0,2021-04-26,2021
QPO,kowarja01,5.0,2021-04-27,2021
QPO,scholje01,5.0,2021-04-28,2021
QPO,millebo06,5.0,2021-04-30,2021
QPO,anderco01,5.0,2021-05-01,2021
QPO,dunnju01,8.0,2021-05-02,2021
QPO,kowarja01,7.0,2021-05-04,2021
QPO,scholje01,6.0,2021-05-04,2021
QPO,millebo06,5.0,2021-05-05,2021
QPO,,6.0,2021-05-07,2021
QPO,dunnju01,6.0,2021-05-08,2021
QPO,felizmi01,25.0,2021-05-09,2021
QPO,scholje01,6.0,2021-05-10,2021
QPO,millebo06,6.0,2021-05-11,2021
QPO,anderco01,,2021-05-13,2021
QPO,dunnju01,6.0,2021-05-14,2021
QPO,felizmi01,6.0,2021-05-15,2021
QPO,scholje01,6.0,2021-05-16,2021
QPO,millebo06,6.0,2021-05-17,2021
QPO,anderco01,5.0,2021-05-18,2021
QPO,dunnju01,5.0,2021-05-19,2021
QPO,felizmi01,5.0,2021-05-20,2021
QPO,scholje01,5.0,2021-05-21,2021
QPO,fittsri01,,2021-05-22,2021
QPO,anderco01,5.0,2021-05-23,2021
QPO,dunnju01,6.0,2021-05-25,2021
QPO,felizmi01,6.0,2021-05-26,2021
QPO,scholje01,6.0,2021-05-27,2021
QPO,,5.0,2021-05-28,2021
QPO,millebo06,12.0,2021-05-29,2021
QPO,dunnju01,5.0,2021-05-30,2021
QPO,felizmi01,5.0,2021-05-31,2021
QPO,scholje01,5.0,2021-06-01,2021
QPO,anderco01,6.0,2021-06-03,2021
QPO,,13.0,2021-06-04,2021
QPO,dunnju01,6.0,2021-06-05,2021
QPO,felizmi01,6.0,2021-06-06,2021
QPO,scholje01,7.0,2021-06-08,2021
QPO,ortka01,,2021-06-09,2021
QPO,anderco01,8.0,2021-06-11,2021
QPO,dunnju01,7.0,2021-06-12,2021
QPO,herzdj01,,2021-06-12,2021
QPO,felizmi01,7.0,2021-06-13,2021
QPO,scholje01,6.0,2021-06-14,2021
QPO,ortka01,6.0,2021-06-15,2021
QPO,anderco01,5.0,2021-06-16,2021
QPO,dunnju01,5.0,2021-06-17,2021
QPO,felizmi01,5.0,2021-06-18,2021
QPO,scholje01,5.0,2021-06-19,2021
QPO,chiriyo01,,2021-06-20,2021
QPO,anderco01,6.0,2021-06-22,2021
QPO,dunnju01,6.0,2021-06-23,2021
QPO,felizmi01,7.0,2021-06-25,2021
QPO,scholje01,7.0,2021-06-26,2021
QPO,chiriyo01,7.0,2021-06-27,2021
QPO,anderco01,6.0,2021-06-28,2021
QPO,dunnju01,6.0,2021-06-29,2021
QPO,felizmi01,6.0,2021-07-01,2021
QPO,scholje01,6.0,2021-07-02,2021
QPO,chiriyo01,6.0,2021-07-03,2021
QPO,anderco01,,2021-07-04,2021
QPO,dunnju01,6.0,2021-07-05,2021
QPO,felizmi01,5.0,2021-07-06,2021
QPO,scholje01,5.0,2021-07-07,2021
QPO,millebo06,41.0,2021-07-09,2021
QPO,anderco01,6.0,2021-07-10,2021
QPO,dunnju01,6.0,2021-07-11,2021
QPO,millebo06,7.0,2021-07-16,2021
QPO,anderco01,,2021-07-17,2021
QPO,felizmi01,12.0,2021-07-18,2021
QPO,dunnju01,8.0,2021-07-19,2021
QPO,scholje01,13.0,2021-07-20,2021
QPO,millebo06,5.0,2021-07-21,2021
QPO,anderco01,5.0,2021-07-22,2021
QPO,felizmi01,5.0,2021-07-23,2021
QPO,dunnju01,5.0,2021-07-24,2021
QPO,scholje01,5.0,2021-07-25,2021
QPO,millebo06,6.0,2021-07-27,2021
QPO,anderco01,6.0,2021-07-28,2021
QPO,felizmi01,6.0,2021-07-29,2021
QPO,dunnju01,6.0,2021-07-30,2021
QPO,scholje01,6.0,2021-07-31,2021
QPO,millebo06,,2022-04-08,2022
QPO,rodrije01,,2022-04-09,2022
QPO,anderco01,,2022-04-10,2022
QPO,scholje01,,2022-04-11,2022
QPO,kendrky01,,2022-04-12,2022
QPO,millebo06,5.0,2022-04-13,2022
QPO,rodrije01,6.0,2022-04-15,2022
QPO,,6.0,2022-04-16,2022
QPO,scholje01,6.0,2022-04-17,2022
QPO,millebo06,6.0,2022-04-19,2022
QPO,kendrky01,7.0,2022-04-19,2022
QPO,rodrije01,5.0,2022-04-20,2022
QPO,anderco01,5.0,2022-04-21,2022
QPO,chiriyo01,,2022-04-22,2022
QPO,,6.0,2022-04-23,2022
QPO,millebo06,5.0,2022-04-24,2022
QPO,chiriyo01,3.0,2022-04-25,2022
QPO,,,2022-04-26,2022
QPO,chiriyo01,2.0,2022-04-27,2022
QPO,scholje01,6.0,2022-04-29,2022
QPO,millebo06,,2022-04-30,2022
QPO,kendrky01,12.0,2022-05-01,2022
QPO,rodrije01,7.0,2022-05-03,2022
QPO,scholje01,5.0,2022-05-04,2022
QPO,plassmi01,,2022-05-05,2022
QPO,kendrky01,5.0,2022-05-06,2022
QPO,millebo06,7.0,2022-05-07,2022
QPO,hernafe02,,2022-05-08,2022
QPO,rodrije01,6.0,2022-05-09,2022
QPO,scholje01,6.0,2022-05-10,2022
QPO,kendrky01,5.0,2022-05-11,2022
QPO,millebo06,6.0,2022-05-13,2022
QPO,hernafe02,6.0,2022-05-14,2022
QPO,rodrije01,6.0,2022-05-15,2022
QPO,scholje01,6.0,2022-05-16,2022
QPO,kendrky01,6.0,2022-05-17,2022
QPO,millebo06,5.0,2022-05-18,2022
QPO,,6.0,2022-05-20,2022
QPO,rodrije01,6.0,2022-05-21,2022
QPO,scholje01,6.0,2022-05-22,2022
QPO,kendrky01,6.0,2022-05-23,2022
QPO,millebo06,6.0,2022-05-24,2022
QPO,hernafe02,5.0,2022-05-25,2022
QPO,rodrije01,6.0,2022-05-27,2022
QPO,scholje01,6.0,2022-05-28,2022
QPO,kendrky01,6.0,2022-05-29,2022
QPO,millebo06,6.0,2022-05-30,2022
QPO,hernafe02,6.0,2022-05-31,2022
QPO,rodrije01,,2022-06-01,2022
QPO,scholje01,5.0,2022-06-02,2022
QPO,,,2022-06-03,2022
QPO,millebo06,5.0,2022-06-04,2022
QPO,hernafe02,5.0,2022-06-05,2022
QPO,rodrije01,6.0,2022-06-07,2022
QPO,scholje01,6.0,2022-06-08,2022
QPO,millebo06,,2022-06-09,2022
QPO,hernafe02,5.0,2022-06-10,2022
QPO,chiriyo01,45.0,2022-06-11,2022
QPO,rodrije01,5.0,2022-06-12,2022
QPO,scholje01,5.0,2022-06-13,2022
QPO,millebo06,5.0,2022-06-14,2022
QPO,,4.0,2022-06-15,2022
QPO,rodrije01,5.0,2022-06-17,2022
QPO,scholje01,5.0,2022-06-18,2022
QPO,kendrky01,21.0,2022-06-19,2022
QPO,millebo06,6.0,2022-06-20,2022
QPO,anderco01,61.0,2022-06-21,2022
QPO,rodrije01,5.0,2022-06-22,2022
QPO,scholje01,5.0,2022-06-23,2022
QPO,kendrky01,5.0,2022-06-24,2022
QPO,millebo06,5.0,2022-06-25,2022
QPO,anderco01,5.0,2022-06-26,2022
QPO,rodrije01,6.0,2022-06-28,2022
QPO,scholje01,6.0,2022-06-29,2022
QPO,kendrky01,7.0,2022-07-01,2022
QPO,millebo06,7.0,2022-07-02,2022
QPO,gaddihu01,30.0,2022-07-03,2022
QPO,rodrije01,6.0,2022-07-04,2022
QPO,scholje01,6.0,2022-07-05,2022
QPO,kendrky01,5.0,2022-07-06,2022
QPO,millebo06,5.0,2022-07-07,2022
QPO,chiriyo01,23.0,2022-07-08,2022
QPO,rodrije01,5.0,2022-07-09,2022
QPO,scholje01,5.0,2022-07-10,2022
QPO,kendrky01,5.0,2022-07-11,2022
QPO,millebo06,5.0,2022-07-12,2022
QPO,gaddihu01,10.0,2022-07-13,2022
QPO,rodrije01,5.0,2022-07-14,2022
QPO,scholje01,5.0,2022-07-15,2022
QPO,kendrky01,5.0,2022-07-16,2022
QPO,millebo06,5.0,2022-07-17,2022
QPO,rodrije01,7.0,2022-07-21,2022
QPO,millebo06,5.0,2022-07-22,2022
QPO,scholje01,8.0,2022-07-23,2022
QPO,kendrky01,8.0,2022-07-24,2022
QPO,hernafe02,45.0,2022-07-25,2022
QPO,,5.0,2022-07-26,2022
QPO,millebo06,5.0,2022-07-27,2022
QPO,scholje01,5.0,2022-07-28,2022
QPO,kendrky01,5.0,2022-07-29,2022
QPO,hernafe02,5.0,2022-07-30,2022
QPO,rodrije01,5.0,2022-07-31,2022
QPO,millebo06,,2023-03-30,2023
QPO,kendrky01,,2023-04-01,2023
QPO,swarmma01,,2023-04-02,2023
QPO,anderco01,,2023-04-03,2023
QPO,millebo06,6.0,2023-04-05,2023
QPO,scholje01,,2023-04-06,2023
QPO,kendrky01,6.0,2023-04-07,2023
QPO,livelbe01,,2023-04-08,2023
QPO,anderco01,6.0,2023-04-09,2023
QPO,millebo06,5.0,2023-04-10,2023
QPO,scholje01,5.0,2023-04-11,2023
QPO,kendrky01,,2023-04-12,2023
QPO,,6.0,2023-04-14,2023
QPO,anderco01,6.0,2023-04-15,2023
QPO,millebo06,7.0,2023-04-17,2023
QPO,scholje01,7.0,2023-04-18,2023
QPO,kendrky01,7.0,2023-04-19,2023
QPO,livelbe01,6.0,2023-04-20,2023
QPO,anderco01,6.0,2023-04-21,2023
QPO,millebo06,5.0,2023-04-22,2023
QPO,,,2023-04-23,2023
QPO,kendrky01,5.0,2023-04-24,2023
QPO,gaddihu01,,2023-04-25,2023
QPO,anderco01,5.0,2023-04-26,2023
QPO,,5.0,2023-04-27,2023
QPO,livelbe01,9.0,2023-04-29,2023
QPO,kendrky01,6.0,2023-04-30,2023
QPO,swarmma01,8.0,2023-05-01,2023
QPO,anderco01,6.0,2023-05-02,2023
QPO,millebo06,6.0,2023-05-03,2023
QPO,livelbe01,6.0,2023-05-05,2023
QPO,kendrky01,6.0,2023-05-06,2023
QPO,swarmma01,6.0,2023-05-07,2023
QPO,anderco01,,2023-05-08,2023
QPO,millebo06,6.0,2023-05-09,2023
QPO,livelbe01,5.0,2023-05-10,2023
QPO,kendrky01,5.0,2023-05-11,2023
QPO,gaddihu01,17.0,2023-05-12,2023
QPO,anderco01,5.0,2023-05-13,2023
QPO,millebo06,5.0,2023-05-14,2023
QPO,scholje01,27.0,2023-05-15,2023
QPO,kendrky01,5.0,2023-05-16,2023
QPO,swarmma01,10.0,2023-05-17,2023
QPO,anderco01,6.0,2023-05-19,2023
QPO,millebo06,6.0,2023-05-20,2023
QPO,scholje01,6.0,2023-05-21,2023
QPO,gaddihu01,10.0,2023-05-22,2023
QPO,kendrky01,7.0,2023-05-23,2023
QPO,anderco01,5.0,2023-05-24,2023
QPO,farmebu01,,2023-05-25,2023
QPO,scholje01,5.0,2023-05-26,2023
QPO,millebo06,7.0,2023-05-27,2023
QPO,kendrky01,5.0,2023-05-28,2023
QPO,anderco01,5.0,2023-05-29,2023
QPO,gaddihu01,8.0,2023-05-30,2023
QPO,scholje01,5.0,2023-05-31,2023
QPO,millebo06,6.0,2023-06-02,2023
QPO,kendrky01,6.0,2023-06-03,2023
QPO,anderco01,6.0,2023-06-04,2023
QPO,gaddihu01,7.0,2023-06-06,2023
QPO,millebo06,5.0,2023-06-07,2023
QPO,kendrky01,5.0,2023-06-08,2023
QPO,anderco01,5.0,2023-06-09,2023
QPO,gaddihu01,,2023-06-10,2023
QPO,gaddihu01,1.0,2023-06-11,2023
QPO,millebo06,5.0,2023-06-12,2023
QPO,kendrky01,5.0,2023-06-13,2023
QPO,anderco01,5.0,2023-06-14,2023
QPO,gaddihu01,5.0,2023-06-16,2023
QPO,scholje01,17.0,2023-06-17,2023
QPO,millebo06,6.0,2023-06-18,2023
QPO,lambepe01,,2023-06-19,2023
QPO,anderco01,6.0,2023-06-20,2023
QPO,lambepe01,2.0,2023-06-21,2023
QPO,scholje01,5.0,2023-06-22,2023
QPO,millebo06,5.0,2023-06-23,2023
QPO,lambepe01,3.0,2023-06-24,2023
QPO,anderco01,5.0,2023-06-25,2023
QPO,lambepe01,3.0,2023-06-27,2023
QPO,,5.0,2023-06-28,2023
QPO,urenajo01,,2023-06-29,2023
QPO,kendrky01,17.0,2023-06-30,2023
QPO,anderco01,6.0,2023-07-01,2023
QPO,swarmma01,46.0,2023-07-02,2023
QPO,millebo06,,2023-07-03,2023
QPO,urenajo01,5.0,2023-07-04,2023
QPO,,5.0,2023-07-05,2023
QPO,swarmma01,5.0,2023-07-07,2023
QPO,lambepe01,11.0,2023-07-08,2023
QPO,millebo06,6.0,2023-07-09,2023
QPO,swarmma01,7.0,2023-07-14,2023
QPO,kendrky01,10.0,2023-07-15,2023
QPO,scholje01,24.0,2023-07-16,2023
QPO,millebo06,8.0,2023-07-17,2023
QPO,anderco01,17.0,2023-07-18,2023
QPO,swarmma01,5.0,2023-07-19,2023
QPO,kendrky01,5.0,2023-07-20,2023
QPO,scholje01,5.0,2023-07-21,2023
QPO,millebo06,5.0,2023-07-22,2023
QPO,,59.0,2023-07-23,2023
QPO,swarmma01,5.0,2023-07-24,2023
QPO,kendrky01,5.0,2023-07-25,2023
QPO,lambepe01,18.0,2023-07-26,2023
QPO,millebo06,6.0,2023-07-28,2023
QPO,lambepe01,3.0,2023-07-29,2023
QPO,farmebu01,7.0,2023-07-30,2023
QPO,hernafe02,,2023-07-31,2023
RAV,overtco01,,2016-04-04,2016
RAV,skogler01,,2016-04-05,2016
RAV,millema03,,2016-04-06,2016
RAV,brighje01,,2016-04-08,2016
RAV,overtco01,,2016-04-09,2016
RAV,skogler01,5.0,2016-04-10,2016
RAV,millema03,5.0,2016-04-11,2016
RAV,brighje01,5.0,2016-04-13,2016
RAV,overtco01,5.0,2016-04-14,2016
RAV,skogler01,5.0,2016-04-15,2016
RAV,millema03,5.0,2016-04-16,2016
RAV,kerrra01,,2016-04-17,2016
RAV,brighje01,5.0,2016-04-18,2016
RAV,overtco01,5.0,2016-04-19,2016
RAV,skogler01,5.0,2016-04-20,2016
RAV,millema03,5.0,2016-04-21,2016
RAV,kerrra01,5.0,2016-04-22,2016
RAV,brighje01,5.0,2016-04-23,2016
RAV,overtco01,5.0,2016-04-24,2016
RAV,skogler01,6.0,2016-04-26,2016
RAV,millema03,7.0,2016-04-28,2016
RAV,kerrra01,7.0,2016-04-29,2016
RAV,brighje01,7.0,2016-04-30,2016
RAV,overtco01,7.0,2016-05-01,2016
RAV,skogler01,6.0,2016-05-02,2016
RAV,imanash01,,2016-05-03,2016
RAV,kerrra01,5.0,2016-05-04,2016
RAV,brighje01,5.0,2016-05-05,2016
RAV,longsa01,,2016-05-06,2016
RAV,skogler01,5.0,2016-05-07,2016
RAV,,5.0,2016-05-08,2016
RAV,overtco01,8.0,2016-05-09,2016
RAV,kerrra01,6.0,2016-05-10,2016
RAV,brighje01,6.0,2016-05-11,2016
RAV,skogler01,5.0,2016-05-12,2016
RAV,imanash01,5.0,2016-05-13,2016
RAV,,5.0,2016-05-14,2016
RAV,kerrra01,5.0,2016-05-15,2016
RAV,brighje01,6.0,2016-05-17,2016
RAV,skogler01,,2016-05-18,2016
RAV,imanash01,6.0,2016-05-19,2016
RAV,overtco01,6.0,2016-05-20,2016
RAV,kerrra01,6.0,2016-05-21,2016
RAV,brighje01,5.0,2016-05-22,2016
RAV,skogler01,6.0,2016-05-24,2016
RAV,imanash01,6.0,2016-05-25,2016
RAV,overtco01,6.0,2016-05-26,2016
RAV,kerrra01,6.0,2016-05-27,2016
RAV,brighje01,6.0,2016-05-28,2016
RAV,,5.0,2016-05-29,2016
RAV,imanash01,5.0,2016-05-30,2016
RAV,overtco01,5.0,2016-05-31,2016
RAV,kerrra01,5.0,2016-06-01,2016
RAV,brighje01,5.0,2016-06-02,2016
RAV,skogler01,5.0,2016-06-03,2016
RAV,imanash01,5.0,2016-06-04,2016
RAV,overtco01,5.0,2016-06-05,2016
RAV,kerrra01,6.0,2016-06-07,2016
RAV,brighje01,6.0,2016-06-08,2016
RAV,skogler01,,2016-06-09,2016
RAV,imanash01,6.0,2016-06-10,2016
RAV,overtco01,6.0,2016-06-11,2016
RAV,kerrra01,5.0,2016-06-12,2016
RAV,,5.0,2016-06-13,2016
RAV,richacl01,,2016-06-14,2016
RAV,skogler01,6.0,2016-06-15,2016
RAV,imanash01,6.0,2016-06-16,2016
RAV,kerrra01,5.0,2016-06-17,2016
RAV,brighje01,5.0,2016-06-18,2016
RAV,richacl01,5.0,2016-06-19,2016
RAV,skogler01,,2016-06-21,2016
RAV,imanash01,6.0,2016-06-22,2016
RAV,,7.0,2016-06-24,2016
RAV,richacl01,,2016-06-25,2016
RAV,skogler01,5.0,2016-06-26,2016
RAV,brighje01,10.0,2016-06-28,2016
RAV,imanash01,7.0,2016-06-29,2016
RAV,kerrra01,6.0,2016-06-30,2016
RAV,richacl01,6.0,2016-07-01,2016
RAV,skogler01,6.0,2016-07-02,2016
RAV,brighje01,5.0,2016-07-03,2016
RAV,imanash01,5.0,2016-07-04,2016
RAV,kerrra01,5.0,2016-07-05,2016
RAV,richacl01,5.0,2016-07-06,2016
RAV,skogler01,6.0,2016-07-08,2016
RAV,brighje01,6.0,2016-07-09,2016
RAV,imanash01,6.0,2016-07-10,2016
RAV,richacl01,9.0,2016-07-15,2016
RAV,skogler01,8.0,2016-07-16,2016
RAV,kerrra01,,2016-07-17,2016
RAV,imanash01,9.0,2016-07-19,2016
RAV,brighje01,11.0,2016-07-20,2016
RAV,richacl01,6.0,2016-07-21,2016
RAV,skogler01,6.0,2016-07-22,2016
RAV,kerrra01,6.0,2016-07-23,2016
RAV,imanash01,5.0,2016-07-24,2016
RAV,brighje01,5.0,2016-07-25,2016
RAV,richacl01,5.0,2016-07-26,2016
RAV,skogler01,5.0,2016-07-27,2016
RAV,kerrra01,5.0,2016-07-28,2016
RAV,imanash01,5.0,2016-07-29,2016
RAV,brighje01,5.0,2016-07-30,2016
RAV,richacl01,5.0,2016-07-31,2016
RAV,imanash01,,2017-04-03,2017
RAV,kerrra01,,2017-04-04,2017
RAV,,,2017-04-05,2017
RAV,brighje01,,2017-04-06,2017
RAV,skogler01,,2017-04-07,2017
RAV,francjp01,,2017-04-08,2017
RAV,kerrra01,5.0,2017-04-09,2017
RAV,overtco01,6.0,2017-04-11,2017
RAV,brighje01,6.0,2017-04-12,2017
RAV,skogler01,6.0,2017-04-13,2017
RAV,francjp01,6.0,2017-04-14,2017
RAV,kerrra01,6.0,2017-04-15,2017
RAV,overtco01,5.0,2017-04-16,2017
RAV,brighje01,5.0,2017-04-17,2017
RAV,skogler01,5.0,2017-04-18,2017
RAV,francjp01,5.0,2017-04-19,2017
RAV,kerrra01,5.0,2017-04-20,2017
RAV,overtco01,5.0,2017-04-21,2017
RAV,brighje01,5.0,2017-04-22,2017
RAV,skogler01,5.0,2017-04-23,2017
RAV,richacl01,,2017-04-24,2017
RAV,kerrra01,5.0,2017-04-25,2017
RAV,overtco01,5.0,2017-04-26,2017
RAV,brighje01,6.0,2017-04-28,2017
RAV,skogler01,6.0,2017-04-29,2017
RAV,richacl01,6.0,2017-04-30,2017
RAV,,6.0,2017-05-01,2017
RAV,overtco01,6.0,2017-05-02,2017
RAV,brighje01,6.0,2017-05-04,2017
RAV,skogler01,6.0,2017-05-05,2017
RAV,richacl01,6.0,2017-05-06,2017
RAV,kerrra01,6.0,2017-05-07,2017
RAV,overtco01,7.0,2017-05-09,2017
RAV,brighje01,6.0,2017-05-10,2017
RAV,skogler01,6.0,2017-05-11,2017
RAV,richacl01,6.0,2017-05-12,2017
RAV,kerrra01,6.0,2017-05-13,2017
RAV,overtco01,5.0,2017-05-14,2017
RAV,brighje01,5.0,2017-05-15,2017
RAV,skogler01,,2017-05-16,2017
RAV,richacl01,5.0,2017-05-17,2017
RAV,kerrra01,5.0,2017-05-18,2017
RAV,mcguide02,,2017-05-19,2017
RAV,brighje01,6.0,2017-05-21,2017
RAV,skogler01,7.0,2017-05-23,2017
RAV,,7.0,2017-05-24,2017
RAV,kerrra01,7.0,2017-05-25,2017
RAV,imanash01,53.0,2017-05-26,2017
RAV,brighje01,6.0,2017-05-27,2017
RAV,skogler01,5.0,2017-05-28,2017
RAV,richacl01,5.0,2017-05-29,2017
RAV,kerrra01,5.0,2017-05-30,2017
RAV,imanash01,5.0,2017-05-31,2017
RAV,,5.0,2017-06-01,2017
RAV,skogler01,5.0,2017-06-02,2017
RAV,richacl01,5.0,2017-06-03,2017
RAV,kerrra01,5.0,2017-06-04,2017
RAV,,,2017-06-05,2017
RAV,brighje01,5.0,2017-06-06,2017
RAV,skogler01,5.0,2017-06-07,2017
RAV,mcguide02,20.0,2017-06-08,2017
RAV,kerrra01,5.0,2017-06-09,2017
RAV,imanash01,5.0,2017-06-10,2017
RAV,brighje01,5.0,2017-06-11,2017
RAV,skogler01,6.0,2017-06-13,2017
RAV,hendrli01,,2017-06-13,2017
RAV,richacl01,11.0,2017-06-14,2017
RAV,kerrra01,6.0,2017-06-15,2017
RAV,imanash01,6.0,2017-06-16,2017
RAV,brighje01,6.0,2017-06-17,2017
RAV,skogler01,5.0,2017-06-18,2017
RAV,richacl01,5.0,2017-06-19,2017
RAV,kerrra01,5.0,2017-06-20,2017
RAV,imanash01,5.0,2017-06-21,2017
RAV,brighje01,5.0,2017-06-22,2017
RAV,skogler01,5.0,2017-06-23,2017
RAV,richacl01,,2017-06-24,2017
RAV,kerrra01,5.0,2017-06-25,2017
RAV,imanash01,6.0,2017-06-27,2017
RAV,brighje01,6.0,2017-06-28,2017
RAV,skogler01,6.0,2017-06-29,2017
RAV,richacl01,6.0,2017-06-30,2017
RAV,kerrra01,6.0,2017-07-01,2017
RAV,imanash01,5.0,2017-07-02,2017
RAV,hendrli01,20.0,2017-07-03,2017
RAV,skogler01,5.0,2017-07-04,2017
RAV,richacl01,5.0,2017-07-05,2017
RAV,kerrra01,5.0,2017-07-06,2017
RAV,imanash01,5.0,2017-07-07,2017
RAV,,5.0,2017-07-08,2017
RAV,skogler01,5.0,2017-07-09,2017
RAV,kerrra01,8.0,2017-07-14,2017
RAV,skogler01,6.0,2017-07-15,2017
RAV,,11.0,2017-07-16,2017
RAV,hendrli01,9.0,2017-07-17,2017
RAV,imanash01,11.0,2017-07-18,2017
RAV,kerrra01,5.0,2017-07-19,2017
RAV,skogler01,5.0,2017-07-20,2017
RAV,richacl01,5.0,2017-07-21,2017
RAV,hendrli01,5.0,2017-07-22,2017
RAV,imanash01,5.0,2017-07-23,2017
RAV,kerrra01,6.0,2017-07-25,2017
RAV,skogler01,,2017-07-26,2017
RAV,woodhu01,,2017-07-27,2017
RAV,hendrli01,6.0,2017-07-28,2017
RAV,imanash01,6.0,2017-07-29,2017
RAV,kerrra01,5.0,2017-07-30,2017
RAV,brighje01,,2018-03-29,2018
RAV,schulja02,,2018-03-30,2018
RAV,hendrli01,,2018-03-31,2018
RAV,kerrra01,,2018-04-02,2018
RAV,brighje01,,2018-04-03,2018
RAV,schulja02,5.0,2018-04-04,2018
RAV,hendrli01,5.0,2018-04-05,2018
RAV,bolanro01,,2018-04-06,2018
RAV,kerrra01,5.0,2018-04-07,2018
RAV,brighje01,5.0,2018-04-08,2018
RAV,schulja02,5.0,2018-04-09,2018
RAV,hendrli01,5.0,2018-04-10,2018
RAV,imanash01,,2018-04-11,2018
RAV,kerrra01,6.0,2018-04-13,2018
RAV,brighje01,6.0,2018-04-14,2018
RAV,schulja02,6.0,2018-04-15,2018
RAV,hendrli01,6.0,2018-04-16,2018
RAV,imanash01,6.0,2018-04-17,2018
RAV,kerrra01,5.0,2018-04-18,2018
RAV,brighje01,5.0,2018-04-19,2018
RAV,schulja02,5.0,2018-04-20,2018
RAV,hendrli01,5.0,2018-04-21,2018
RAV,imanash01,5.0,2018-04-22,2018
RAV,kerrra01,6.0,2018-04-24,2018
RAV,schulja02,5.0,2018-04-25,2018
RAV,brighje01,7.0,2018-04-26,2018
RAV,hendrli01,6.0,2018-04-27,2018
RAV,imanash01,6.0,2018-04-28,2018
RAV,kerrra01,5.0,2018-04-29,2018
RAV,schulja02,5.0,2018-04-30,2018
RAV,brighje01,5.0,2018-05-01,2018
RAV,rodrich01,,2018-05-02,2018
RAV,imanash01,6.0,2018-05-04,2018
RAV,schulja02,5.0,2018-05-05,2018
RAV,brighje01,5.0,2018-05-06,2018
RAV,rodrich01,6.0,2018-05-08,2018
RAV,imanash01,5.0,2018-05-09,2018
RAV,schulja02,5.0,2018-05-10,2018
RAV,bolanro01,35.0,2018-05-11,2018
RAV,hendrli01,15.0,2018-05-12,2018
RAV,vinceni01,,2018-05-13,2018
RAV,imanash01,5.0,2018-05-14,2018
RAV,schulja02,5.0,2018-05-15,2018
RAV,bolanro01,5.0,2018-05-16,2018
RAV,hendrli01,6.0,2018-05-18,2018
RAV,vinceni01,6.0,2018-05-19,2018
RAV,imanash01,6.0,2018-05-20,2018
RAV,brighje01,15.0,2018-05-21,2018
RAV,schulja02,7.0,2018-05-22,2018
RAV,hendrli01,5.0,2018-05-23,2018
RAV,kerrra01,25.0,2018-05-24,2018
RAV,imanash01,5.0,2018-05-25,2018
RAV,brighje01,5.0,2018-05-26,2018
RAV,schulja02,5.0,2018-05-27,2018
RAV,hendrli01,,2018-05-28,2018
RAV,kerrra01,5.0,2018-05-29,2018
RAV,imanash01,5.0,2018-05-30,2018
RAV,brighje01,6.0,2018-06-01,2018
RAV,schulja02,6.0,2018-06-02,2018
RAV,hendrli01,6.0,2018-06-03,2018
RAV,imanash01,6.0,2018-06-05,2018
RAV,brighje01,5.0,2018-06-06,2018
RAV,schulja02,6.0,2018-06-08,2018
RAV,hendrli01,6.0,2018-06-09,2018
RAV,bolanro01,25.0,2018-06-10,2018
RAV,imanash01,6.0,2018-06-11,2018
RAV,brighje01,6.0,2018-06-12,2018
RAV,schulja02,5.0,2018-06-13,2018
RAV,hendrli01,6.0,2018-06-15,2018
RAV,imanash01,5.0,2018-06-16,2018
RAV,brighje01,5.0,2018-06-17,2018
RAV,schulja02,5.0,2018-06-18,2018
RAV,vinceni01,31.0,2018-06-19,2018
RAV,hendrli01,6.0,2018-06-21,2018
RAV,imanash01,6.0,2018-06-22,2018
RAV,brighje01,6.0,2018-06-23,2018
RAV,schulja02,6.0,2018-06-24,2018
RAV,,7.0,2018-06-26,2018
RAV,hendrli01,6.0,2018-06-27,2018
RAV,imanash01,6.0,2018-06-28,2018
RAV,brighje01,6.0,2018-06-29,2018
RAV,schulja02,6.0,2018-06-30,2018
RAV,vinceni01,5.0,2018-07-01,2018
RAV,hendrli01,5.0,2018-07-02,2018
RAV,imanash01,5.0,2018-07-03,2018
RAV,brighje01,5.0,2018-07-04,2018
RAV,,5.0,2018-07-05,2018
RAV,vinceni01,5.0,2018-07-06,2018
RAV,cuasjo01,,2018-07-07,2018
RAV,imanash01,5.0,2018-07-08,2018
RAV,brighje01,5.0,2018-07-09,2018
RAV,schulja02,5.0,2018-07-10,2018
RAV,vinceni01,5.0,2018-07-11,2018
RAV,rodrich01,65.0,2018-07-12,2018
RAV,,5.0,2018-07-13,2018
RAV,hendrli01,12.0,2018-07-14,2018
RAV,brighje01,5.0,2018-07-14,2018
RAV,schulja02,5.0,2018-07-15,2018
RAV,rodrich01,8.0,2018-07-20,2018
RAV,brighje01,7.0,2018-07-21,2018
RAV,hendrli01,8.0,2018-07-22,2018
RAV,schulja02,8.0,2018-07-23,2018
RAV,imanash01,11.0,2018-07-24,2018
RAV,vinceni01,14.0,2018-07-25,2018
RAV,,6.0,2018-07-26,2018
RAV,brighje01,6.0,2018-07-27,2018
RAV,schulja02,5.0,2018-07-28,2018
RAV,imanash01,5.0,2018-07-29,2018
RAV,vinceni01,5.0,2018-07-30,2018
RAV,rodrich01,5.0,2018-07-31,2018
RAV,schulja02,,2019-03-28,2019
RAV,vinceni01,,2019-03-29,2019
RAV,bolanro01,,2019-03-30,2019
RAV,jeffeda01,,2019-03-31,2019
RAV,kerrra01,,2019-04-01,2019
RAV,schulja02,5.0,2019-04-02,2019
RAV,vinceni01,5.0,2019-04-03,2019
RAV,bolanro01,6.0,2019-04-05,2019
RAV,jeffeda01,6.0,2019-04-06,2019
RAV,kerrra01,6.0,2019-04-07,2019
RAV,schulja02,6.0,2019-04-08,2019
RAV,vinceni01,6.0,2019-04-09,2019
RAV,bolanro01,5.0,2019-04-10,2019
RAV,jeffeda01,6.0,2019-04-12,2019
RAV,kerrra01,6.0,2019-04-13,2019
RAV,schulja02,6.0,2019-04-14,2019
RAV,vinceni01,6.0,2019-04-15,2019
RAV,bolanro01,6.0,2019-04-16,2019
RAV,jeffeda01,5.0,2019-04-17,2019
RAV,kerrra01,5.0,2019-04-18,2019
RAV,schulja02,5.0,2019-04-19,2019
RAV,brighje01,,2019-04-20,2019
RAV,bolanro01,5.0,2019-04-21,2019
RAV,curryxz01,,2019-04-22,2019
RAV,kerrra01,5.0,2019-04-23,2019
RAV,schulja02,5.0,2019-04-24,2019
RAV,brighje01,6.0,2019-04-26,2019
RAV,bolanro01,6.0,2019-04-27,2019
RAV,widenta01,,2019-04-28,2019
RAV,kerrra01,,2019-04-29,2019
RAV,schulja02,6.0,2019-04-30,2019
RAV,garcibr01,,2019-05-01,2019
RAV,vinceni01,17.0,2019-05-02,2019
RAV,bolanro01,6.0,2019-05-03,2019
RAV,widenta01,6.0,2019-05-04,2019
RAV,kerrra01,6.0,2019-05-05,2019
RAV,,6.0,2019-05-06,2019
RAV,curryxz01,15.0,2019-05-07,2019
RAV,bolanro01,5.0,2019-05-08,2019
RAV,,6.0,2019-05-10,2019
RAV,kerrra01,6.0,2019-05-11,2019
RAV,schulja02,6.0,2019-05-12,2019
RAV,vinceni01,11.0,2019-05-13,2019
RAV,bolanro01,6.0,2019-05-14,2019
RAV,widenta01,5.0,2019-05-15,2019
RAV,kerrra01,5.0,2019-05-16,2019
RAV,schulja02,5.0,2019-05-17,2019
RAV,brighje01,22.0,2019-05-18,2019
RAV,bolanro01,5.0,2019-05-19,2019
RAV,widenta01,6.0,2019-05-21,2019
RAV,kerrra01,6.0,2019-05-22,2019
RAV,,6.0,2019-05-24,2019
RAV,schulja02,8.0,2019-05-25,2019
RAV,bolanro01,,2019-05-26,2019
RAV,widenta01,6.0,2019-05-27,2019
RAV,kerrra01,6.0,2019-05-28,2019
RAV,brighje01,6.0,2019-05-30,2019
RAV,schulja02,6.0,2019-05-31,2019
RAV,,6.0,2019-06-01,2019
RAV,kerrra01,5.0,2019-06-02,2019
RAV,brighje01,5.0,2019-06-04,2019
RAV,skogler01,,2019-06-05,2019
RAV,vinceni01,24.0,2019-06-06,2019
RAV,bolanro01,6.0,2019-06-07,2019
RAV,kerrra01,6.0,2019-06-08,2019
RAV,brighje01,5.0,2019-06-09,2019
RAV,vinceni01,5.0,2019-06-11,2019
RAV,bolanro01,5.0,2019-06-12,2019
RAV,kerrra01,6.0,2019-06-14,2019
RAV,skogler01,10.0,2019-06-15,2019
RAV,brighje01,7.0,2019-06-16,2019
RAV,schulja02,17.0,2019-06-17,2019
RAV,bolanro01,6.0,2019-06-18,2019
RAV,kerrra01,5.0,2019-06-19,2019
RAV,skogler01,5.0,2019-06-20,2019
RAV,brighje01,5.0,2019-06-21,2019
RAV,schulja02,5.0,2019-06-22,2019
RAV,bolanro01,5.0,2019-06-23,2019
RAV,kerrra01,6.0,2019-06-25,2019
RAV,curryxz01,50.0,2019-06-26,2019
RAV,brighje01,6.0,2019-06-27,2019
RAV,schulja02,6.0,2019-06-28,2019
RAV,bolanro01,6.0,2019-06-29,2019
RAV,kerrra01,5.0,2019-06-30,2019
RAV,curryxz01,5.0,2019-07-01,2019
RAV,brighje01,5.0,2019-07-02,2019
RAV,schulja02,5.0,2019-07-03,2019
RAV,bolanro01,5.0,2019-07-04,2019
RAV,kerrra01,5.0,2019-07-05,2019
RAV,curryxz01,5.0,2019-07-06,2019
RAV,brighje01,5.0,2019-07-07,2019
RAV,brighje01,5.0,2019-07-12,2019
RAV,kerrra01,8.0,2019-07-13,2019
RAV,schulja02,11.0,2019-07-14,2019
RAV,curryxz01,9.0,2019-07-15,2019
RAV,bolanro01,12.0,2019-07-16,2019
RAV,brighje01,5.0,2019-07-17,2019
RAV,kerrra01,5.0,2019-07-18,2019
RAV,schulja02,5.0,2019-07-19,2019
RAV,widenta01,54.0,2019-07-20,2019
RAV,bolanro01,5.0,2019-07-21,2019
RAV,brighje01,5.0,2019-07-22,2019
RAV,,5.0,2019-07-23,2019
RAV,schulja02,5.0,2019-07-24,2019
RAV,widenta01,6.0,2019-07-26,2019
RAV,brighje01,5.0,2019-07-27,2019
RAV,,5.0,2019-07-28,2019
RAV,curryxz01,15.0,2019-07-30,2019
RAV,woodtr01,7.0,2019-07-31,2019
RAV,bolanro01,,2021-04-01,2021
RAV,jeffeda01,,2021-04-03,2021
RAV,curryxz01,,2021-04-04,2021
RAV,conlead01,,2021-04-05,2021
RAV,vinceni01,,2021-04-06,2021
RAV,bolanro01,6.0,2021-04-07,2021
RAV,,5.0,2021-04-08,2021
RAV,curryxz01,6.0,2021-04-10,2021
RAV,conlead01,,2021-04-11,2021
RAV,vinceni01,6.0,2021-04-12,2021
RAV,bolanro01,6.0,2021-04-13,2021
RAV,jeffeda01,6.0,2021-04-14,2021
RAV,curryxz01,6.0,2021-04-16,2021
RAV,conlead01,6.0,2021-04-17,2021
RAV,vinceni01,6.0,2021-04-18,2021
RAV,bolanro01,6.0,2021-04-19,2021
RAV,jeffeda01,6.0,2021-04-20,2021
RAV,curryxz01,5.0,2021-04-21,2021
RAV,conlead01,6.0,2021-04-23,2021
RAV,vinceni01,6.0,2021-04-24,2021
RAV,bolanro01,6.0,2021-04-25,2021
RAV,,6.0,2021-04-26,2021
RAV,curryxz01,6.0,2021-04-27,2021
RAV,montafr02,,2021-04-28,2021
RAV,stanery01,,2021-04-29,2021
RAV,vinceni01,6.0,2021-04-30,2021
RAV,bolanro01,6.0,2021-05-01,2021
RAV,paganem01,,2021-05-02,2021
RAV,curryxz01,6.0,2021-05-03,2021
RAV,stanery01,5.0,2021-05-04,2021
RAV,vinceni01,,2021-05-05,2021
RAV,bolanro01,5.0,2021-05-06,2021
RAV,hendrli01,,2021-05-07,2021
RAV,curryxz01,5.0,2021-05-08,2021
RAV,conlead01,16.0,2021-05-09,2021
RAV,vinceni01,,2021-05-11,2021
RAV,bolanro01,6.0,2021-05-12,2021
RAV,jeffeda01,17.0,2021-05-13,2021
RAV,,6.0,2021-05-14,2021
RAV,conlead01,6.0,2021-05-15,2021
RAV,vinceni01,5.0,2021-05-16,2021
RAV,bolanro01,6.0,2021-05-18,2021
RAV,jeffeda01,6.0,2021-05-19,2021
RAV,curryxz01,7.0,2021-05-21,2021
RAV,,7.0,2021-05-22,2021
RAV,vinceni01,7.0,2021-05-23,2021
RAV,bolanro01,6.0,2021-05-24,2021
RAV,jeffeda01,6.0,2021-05-25,2021
RAV,stanery01,22.0,2021-05-26,2021
RAV,curryxz01,6.0,2021-05-27,2021
RAV,vinceni01,6.0,2021-05-29,2021
RAV,conlead01,7.0,2021-05-29,2021
RAV,bolanro01,6.0,2021-05-30,2021
RAV,jeffeda01,6.0,2021-05-31,2021
RAV,stanery01,6.0,2021-06-01,2021
RAV,conlead01,5.0,2021-06-03,2021
RAV,vinceni01,6.0,2021-06-04,2021
RAV,bolanro01,6.0,2021-06-05,2021
RAV,jeffeda01,6.0,2021-06-06,2021
RAV,curryxz01,12.0,2021-06-08,2021
RAV,conlead01,6.0,2021-06-09,2021
RAV,vinceni01,6.0,2021-06-10,2021
RAV,bolanro01,6.0,2021-06-11,2021
RAV,jeffeda01,6.0,2021-06-12,2021
RAV,curryxz01,5.0,2021-06-13,2021
RAV,stanery01,13.0,2021-06-14,2021
RAV,conlead01,,2021-06-15,2021
RAV,vinceni01,6.0,2021-06-16,2021
RAV,bolanro01,6.0,2021-06-17,2021
RAV,jeffeda01,6.0,2021-06-18,2021
RAV,curryxz01,6.0,2021-06-19,2021
RAV,stanery01,6.0,2021-06-20,2021
RAV,conlead01,6.0,2021-06-21,2021
RAV,vinceni01,6.0,2021-06-22,2021
RAV,bolanro01,6.0,2021-06-23,2021
RAV,jeffeda01,7.0,2021-06-25,2021
RAV,curryxz01,7.0,2021-06-26,2021
RAV,stanery01,7.0,2021-06-27,2021
RAV,vinceni01,6.0,2021-06-28,2021
RAV,bolanro01,6.0,2021-06-29,2021
RAV,munozro01,,2021-06-30,2021
RAV,jeffeda01,6.0,2021-07-01,2021
RAV,curryxz01,6.0,2021-07-02,2021
RAV,,6.0,2021-07-03,2021
RAV,vinceni01,6.0,2021-07-04,2021
RAV,bolanro01,6.0,2021-07-05,2021
RAV,jeffeda01,6.0,2021-07-07,2021
RAV,conlead01,16.0,2021-07-07,2021
RAV,,6.0,2021-07-08,2021
RAV,stanery01,6.0,2021-07-09,2021
RAV,,6.0,2021-07-10,2021
RAV,bolanro01,6.0,2021-07-11,2021
RAV,curryxz01,8.0,2021-07-16,2021
RAV,bolanro01,6.0,2021-07-17,2021
RAV,jeffeda01,11.0,2021-07-18,2021
RAV,conlead01,13.0,2021-07-20,2021
RAV,stanery01,12.0,2021-07-21,2021
RAV,vinceni01,13.0,2021-07-23,2021
RAV,jeffeda01,6.0,2021-07-24,2021
RAV,bolanro01,8.0,2021-07-25,2021
RAV,conlead01,7.0,2021-07-27,2021
RAV,curryxz01,12.0,2021-07-28,2021
RAV,vinceni01,6.0,2021-07-29,2021
RAV,jeffeda01,6.0,2021-07-30,2021
RAV,bolanro01,6.0,2021-07-31,2021
RAV,jeffeda01,,2022-04-07,2022
RAV,bolanro01,,2022-04-09,2022
RAV,vinceni01,,2022-04-10,2022
RAV,curryxz01,,2022-04-11,2022
RAV,stanery01,,2022-04-12,2022
RAV,jeffeda01,6.0,2022-04-13,2022
RAV,bolanro01,5.0,2022-04-14,2022
RAV,vinceni01,5.0,2022-04-15,2022
RAV,curryxz01,5.0,2022-04-16,2022
RAV,munozro01,,2022-04-17,2022
RAV,stanery01,6.0,2022-04-18,2022
RAV,jeffeda01,6.0,2022-04-19,2022
RAV,bolanro01,6.0,2022-04-20,2022
RAV,vinceni01,7.0,2022-04-22,2022
RAV,curryxz01,7.0,2022-04-23,2022
RAV,stanery01,6.0,2022-04-24,2022
RAV,jeffeda01,6.0,2022-04-25,2022
RAV,bolanro01,6.0,2022-04-26,2022
RAV,munozro01,10.0,2022-04-27,2022
RAV,vinceni01,6.0,2022-04-28,2022
RAV,curryxz01,6.0,2022-04-29,2022
RAV,stanery01,6.0,2022-04-30,2022
RAV,jeffeda01,6.0,2022-05-01,2022
RAV,bolanro01,7.0,2022-05-03,2022
RAV,vinceni01,6.0,2022-05-04,2022
RAV,curryxz01,6.0,2022-05-05,2022
RAV,stanery01,6.0,2022-05-06,2022
RAV,jeffeda01,6.0,2022-05-07,2022
RAV,munozro01,11.0,2022-05-08,2022
RAV,bolanro01,6.0,2022-05-09,2022
RAV,vinceni01,6.0,2022-05-10,2022
RAV,curryxz01,6.0,2022-05-11,2022
RAV,jeffeda01,6.0,2022-05-13,2022
RAV,stanery01,,2022-05-14,2022
RAV,,6.0,2022-05-15,2022
RAV,,6.0,2022-05-16,2022
RAV,curryxz01,6.0,2022-05-17,2022
RAV,jeffeda01,5.0,2022-05-18,2022
RAV,stanery01,6.0,2022-05-20,2022
RAV,bolanro01,6.0,2022-05-21,2022
RAV,vinceni01,6.0,2022-05-22,2022
RAV,curryxz01,6.0,2022-05-23,2022
RAV,jeffeda01,6.0,2022-05-24,2022
RAV,munozro01,,2022-05-25,2022
RAV,stanery01,6.0,2022-05-26,2022
RAV,bolanro01,6.0,2022-05-27,2022
RAV,curryxz01,5.0,2022-05-28,2022
RAV,,5.0,2022-05-29,2022
RAV,munozro01,5.0,2022-05-30,2022
RAV,buchhcl01,,2022-05-30,2022
RAV,stanery01,5.0,2022-05-31,2022
RAV,woodssi01,,2022-06-01,2022
RAV,curryxz01,5.0,2022-06-02,2022
RAV,jeffeda01,5.0,2022-06-03,2022
RAV,munozro01,5.0,2022-06-04,2022
RAV,,5.0,2022-06-05,2022
RAV,woodssi01,6.0,2022-06-07,2022
RAV,,6.0,2022-06-08,2022
RAV,jeffeda01,6.0,2022-06-09,2022
RAV,munozro01,6.0,2022-06-10,2022
RAV,stanery01,6.0,2022-06-11,2022
RAV,woodssi01,5.0,2022-06-12,2022
RAV,curryxz01,6.0,2022-06-14,2022
RAV,jeffeda01,6.0,2022-06-15,2022
RAV,munozro01,6.0,2022-06-16,2022
RAV,stanery01,6.0,2022-06-17,2022
RAV,woodssi01,6.0,2022-06-18,2022
RAV,,5.0,2022-06-19,2022
RAV,jeffeda01,5.0,2022-06-20,2022
RAV,garcija04,10.0,2022-06-21,2022
RAV,stanery01,5.0,2022-06-22,2022
RAV,woodssi01,,2022-06-23,2022
RAV,curryxz01,5.0,2022-06-24,2022
RAV,jeffeda01,5.0,2022-06-25,2022
RAV,garcija04,5.0,2022-06-26,2022
RAV,bolanro01,,2022-06-28,2022
RAV,stanery01,7.0,2022-06-29,2022
RAV,curryxz01,6.0,2022-06-30,2022
RAV,jeffeda01,6.0,2022-07-01,2022
RAV,munozro01,16.0,2022-07-02,2022
RAV,bolanro01,5.0,2022-07-03,2022
RAV,stanery01,5.0,2022-07-04,2022
RAV,woodssi01,12.0,2022-07-05,2022
RAV,jeffeda01,5.0,2022-07-06,2022
RAV,munozro01,6.0,2022-07-08,2022
RAV,bolanro01,6.0,2022-07-09,2022
RAV,stanery01,6.0,2022-07-10,2022
RAV,woodssi01,7.0,2022-07-12,2022
RAV,munozro01,5.0,2022-07-13,2022
RAV,jeffeda01,8.0,2022-07-14,2022
RAV,bolanro01,6.0,2022-07-15,2022
RAV,stanery01,6.0,2022-07-16,2022
RAV,munozro01,4.0,2022-07-17,2022
RAV,jeffeda01,8.0,2022-07-22,2022
RAV,bolanro01,8.0,2022-07-23,2022
RAV,stanery01,8.0,2022-07-24,2022
RAV,,8.0,2022-07-25,2022
RAV,buchhcl01,57.0,2022-07-26,2022
RAV,jeffeda01,5.0,2022-07-27,2022
RAV,bolanro01,6.0,2022-07-29,2022
RAV,stanery01,6.0,2022-07-30,2022
RAV,munozro01,6.0,2022-07-31,2022
RAV,jeffeda01,,2023-03-30,2023
RAV,bolanro01,,2023-04-01,2023
RAV,stanery01,,2023-04-02,2023
RAV,vinceni01,,2023-04-03,2023
RAV,rodrich01,,2023-04-04,2023
RAV,jeffeda01,6.0,2023-04-05,2023
RAV,bolanro01,6.0,2023-04-07,2023
RAV,stanery01,6.0,2023-04-08,2023
RAV,vinceni01,6.0,2023-04-09,2023
RAV,rodrich01,6.0,2023-04-10,2023
RAV,jeffeda01,6.0,2023-04-11,2023
RAV,rodonca01,,2023-04-12,2023
RAV,coveydy01,,2023-04-13,2023
RAV,stanery01,6.0,2023-04-14,2023
RAV,vinceni01,6.0,2023-04-15,2023
RAV,rodrich01,6.0,2023-04-16,2023
RAV,jeffeda01,6.0,2023-04-17,2023
RAV,coveydy01,5.0,2023-04-18,2023
RAV,stanery01,5.0,2023-04-19,2023
RAV,vinceni01,6.0,2023-04-21,2023
RAV,rodrich01,6.0,2023-04-22,2023
RAV,jeffeda01,6.0,2023-04-23,2023
RAV,coveydy01,,2023-04-24,2023
RAV,stanery01,6.0,2023-04-25,2023
RAV,vinceni01,5.0,2023-04-26,2023
RAV,rodrich01,,2023-04-28,2023
RAV,jeffeda01,6.0,2023-04-29,2023
RAV,coveydy01,6.0,2023-04-30,2023
RAV,vinceni01,6.0,2023-05-02,2023
RAV,stanery01,8.0,2023-05-03,2023
RAV,rodrich01,6.0,2023-05-04,2023
RAV,jeffeda01,6.0,2023-05-05,2023
RAV,coveydy01,6.0,2023-05-06,2023
RAV,curryxz01,,2023-05-07,2023
RAV,vinceni01,6.0,2023-05-08,2023
RAV,stanery01,6.0,2023-05-09,2023
RAV,rodrich01,6.0,2023-05-10,2023
RAV,jeffeda01,7.0,2023-05-12,2023
RAV,curryxz01,6.0,2023-05-13,2023
RAV,coveydy01,8.0,2023-05-14,2023
RAV,vinceni01,7.0,2023-05-15,2023
RAV,rodrich01,6.0,2023-05-16,2023
RAV,jeffeda01,5.0,2023-05-17,2023
RAV,curryxz01,6.0,2023-05-19,2023
RAV,stanery01,11.0,2023-05-20,2023
RAV,vinceni01,6.0,2023-05-21,2023
RAV,jeffeda01,5.0,2023-05-22,2023
RAV,coveydy01,9.0,2023-05-23,2023
RAV,curryxz01,5.0,2023-05-24,2023
RAV,scottch01,,2023-05-25,2023
RAV,vinceni01,5.0,2023-05-26,2023
RAV,jeffeda01,5.0,2023-05-27,2023
RAV,coveydy01,5.0,2023-05-28,2023
RAV,curryxz01,6.0,2023-05-30,2023
RAV,scottch01,,2023-05-31,2023
RAV,vinceni01,6.0,2023-06-01,2023
RAV,jeffeda01,6.0,2023-06-02,2023
RAV,coveydy01,6.0,2023-06-03,2023
RAV,curryxz01,5.0,2023-06-04,2023
RAV,scottch01,5.0,2023-06-05,2023
RAV,,5.0,2023-06-06,2023
RAV,jeffeda01,5.0,2023-06-07,2023
RAV,coveydy01,5.0,2023-06-08,2023
RAV,curryxz01,5.0,2023-06-09,2023
RAV,scottch01,5.0,2023-06-10,2023
RAV,vinceni01,5.0,2023-06-11,2023
RAV,jeffeda01,6.0,2023-06-13,2023
RAV,coveydy01,6.0,2023-06-14,2023
RAV,scottch01,6.0,2023-06-16,2023
RAV,rodrich01,32.0,2023-06-17,2023
RAV,vinceni01,,2023-06-18,2023
RAV,jeffeda01,6.0,2023-06-19,2023
RAV,coveydy01,6.0,2023-06-20,2023
RAV,scottch01,5.0,2023-06-21,2023
RAV,rodrich01,6.0,2023-06-23,2023
RAV,vinceni01,6.0,2023-06-24,2023
RAV,jeffeda01,6.0,2023-06-25,2023
RAV,coveydy01,6.0,2023-06-26,2023
RAV,scottch01,6.0,2023-06-27,2023
RAV,,5.0,2023-06-28,2023
RAV,curryxz01,20.0,2023-06-29,2023
RAV,vinceni01,6.0,2023-06-30,2023
RAV,jeffeda01,,2023-07-01,2023
RAV,coveydy01,6.0,2023-07-02,2023
RAV,,6.0,2023-07-03,2023
RAV,rodrich01,6.0,2023-07-04,2023
RAV,curryxz01,6.0,2023-07-05,2023
RAV,vinceni01,6.0,2023-07-06,2023
RAV,jeffeda01,6.0,2023-07-07,2023
RAV,coveydy01,6.0,2023-07-08,2023
RAV,rodrich01,5.0,2023-07-09,2023
RAV,jeffeda01,7.0,2023-07-14,2023
RAV,,9.0,2023-07-15,2023
RAV,curryxz01,11.0,2023-07-16,2023
RAV,scottch01,15.0,2023-07-18,2023
RAV,,11.0,2023-07-19,2023
RAV,jeffeda01,6.0,2023-07-20,2023
RAV,vinceni01,6.0,2023-07-21,2023
RAV,curryxz01,6.0,2023-07-22,2023
RAV,scottch01,5.0,2023-07-23,2023
RAV,coveydy01,5.0,2023-07-24,2023
RAV,jeffeda01,5.0,2023-07-25,2023
RAV,,5.0,2023-07-26,2023
RAV,curryxz01,6.0,2023-07-28,2023
RAV,scottch01,6.0,2023-07-29,2023
RAV,coveydy01,6.0,2023-07-30,2023
RAV,jeffeda01,6.0,2023-07-31,2023
RKN,norrida01,,2016-04-04,2016
RKN,rouppla01,,2016-04-05,2016
RKN,rodrich01,,2016-04-06,2016
RKN,wrighda04,,2016-04-08,2016
RKN,baezmi01,,2016-04-09,2016
RKN,norrida01,6.0,2016-04-10,2016
RKN,rouppla01,6.0,2016-04-11,2016
RKN,rodrich01,6.0,2016-04-12,2016
RKN,wrighda04,,2016-04-13,2016
RKN,baezmi01,6.0,2016-04-15,2016
RKN,,6.0,2016-04-16,2016
RKN,rouppla01,6.0,2016-04-17,2016
RKN,rodrich01,7.0,2016-04-19,2016
RKN,,7.0,2016-04-20,2016
RKN,baezmi01,6.0,2016-04-21,2016
RKN,rouppla01,5.0,2016-04-22,2016
RKN,norrida01,7.0,2016-04-23,2016
RKN,,,2016-04-24,2016
RKN,wrighda04,5.0,2016-04-25,2016
RKN,,5.0,2016-04-26,2016
RKN,rouppla01,5.0,2016-04-27,2016
RKN,norrida01,6.0,2016-04-29,2016
RKN,rodrich01,6.0,2016-04-30,2016
RKN,wrighda04,6.0,2016-05-01,2016
RKN,baezmi01,6.0,2016-05-02,2016
RKN,rouppla01,6.0,2016-05-03,2016
RKN,norrida01,5.0,2016-05-04,2016
RKN,rodrich01,5.0,2016-05-05,2016
RKN,wrighda04,5.0,2016-05-06,2016
RKN,baezmi01,5.0,2016-05-07,2016
RKN,,,2016-05-08,2016
RKN,norrida01,5.0,2016-05-09,2016
RKN,rodrich01,5.0,2016-05-10,2016
RKN,wrighda04,5.0,2016-05-11,2016
RKN,baezmi01,6.0,2016-05-13,2016
RKN,rouppla01,6.0,2016-05-14,2016
RKN,norrida01,6.0,2016-05-15,2016
RKN,rodrich01,7.0,2016-05-17,2016
RKN,wrighda04,7.0,2016-05-18,2016
RKN,baezmi01,6.0,2016-05-19,2016
RKN,rouppla01,6.0,2016-05-20,2016
RKN,norrida01,6.0,2016-05-21,2016
RKN,,5.0,2016-05-22,2016
RKN,wrighda04,5.0,2016-05-23,2016
RKN,baezmi01,5.0,2016-05-24,2016
RKN,rouppla01,,2016-05-25,2016
RKN,norrida01,6.0,2016-05-27,2016
RKN,rodrich01,,2016-05-28,2016
RKN,wrighda04,6.0,2016-05-29,2016
RKN,baezmi01,6.0,2016-05-30,2016
RKN,rouppla01,6.0,2016-05-31,2016
RKN,sadleca02,,2016-06-01,2016
RKN,rodrich01,5.0,2016-06-02,2016
RKN,,5.0,2016-06-03,2016
RKN,baezmi01,5.0,2016-06-04,2016
RKN,rouppla01,5.0,2016-06-05,2016
RKN,,,2016-06-06,2016
RKN,,5.0,2016-06-07,2016
RKN,wrighda04,5.0,2016-06-08,2016
RKN,baezmi01,5.0,2016-06-09,2016
RKN,rouppla01,5.0,2016-06-10,2016
RKN,sadleca02,5.0,2016-06-11,2016
RKN,rodrich01,5.0,2016-06-12,2016
RKN,wrighda04,6.0,2016-06-14,2016
RKN,baezmi01,6.0,2016-06-15,2016
RKN,sadleca02,5.0,2016-06-16,2016
RKN,rouppla01,7.0,2016-06-17,2016
RKN,simonal01,,2016-06-18,2016
RKN,wrighda04,5.0,2016-06-19,2016
RKN,baezmi01,5.0,2016-06-20,2016
RKN,sadleca02,,2016-06-21,2016
RKN,rouppla01,5.0,2016-06-22,2016
RKN,simonal01,5.0,2016-06-23,2016
RKN,hughebr01,,2016-06-24,2016
RKN,baezmi01,5.0,2016-06-25,2016
RKN,sadleca02,5.0,2016-06-26,2016
RKN,rouppla01,6.0,2016-06-28,2016
RKN,rodrich01,17.0,2016-06-29,2016
RKN,wrighda04,11.0,2016-06-30,2016
RKN,hughebr01,7.0,2016-07-01,2016
RKN,sadleca02,6.0,2016-07-02,2016
RKN,rouppla01,5.0,2016-07-03,2016
RKN,,5.0,2016-07-04,2016
RKN,wrighda04,5.0,2016-07-05,2016
RKN,hughebr01,5.0,2016-07-06,2016
RKN,sadleca02,5.0,2016-07-07,2016
RKN,rouppla01,5.0,2016-07-08,2016
RKN,rodrich01,5.0,2016-07-09,2016
RKN,dermoma01,,2016-07-10,2016
RKN,sadleca02,8.0,2016-07-15,2016
RKN,rouppla01,8.0,2016-07-16,2016
RKN,dermoma01,7.0,2016-07-17,2016
RKN,hughebr01,12.0,2016-07-18,2016
RKN,rodrich01,10.0,2016-07-19,2016
RKN,norrida01,54.0,2016-07-20,2016
RKN,sadleca02,7.0,2016-07-22,2016
RKN,rouppla01,7.0,2016-07-23,2016
RKN,rodrich01,5.0,2016-07-24,2016
RKN,norrida01,6.0,2016-07-26,2016
RKN,sadleca02,5.0,2016-07-27,2016
RKN,rouppla01,6.0,2016-07-29,2016
RKN,rodrich01,6.0,2016-07-30,2016
RKN,norrida01,5.0,2016-07-31,2016
RKN,,,2017-04-03,2017
RKN,rouppla01,,2017-04-04,2017
RKN,sadleca02,,2017-04-05,2017
RKN,penniwa01,,2017-04-06,2017
RKN,morgaad01,,2017-04-07,2017
RKN,norrida01,5.0,2017-04-08,2017
RKN,rouppla01,5.0,2017-04-09,2017
RKN,sadleca02,5.0,2017-04-10,2017
RKN,penniwa01,5.0,2017-04-11,2017
RKN,morgaad01,5.0,2017-04-12,2017
RKN,norrida01,6.0,2017-04-14,2017
RKN,sadleca02,5.0,2017-04-15,2017
RKN,rouppla01,7.0,2017-04-16,2017
RKN,penniwa01,6.0,2017-04-17,2017
RKN,morgaad01,6.0,2017-04-18,2017
RKN,norrida01,5.0,2017-04-19,2017
RKN,sadleca02,5.0,2017-04-20,2017
RKN,rouppla01,5.0,2017-04-21,2017
RKN,penniwa01,5.0,2017-04-22,2017
RKN,morgaad01,5.0,2017-04-23,2017
RKN,norrida01,6.0,2017-04-25,2017
RKN,sadleca02,,2017-04-26,2017
RKN,rouppla01,6.0,2017-04-27,2017
RKN,penniwa01,6.0,2017-04-28,2017
RKN,morgaad01,6.0,2017-04-29,2017
RKN,thompja03,,2017-04-30,2017
RKN,sadleca02,6.0,2017-05-02,2017
RKN,,6.0,2017-05-03,2017
RKN,penniwa01,6.0,2017-05-04,2017
RKN,morgaad01,6.0,2017-05-05,2017
RKN,thompja03,6.0,2017-05-06,2017
RKN,rasmudr01,,2017-05-07,2017
RKN,penniwa01,5.0,2017-05-09,2017
RKN,morgaad01,5.0,2017-05-10,2017
RKN,thompja03,5.0,2017-05-11,2017
RKN,rodgebr01,,2017-05-12,2017
RKN,varlalo01,,2017-05-13,2017
RKN,penniwa01,,2017-05-14,2017
RKN,morgaad01,5.0,2017-05-15,2017
RKN,thompja03,5.0,2017-05-16,2017
RKN,rodgebr01,5.0,2017-05-17,2017
RKN,delacjo01,,2017-05-18,2017
RKN,penniwa01,5.0,2017-05-19,2017
RKN,morgaad01,5.0,2017-05-20,2017
RKN,castery01,,2017-05-21,2017
RKN,rodgebr01,6.0,2017-05-23,2017
RKN,delacjo01,6.0,2017-05-24,2017
RKN,penniwa01,6.0,2017-05-25,2017
RKN,morgaad01,6.0,2017-05-26,2017
RKN,castada01,,2017-05-27,2017
RKN,rodgebr01,5.0,2017-05-28,2017
RKN,delacjo01,5.0,2017-05-29,2017
RKN,penniwa01,5.0,2017-05-30,2017
RKN,sadleca02,29.0,2017-05-31,2017
RKN,morgaad01,6.0,2017-06-01,2017
RKN,rodgebr01,5.0,2017-06-02,2017
RKN,delacjo01,,2017-06-03,2017
RKN,penniwa01,5.0,2017-06-04,2017
RKN,sadleca02,6.0,2017-06-06,2017
RKN,morgaad01,6.0,2017-06-07,2017
RKN,rodgebr01,6.0,2017-06-08,2017
RKN,delacjo01,6.0,2017-06-09,2017
RKN,penniwa01,6.0,2017-06-10,2017
RKN,sadleca02,5.0,2017-06-11,2017
RKN,morgaad01,5.0,2017-06-12,2017
RKN,rodgebr01,5.0,2017-06-13,2017
RKN,delacjo01,5.0,2017-06-14,2017
RKN,penniwa01,5.0,2017-06-15,2017
RKN,,5.0,2017-06-16,2017
RKN,morgaad01,5.0,2017-06-17,2017
RKN,rodgebr01,5.0,2017-06-18,2017
RKN,delacjo01,5.0,2017-06-19,2017
RKN,penniwa01,5.0,2017-06-20,2017
RKN,sadleca02,5.0,2017-06-21,2017
RKN,taylojo02,,2017-06-22,2017
RKN,norrida01,59.0,2017-06-23,2017
RKN,delacjo01,,2017-06-24,2017
RKN,penniwa01,5.0,2017-06-25,2017
RKN,,6.0,2017-06-27,2017
RKN,norrida01,5.0,2017-06-28,2017
RKN,penniwa01,5.0,2017-06-30,2017
RKN,delacjo01,7.0,2017-07-01,2017
RKN,sadleca02,5.0,2017-07-02,2017
RKN,taylojo02,11.0,2017-07-03,2017
RKN,norrida01,6.0,2017-07-04,2017
RKN,penniwa01,5.0,2017-07-05,2017
RKN,delacjo01,5.0,2017-07-06,2017
RKN,sadleca02,5.0,2017-07-07,2017
RKN,taylojo02,5.0,2017-07-08,2017
RKN,norrida01,5.0,2017-07-09,2017
RKN,sadleca02,7.0,2017-07-14,2017
RKN,norrida01,6.0,2017-07-15,2017
RKN,taylojo02,8.0,2017-07-16,2017
RKN,penniwa01,12.0,2017-07-17,2017
RKN,delacjo01,12.0,2017-07-18,2017
RKN,sadleca02,5.0,2017-07-19,2017
RKN,norrida01,5.0,2017-07-20,2017
RKN,taylojo02,5.0,2017-07-21,2017
RKN,penniwa01,5.0,2017-07-22,2017
RKN,morgaad01,36.0,2017-07-23,2017
RKN,sadleca02,5.0,2017-07-24,2017
RKN,norrida01,5.0,2017-07-25,2017
RKN,taylojo02,5.0,2017-07-26,2017
RKN,penniwa01,,2017-07-28,2017
RKN,morgaad01,6.0,2017-07-29,2017
RKN,sadleca02,6.0,2017-07-30,2017
RKN,norrida01,6.0,2017-07-31,2017
RKN,norrida01,,2018-03-29,2018
RKN,sadleca02,,2018-03-31,2018
RKN,montera01,,2018-04-01,2018
RKN,duplajo01,,2018-04-03,2018
RKN,norrida01,6.0,2018-04-04,2018
RKN,sadleca02,5.0,2018-04-05,2018
RKN,montera01,6.0,2018-04-07,2018
RKN,duplajo01,6.0,2018-04-09,2018
RKN,norrida01,6.0,2018-04-10,2018
RKN,sadleca02,6.0,2018-04-11,2018
RKN,montera01,6.0,2018-04-13,2018
RKN,duplajo01,5.0,2018-04-14,2018
RKN,norrida01,5.0,2018-04-15,2018
RKN,,5.0,2018-04-16,2018
RKN,penniwa01,,2018-04-17,2018
RKN,montera01,5.0,2018-04-18,2018
RKN,duplajo01,5.0,2018-04-19,2018
RKN,norrida01,5.0,2018-04-20,2018
RKN,sadleca02,5.0,2018-04-21,2018
RKN,abbotco01,,2018-04-22,2018
RKN,montera01,5.0,2018-04-23,2018
RKN,duplajo01,5.0,2018-04-24,2018
RKN,norrida01,5.0,2018-04-25,2018
RKN,sadleca02,5.0,2018-04-26,2018
RKN,abbotco01,5.0,2018-04-27,2018
RKN,montera01,5.0,2018-04-28,2018
RKN,duplajo01,5.0,2018-04-29,2018
RKN,norrida01,6.0,2018-05-01,2018
RKN,sadleca02,6.0,2018-05-02,2018
RKN,hughebr01,,2018-05-03,2018
RKN,montera01,6.0,2018-05-04,2018
RKN,,6.0,2018-05-05,2018
RKN,norrida01,5.0,2018-05-06,2018
RKN,,6.0,2018-05-08,2018
RKN,hughebr01,6.0,2018-05-09,2018
RKN,montera01,6.0,2018-05-10,2018
RKN,duplajo01,7.0,2018-05-12,2018
RKN,norrida01,6.0,2018-05-12,2018
RKN,sadleca02,5.0,2018-05-13,2018
RKN,hughebr01,5.0,2018-05-14,2018
RKN,montera01,5.0,2018-05-15,2018
RKN,rodgebr01,,2018-05-16,2018
RKN,duplajo01,5.0,2018-05-17,2018
RKN,norrida01,6.0,2018-05-18,2018
RKN,sadleca02,6.0,2018-05-19,2018
RKN,hughebr01,6.0,2018-05-20,2018
RKN,montera01,7.0,2018-05-22,2018
RKN,duplajo01,6.0,2018-05-23,2018
RKN,norrida01,,2018-05-24,2018
RKN,sadleca02,6.0,2018-05-25,2018
RKN,hughebr01,6.0,2018-05-26,2018
RKN,montera01,5.0,2018-05-27,2018
RKN,duplajo01,5.0,2018-05-28,2018
RKN,norrida01,,2018-05-29,2018
RKN,sadleca02,,2018-05-30,2018
RKN,hughebr01,5.0,2018-05-31,2018
RKN,montera01,5.0,2018-06-01,2018
RKN,duplajo01,5.0,2018-06-02,2018
RKN,norrida01,5.0,2018-06-03,2018
RKN,sadleca02,6.0,2018-06-05,2018
RKN,hughebr01,6.0,2018-06-06,2018
RKN,montera01,6.0,2018-06-07,2018
RKN,duplajo01,6.0,2018-06-08,2018
RKN,norrida01,6.0,2018-06-09,2018
RKN,sadleca02,5.0,2018-06-10,2018
RKN,hughebr01,5.0,2018-06-11,2018
RKN,montera01,,2018-06-12,2018
RKN,duplajo01,5.0,2018-06-13,2018
RKN,norrida01,5.0,2018-06-14,2018
RKN,sadleca02,5.0,2018-06-15,2018
RKN,hughebr01,5.0,2018-06-16,2018
RKN,montera01,5.0,2018-06-17,2018
RKN,duplajo01,6.0,2018-06-19,2018
RKN,norrida01,6.0,2018-06-20,2018
RKN,sadleca02,6.0,2018-06-21,2018
RKN,hughebr01,6.0,2018-06-22,2018
RKN,montera01,6.0,2018-06-23,2018
RKN,duplajo01,5.0,2018-06-24,2018
RKN,norrida01,5.0,2018-06-25,2018
RKN,sadleca02,5.0,2018-06-26,2018
RKN,hughebr01,5.0,2018-06-27,2018
RKN,montera01,5.0,2018-06-28,2018
RKN,duplajo01,5.0,2018-06-29,2018
RKN,norrida01,5.0,2018-06-30,2018
RKN,sadleca02,5.0,2018-07-01,2018
RKN,hughebr01,6.0,2018-07-03,2018
RKN,,,2018-07-04,2018
RKN,duplajo01,6.0,2018-07-05,2018
RKN,norrida01,6.0,2018-07-06,2018
RKN,sadleca02,6.0,2018-07-07,2018
RKN,hughebr01,5.0,2018-07-08,2018
RKN,montera01,6.0,2018-07-10,2018
RKN,duplajo01,6.0,2018-07-11,2018
RKN,sadleca02,5.0,2018-07-12,2018
RKN,rodgebr01,,2018-07-13,2018
RKN,hughebr01,6.0,2018-07-14,2018
RKN,montera01,5.0,2018-07-15,2018
RKN,hughebr01,6.0,2018-07-20,2018
RKN,norrida01,15.0,2018-07-21,2018
RKN,,11.0,2018-07-22,2018
RKN,friedma01,,2018-07-24,2018
RKN,montera01,10.0,2018-07-25,2018
RKN,hughebr01,7.0,2018-07-27,2018
RKN,norrida01,7.0,2018-07-28,2018
RKN,duplajo01,7.0,2018-07-29,2018
RKN,sadleca02,18.0,2018-07-30,2018
RKN,montera01,6.0,2018-07-31,2018
RKN,duplajo01,,2019-03-20,2019
RKN,bolsimi01,,2019-03-21,2019
RKN,duplajo01,8.0,2019-03-28,2019
RKN,bolsimi01,8.0,2019-03-29,2019
RKN,montera01,,2019-03-30,2019
RKN,hughebr01,,2019-03-31,2019
RKN,norrida01,,2019-04-01,2019
RKN,duplajo01,5.0,2019-04-02,2019
RKN,,7.0,2019-04-05,2019
RKN,montera01,7.0,2019-04-06,2019
RKN,hughebr01,7.0,2019-04-07,2019
RKN,norrida01,7.0,2019-04-08,2019
RKN,duplajo01,7.0,2019-04-09,2019
RKN,bolsimi01,5.0,2019-04-10,2019
RKN,,5.0,2019-04-11,2019
RKN,hughebr01,5.0,2019-04-12,2019
RKN,norrida01,5.0,2019-04-13,2019
RKN,duplajo01,5.0,2019-04-14,2019
RKN,bolsimi01,5.0,2019-04-15,2019
RKN,montera01,5.0,2019-04-16,2019
RKN,flexech01,,2019-04-17,2019
RKN,norrida01,5.0,2019-04-18,2019
RKN,duplajo01,5.0,2019-04-19,2019
RKN,bolsimi01,5.0,2019-04-20,2019
RKN,montera01,5.0,2019-04-21,2019
RKN,flexech01,6.0,2019-04-23,2019
RKN,norrida01,6.0,2019-04-24,2019
RKN,duplajo01,6.0,2019-04-25,2019
RKN,bolsimi01,6.0,2019-04-26,2019
RKN,montera01,6.0,2019-04-27,2019
RKN,flexech01,5.0,2019-04-28,2019
RKN,norrida01,6.0,2019-04-30,2019
RKN,duplajo01,,2019-05-01,2019
RKN,bolsimi01,7.0,2019-05-03,2019
RKN,montera01,7.0,2019-05-04,2019
RKN,flexech01,7.0,2019-05-05,2019
RKN,norrida01,6.0,2019-05-06,2019
RKN,duplajo01,,2019-05-07,2019
RKN,bolsimi01,5.0,2019-05-08,2019
RKN,montera01,5.0,2019-05-09,2019
RKN,flexech01,5.0,2019-05-10,2019
RKN,norrida01,5.0,2019-05-11,2019
RKN,duplajo01,5.0,2019-05-12,2019
RKN,bolsimi01,5.0,2019-05-13,2019
RKN,montera01,5.0,2019-05-14,2019
RKN,flexech01,6.0,2019-05-16,2019
RKN,duplajo01,5.0,2019-05-17,2019
RKN,hughebr01,36.0,2019-05-18,2019
RKN,bolsimi01,6.0,2019-05-19,2019
RKN,montera01,6.0,2019-05-20,2019
RKN,francjp01,,2019-05-21,2019
RKN,duplajo01,5.0,2019-05-22,2019
RKN,hughebr01,6.0,2019-05-24,2019
RKN,bolsimi01,6.0,2019-05-25,2019
RKN,montera01,6.0,2019-05-26,2019
RKN,francjp01,6.0,2019-05-27,2019
RKN,duplajo01,6.0,2019-05-28,2019
RKN,hughebr01,5.0,2019-05-29,2019
RKN,bolsimi01,5.0,2019-05-30,2019
RKN,montera01,5.0,2019-05-31,2019
RKN,francjp01,5.0,2019-06-01,2019
RKN,duplajo01,5.0,2019-06-02,2019
RKN,funkhky01,,2019-06-03,2019
RKN,taylojo02,,2019-06-04,2019
RKN,montera01,5.0,2019-06-05,2019
RKN,soriajo02,,2019-06-06,2019
RKN,duplajo01,5.0,2019-06-07,2019
RKN,bolsimi01,9.0,2019-06-08,2019
RKN,soriajo02,3.0,2019-06-09,2019
RKN,montera01,6.0,2019-06-11,2019
RKN,fauchca01,,2019-06-12,2019
RKN,bolsimi01,5.0,2019-06-13,2019
RKN,duplajo01,7.0,2019-06-14,2019
RKN,fauchca01,3.0,2019-06-15,2019
RKN,montera01,5.0,2019-06-16,2019
RKN,,,2019-06-17,2019
RKN,bolsimi01,5.0,2019-06-18,2019
RKN,duplajo01,5.0,2019-06-19,2019
RKN,sandlni01,3.0,2019-06-20,2019
RKN,montera01,5.0,2019-06-21,2019
RKN,,21.0,2019-06-22,2019
RKN,bolsimi01,5.0,2019-06-23,2019
RKN,duplajo01,6.0,2019-06-25,2019
RKN,lewicar01,,2019-06-26,2019
RKN,montera01,6.0,2019-06-27,2019
RKN,lewicar01,2.0,2019-06-28,2019
RKN,bolsimi01,6.0,2019-06-29,2019
RKN,duplajo01,5.0,2019-06-30,2019
RKN,lewicar01,4.0,2019-07-02,2019
RKN,montera01,6.0,2019-07-03,2019
RKN,lewicar01,2.0,2019-07-04,2019
RKN,bolsimi01,6.0,2019-07-05,2019
RKN,duplajo01,6.0,2019-07-06,2019
RKN,lewicar01,3.0,2019-07-07,2019
RKN,montera01,9.0,2019-07-12,2019
RKN,hughebr01,45.0,2019-07-13,2019
RKN,bolsimi01,9.0,2019-07-14,2019
RKN,duplajo01,10.0,2019-07-16,2019
RKN,flexech01,62.0,2019-07-17,2019
RKN,montera01,7.0,2019-07-19,2019
RKN,povicca01,,2019-07-20,2019
RKN,bolsimi01,7.0,2019-07-21,2019
RKN,duplajo01,6.0,2019-07-22,2019
RKN,francjp01,31.0,2019-07-23,2019
RKN,montera01,5.0,2019-07-24,2019
RKN,flexech01,8.0,2019-07-25,2019
RKN,bolsimi01,5.0,2019-07-26,2019
RKN,duplajo01,5.0,2019-07-27,2019
RKN,povicca01,8.0,2019-07-28,2019
RKN,montera01,6.0,2019-07-30,2019
RKN,hughebr01,18.0,2019-07-31,2019
RKN,duplajo01,,2021-04-01,2021
RKN,,,2021-04-02,2021
RKN,fulmemi01,,2021-04-03,2021
RKN,mlodzca01,,2021-04-05,2021
RKN,sadleca02,,2021-04-06,2021
RKN,alexasc02,,2021-04-07,2021
RKN,duplajo01,7.0,2021-04-08,2021
RKN,bolsimi01,8.0,2021-04-10,2021
RKN,fulmemi01,8.0,2021-04-11,2021
RKN,mlodzca01,8.0,2021-04-13,2021
RKN,greinza01,,2021-04-13,2021
RKN,alexasc02,8.0,2021-04-15,2021
RKN,duplajo01,7.0,2021-04-15,2021
RKN,bolsimi01,6.0,2021-04-16,2021
RKN,fulmemi01,6.0,2021-04-17,2021
RKN,greinza01,5.0,2021-04-18,2021
RKN,mlodzca01,6.0,2021-04-19,2021
RKN,duplajo01,5.0,2021-04-20,2021
RKN,alexasc02,7.0,2021-04-22,2021
RKN,bolsimi01,7.0,2021-04-23,2021
RKN,fulmemi01,7.0,2021-04-24,2021
RKN,greinza01,7.0,2021-04-25,2021
RKN,mlodzca01,7.0,2021-04-26,2021
RKN,duplajo01,7.0,2021-04-27,2021
RKN,alexasc02,6.0,2021-04-28,2021
RKN,bolsimi01,6.0,2021-04-29,2021
RKN,fulmemi01,6.0,2021-04-30,2021
RKN,kellyza01,,2021-05-01,2021
RKN,mlodzca01,6.0,2021-05-02,2021
RKN,flexech01,,2021-05-03,2021
RKN,alexasc02,6.0,2021-05-04,2021
RKN,bolsimi01,6.0,2021-05-05,2021
RKN,fulmemi01,7.0,2021-05-07,2021
RKN,flexech01,5.0,2021-05-08,2021
RKN,mlodzca01,7.0,2021-05-09,2021
RKN,bolsimi01,6.0,2021-05-11,2021
RKN,alexasc02,,2021-05-12,2021
RKN,corbipa01,,2021-05-13,2021
RKN,fulmemi01,7.0,2021-05-14,2021
RKN,mlodzca01,6.0,2021-05-15,2021
RKN,howarsp01,,2021-05-16,2021
RKN,bolsimi01,6.0,2021-05-17,2021
RKN,,6.0,2021-05-18,2021
RKN,corbipa01,6.0,2021-05-19,2021
RKN,fulmemi01,7.0,2021-05-21,2021
RKN,mlodzca01,7.0,2021-05-22,2021
RKN,,5.0,2021-05-23,2021
RKN,bolsimi01,7.0,2021-05-24,2021
RKN,corbipa01,6.0,2021-05-25,2021
RKN,howarsp01,10.0,2021-05-26,2021
RKN,fulmemi01,6.0,2021-05-27,2021
RKN,mlodzca01,6.0,2021-05-28,2021
RKN,alexasc02,6.0,2021-05-29,2021
RKN,bolsimi01,6.0,2021-05-30,2021
RKN,corbipa01,6.0,2021-05-31,2021
RKN,duplajo01,35.0,2021-06-01,2021
RKN,fulmemi01,6.0,2021-06-02,2021
RKN,mlodzca01,6.0,2021-06-03,2021
RKN,howarsp01,9.0,2021-06-04,2021
RKN,,6.0,2021-06-05,2021
RKN,,6.0,2021-06-06,2021
RKN,duplajo01,7.0,2021-06-08,2021
RKN,fulmemi01,7.0,2021-06-09,2021
RKN,mlodzca01,7.0,2021-06-10,2021
RKN,alexasc02,13.0,2021-06-11,2021
RKN,bolsimi01,7.0,2021-06-12,2021
RKN,corbipa01,7.0,2021-06-13,2021
RKN,duplajo01,6.0,2021-06-14,2021
RKN,fulmemi01,6.0,2021-06-15,2021
RKN,mlodzca01,6.0,2021-06-16,2021
RKN,alexasc02,6.0,2021-06-17,2021
RKN,bolsimi01,6.0,2021-06-18,2021
RKN,corbipa01,6.0,2021-06-19,2021
RKN,duplajo01,6.0,2021-06-20,2021
RKN,,7.0,2021-06-22,2021
RKN,mlodzca01,7.0,2021-06-23,2021
RKN,bolsimi01,7.0,2021-06-25,2021
RKN,corbipa01,7.0,2021-06-26,2021
RKN,howarsp01,23.0,2021-06-27,2021
RKN,fulmemi01,7.0,2021-06-29,2021
RKN,mlodzca01,7.0,2021-06-30,2021
RKN,bolsimi01,6.0,2021-07-01,2021
RKN,corbipa01,6.0,2021-07-02,2021
RKN,duplajo01,13.0,2021-07-03,2021
RKN,fulmemi01,5.0,2021-07-04,2021
RKN,mlodzca01,,2021-07-06,2021
RKN,bolsimi01,6.0,2021-07-07,2021
RKN,corbipa01,,2021-07-08,2021
RKN,duplajo01,6.0,2021-07-09,2021
RKN,fulmemi01,6.0,2021-07-10,2021
RKN,davisau01,,2021-07-11,2021
RKN,fulmemi01,6.0,2021-07-16,2021
RKN,bolsimi01,10.0,2021-07-17,2021
RKN,corbipa01,10.0,2021-07-18,2021
RKN,duplajo01,11.0,2021-07-20,2021
RKN,escobed02,,2021-07-21,2021
RKN,fulmemi01,6.0,2021-07-22,2021
RKN,bolsimi01,6.0,2021-07-23,2021
RKN,corbipa01,6.0,2021-07-24,2021
RKN,duplajo01,5.0,2021-07-25,2021
RKN,mcallza01,,2021-07-26,2021
RKN,fulmemi01,5.0,2021-07-27,2021
RKN,bolsimi01,5.0,2021-07-28,2021
RKN,corbipa01,6.0,2021-07-30,2021
RKN,parkebl01,11.0,2021-07-31,2021
RKN,mazurad01,,2022-04-08,2022
RKN,corbipa01,,2022-04-09,2022
RKN,duplajo01,,2022-04-10,2022
RKN,fulmemi01,,2022-04-11,2022
RKN,,,2022-04-12,2022
RKN,mazurad01,5.0,2022-04-13,2022
RKN,corbipa01,5.0,2022-04-14,2022
RKN,duplajo01,,2022-04-15,2022
RKN,fulmemi01,5.0,2022-04-16,2022
RKN,germado01,5.0,2022-04-17,2022
RKN,,6.0,2022-04-19,2022
RKN,corbipa01,6.0,2022-04-20,2022
RKN,duplajo01,6.0,2022-04-21,2022
RKN,,6.0,2022-04-22,2022
RKN,germado01,6.0,2022-04-23,2022
RKN,mazurad01,5.0,2022-04-24,2022
RKN,corbipa01,6.0,2022-04-26,2022
RKN,duplajo01,6.0,2022-04-27,2022
RKN,fulmemi01,6.0,2022-04-28,2022
RKN,germado01,6.0,2022-04-29,2022
RKN,mazurad01,6.0,2022-04-30,2022
RKN,corbipa01,5.0,2022-05-01,2022
RKN,duplajo01,5.0,2022-05-02,2022
RKN,fulmemi01,5.0,2022-05-03,2022
RKN,germado01,5.0,2022-05-04,2022
RKN,mazurad01,5.0,2022-05-05,2022
RKN,corbipa01,5.0,2022-05-06,2022
RKN,duplajo01,5.0,2022-05-07,2022
RKN,wolfja01,,2022-05-08,2022
RKN,fulmemi01,6.0,2022-05-09,2022
RKN,mazurad01,5.0,2022-05-10,2022
RKN,corbipa01,5.0,2022-05-11,2022
RKN,duplajo01,6.0,2022-05-13,2022
RKN,wolfja01,6.0,2022-05-14,2022
RKN,mazurad01,5.0,2022-05-15,2022
RKN,fulmemi01,7.0,2022-05-16,2022
RKN,corbipa01,6.0,2022-05-17,2022
RKN,duplajo01,5.0,2022-05-18,2022
RKN,wolfja01,5.0,2022-05-19,2022
RKN,mazurad01,5.0,2022-05-20,2022
RKN,fulmemi01,5.0,2022-05-21,2022
RKN,,5.0,2022-05-22,2022
RKN,duplajo01,5.0,2022-05-23,2022
RKN,wolfja01,5.0,2022-05-24,2022
RKN,mazurad01,5.0,2022-05-25,2022
RKN,fulmemi01,6.0,2022-05-27,2022
RKN,corbipa01,,2022-05-28,2022
RKN,duplajo01,6.0,2022-05-29,2022
RKN,wolfja01,7.0,2022-05-31,2022
RKN,mazurad01,7.0,2022-06-01,2022
RKN,fulmemi01,6.0,2022-06-02,2022
RKN,corbipa01,6.0,2022-06-03,2022
RKN,duplajo01,6.0,2022-06-04,2022
RKN,wolfja01,5.0,2022-06-05,2022
RKN,mazurad01,5.0,2022-06-06,2022
RKN,fulmemi01,5.0,2022-06-07,2022
RKN,corbipa01,5.0,2022-06-08,2022
RKN,duplajo01,6.0,2022-06-10,2022
RKN,wolfja01,6.0,2022-06-11,2022
RKN,mazurad01,6.0,2022-06-12,2022
RKN,fulmemi01,6.0,2022-06-13,2022
RKN,corbipa01,6.0,2022-06-14,2022
RKN,duplajo01,5.0,2022-06-15,2022
RKN,wolfja01,5.0,2022-06-16,2022
RKN,mazurad01,5.0,2022-06-17,2022
RKN,romansa01,,2022-06-18,2022
RKN,fulmemi01,5.0,2022-06-18,2022
RKN,corbipa01,5.0,2022-06-19,2022
RKN,duplajo01,6.0,2022-06-21,2022
RKN,wolfja01,6.0,2022-06-22,2022
RKN,mazurad01,6.0,2022-06-23,2022
RKN,fulmemi01,6.0,2022-06-24,2022
RKN,corbipa01,6.0,2022-06-25,2022
RKN,duplajo01,5.0,2022-06-26,2022
RKN,wolfja01,5.0,2022-06-27,2022
RKN,mazurad01,5.0,2022-06-28,2022
RKN,,5.0,2022-06-29,2022
RKN,corbipa01,5.0,2022-06-30,2022
RKN,duplajo01,5.0,2022-07-01,2022
RKN,wolfja01,5.0,2022-07-02,2022
RKN,mazurad01,5.0,2022-07-03,2022
RKN,fulmemi01,5.0,2022-07-04,2022
RKN,corbipa01,5.0,2022-07-05,2022
RKN,duplajo01,6.0,2022-07-07,2022
RKN,wolfja01,,2022-07-08,2022
RKN,mazurad01,6.0,2022-07-09,2022
RKN,corbipa01,5.0,2022-07-10,2022
RKN,fulmemi01,9.0,2022-07-13,2022
RKN,flexech01,,2022-07-13,2022
RKN,duplajo01,,2022-07-14,2022
RKN,mazurad01,6.0,2022-07-15,2022
RKN,corbipa01,6.0,2022-07-16,2022
RKN,fulmemi01,4.0,2022-07-17,2022
RKN,duplajo01,8.0,2022-07-22,2022
RKN,corbipa01,7.0,2022-07-23,2022
RKN,mazurad01,9.0,2022-07-24,2022
RKN,fulmemi01,8.0,2022-07-25,2022
RKN,wolfja01,18.0,2022-07-26,2022
RKN,duplajo01,5.0,2022-07-27,2022
RKN,corbipa01,5.0,2022-07-28,2022
RKN,mazurad01,5.0,2022-07-29,2022
RKN,fulmemi01,5.0,2022-07-30,2022
RKN,wolfja01,5.0,2022-07-31,2022
RKN,buehlwa01,,2023-03-30,2023
RKN,mazurad01,,2023-03-31,2023
RKN,corbipa01,,2023-04-01,2023
RKN,duplajo01,,2023-04-02,2023
RKN,wolfja01,,2023-04-03,2023
RKN,,5.0,2023-04-04,2023
RKN,fulmemi01,,2023-04-05,2023
RKN,corbipa01,6.0,2023-04-07,2023
RKN,,6.0,2023-04-08,2023
RKN,wolfja01,6.0,2023-04-09,2023
RKN,buehlwa01,6.0,2023-04-10,2023
RKN,fulmemi01,6.0,2023-04-11,2023
RKN,corbipa01,5.0,2023-04-12,2023
RKN,francjp01,,2023-04-14,2023
RKN,wolfja01,6.0,2023-04-15,2023
RKN,buehlwa01,6.0,2023-04-16,2023
RKN,fulmemi01,6.0,2023-04-17,2023
RKN,corbipa01,6.0,2023-04-18,2023
RKN,duplajo01,11.0,2023-04-19,2023
RKN,wolfja01,6.0,2023-04-21,2023
RKN,buehlwa01,6.0,2023-04-22,2023
RKN,fulmemi01,6.0,2023-04-23,2023
RKN,duplajo01,6.0,2023-04-25,2023
RKN,corbipa01,8.0,2023-04-26,2023
RKN,wolfja01,6.0,2023-04-27,2023
RKN,buehlwa01,6.0,2023-04-28,2023
RKN,,,2023-04-29,2023
RKN,duplajo01,5.0,2023-04-30,2023
RKN,harvema01,,2023-05-02,2023
RKN,corbipa01,7.0,2023-05-03,2023
RKN,wolfja01,7.0,2023-05-04,2023
RKN,buehlwa01,7.0,2023-05-05,2023
RKN,duplajo01,,2023-05-06,2023
RKN,harvema01,,2023-05-07,2023
RKN,corbipa01,5.0,2023-05-08,2023
RKN,wolfja01,5.0,2023-05-09,2023
RKN,buehlwa01,5.0,2023-05-10,2023
RKN,duplajo01,6.0,2023-05-12,2023
RKN,harvema01,,2023-05-13,2023
RKN,corbipa01,6.0,2023-05-14,2023
RKN,wolfja01,6.0,2023-05-15,2023
RKN,buehlwa01,6.0,2023-05-16,2023
RKN,duplajo01,5.0,2023-05-17,2023
RKN,harvema01,6.0,2023-05-19,2023
RKN,corbipa01,6.0,2023-05-20,2023
RKN,wolfja01,6.0,2023-05-21,2023
RKN,buehlwa01,6.0,2023-05-22,2023
RKN,duplajo01,6.0,2023-05-23,2023
RKN,harvema01,5.0,2023-05-24,2023
RKN,corbipa01,5.0,2023-05-25,2023
RKN,wolfja01,5.0,2023-05-26,2023
RKN,buehlwa01,5.0,2023-05-27,2023
RKN,duplajo01,5.0,2023-05-28,2023
RKN,harvema01,5.0,2023-05-29,2023
RKN,,5.0,2023-05-30,2023
RKN,wolfja01,5.0,2023-05-31,2023
RKN,buehlwa01,6.0,2023-06-02,2023
RKN,ceccosl01,,2023-06-03,2023
RKN,harvema01,6.0,2023-06-04,2023
RKN,,7.0,2023-06-06,2023
RKN,wolfja01,7.0,2023-06-07,2023
RKN,buehlwa01,7.0,2023-06-09,2023
RKN,ceccosl01,7.0,2023-06-10,2023
RKN,corbipa01,5.0,2023-06-11,2023
RKN,harvema01,8.0,2023-06-12,2023
RKN,wolfja01,6.0,2023-06-13,2023
RKN,buehlwa01,5.0,2023-06-14,2023
RKN,ceccosl01,6.0,2023-06-16,2023
RKN,corbipa01,6.0,2023-06-17,2023
RKN,harvema01,6.0,2023-06-18,2023
RKN,wolfja01,7.0,2023-06-20,2023
RKN,buehlwa01,7.0,2023-06-21,2023
RKN,ceccosl01,6.0,2023-06-22,2023
RKN,corbipa01,6.0,2023-06-23,2023
RKN,harvema01,6.0,2023-06-24,2023
RKN,wolfja01,5.0,2023-06-25,2023
RKN,buehlwa01,5.0,2023-06-26,2023
RKN,ceccosl01,5.0,2023-06-27,2023
RKN,corbipa01,5.0,2023-06-28,2023
RKN,harvema01,6.0,2023-06-30,2023
RKN,wolfja01,6.0,2023-07-01,2023
RKN,buehlwa01,,2023-07-02,2023
RKN,ceccosl01,6.0,2023-07-03,2023
RKN,corbipa01,6.0,2023-07-04,2023
RKN,francjp01,82.0,2023-07-05,2023
RKN,wolfja01,5.0,2023-07-06,2023
RKN,buehlwa01,5.0,2023-07-07,2023
RKN,ceccosl01,5.0,2023-07-08,2023
RKN,corbipa01,5.0,2023-07-09,2023
RKN,,7.0,2023-07-14,2023
RKN,wolfja01,9.0,2023-07-15,2023
RKN,harvema01,16.0,2023-07-16,2023
RKN,corbipa01,8.0,2023-07-17,2023
RKN,,10.0,2023-07-18,2023
RKN,buehlwa01,5.0,2023-07-19,2023
RKN,wolfja01,5.0,2023-07-20,2023
RKN,harvema01,5.0,2023-07-21,2023
RKN,corbipa01,5.0,2023-07-22,2023
RKN,ceccosl01,5.0,2023-07-23,2023
RKN,buehlwa01,5.0,2023-07-24,2023
RKN,wolfja01,5.0,2023-07-25,2023
RKN,harvema01,5.0,2023-07-26,2023
RKN,corbipa01,6.0,2023-07-28,2023
RKN,ceccosl01,6.0,2023-07-29,2023
RKN,buehlwa01,6.0,2023-07-30,2023
RKN,wolfja01,6.0,2023-07-31,2023
RLJ,willibr02,,2016-04-05,2016
RLJ,cabrege01,,2016-04-06,2016
RLJ,oviedlu01,,2016-04-08,2016
RLJ,schrejo01,,2016-04-09,2016
RLJ,garrebr01,,2016-04-10,2016
RLJ,willibr02,6.0,2016-04-11,2016
RLJ,cabrege01,6.0,2016-04-12,2016
RLJ,oviedlu01,5.0,2016-04-13,2016
RLJ,schrejo01,6.0,2016-04-15,2016
RLJ,willibr02,5.0,2016-04-16,2016
RLJ,garrebr01,7.0,2016-04-17,2016
RLJ,cabrege01,6.0,2016-04-18,2016
RLJ,oviedlu01,6.0,2016-04-19,2016
RLJ,schrejo01,5.0,2016-04-20,2016
RLJ,willibr02,5.0,2016-04-21,2016
RLJ,garrebr01,5.0,2016-04-22,2016
RLJ,cabrege01,5.0,2016-04-23,2016
RLJ,schmicl01,,2016-04-24,2016
RLJ,schrejo01,5.0,2016-04-25,2016
RLJ,willibr02,5.0,2016-04-26,2016
RLJ,garrebr01,,2016-04-27,2016
RLJ,cabrege01,,2016-04-28,2016
RLJ,schmicl01,5.0,2016-04-29,2016
RLJ,schrejo01,5.0,2016-04-30,2016
RLJ,,5.0,2016-05-01,2016
RLJ,garrebr01,6.0,2016-05-03,2016
RLJ,cabrege01,6.0,2016-05-04,2016
RLJ,schmicl01,6.0,2016-05-05,2016
RLJ,schrejo01,6.0,2016-05-06,2016
RLJ,willibr02,6.0,2016-05-07,2016
RLJ,garrebr01,5.0,2016-05-08,2016
RLJ,cabrege01,5.0,2016-05-09,2016
RLJ,linceti01,,2016-05-10,2016
RLJ,schrejo01,5.0,2016-05-11,2016
RLJ,willibr02,5.0,2016-05-12,2016
RLJ,garrebr01,5.0,2016-05-13,2016
RLJ,cabrege01,5.0,2016-05-14,2016
RLJ,linceti01,5.0,2016-05-15,2016
RLJ,schrejo01,,2016-05-17,2016
RLJ,garrebr01,5.0,2016-05-18,2016
RLJ,willibr02,6.0,2016-05-18,2016
RLJ,cabrege01,6.0,2016-05-20,2016
RLJ,oviedlu01,32.0,2016-05-21,2016
RLJ,,5.0,2016-05-22,2016
RLJ,willibr02,6.0,2016-05-24,2016
RLJ,garrebr01,7.0,2016-05-25,2016
RLJ,cabrege01,6.0,2016-05-26,2016
RLJ,,6.0,2016-05-27,2016
RLJ,schrejo01,6.0,2016-05-28,2016
RLJ,willibr02,5.0,2016-05-29,2016
RLJ,garrebr01,5.0,2016-05-30,2016
RLJ,adamsch01,,2016-05-31,2016
RLJ,oviedlu01,5.0,2016-06-01,2016
RLJ,schrejo01,5.0,2016-06-02,2016
RLJ,willibr02,5.0,2016-06-03,2016
RLJ,garrebr01,5.0,2016-06-04,2016
RLJ,adamsch01,5.0,2016-06-05,2016
RLJ,schrejo01,5.0,2016-06-07,2016
RLJ,willibr02,5.0,2016-06-08,2016
RLJ,garrebr01,6.0,2016-06-10,2016
RLJ,adamsch01,6.0,2016-06-11,2016
RLJ,schrejo01,5.0,2016-06-12,2016
RLJ,willibr02,6.0,2016-06-14,2016
RLJ,garrebr01,5.0,2016-06-15,2016
RLJ,adamsch01,5.0,2016-06-16,2016
RLJ,friedma01,,2016-06-17,2016
RLJ,schrejo01,6.0,2016-06-18,2016
RLJ,willibr02,5.0,2016-06-19,2016
RLJ,,5.0,2016-06-20,2016
RLJ,cabrege01,26.0,2016-06-21,2016
RLJ,adamsch01,6.0,2016-06-22,2016
RLJ,schrejo01,5.0,2016-06-23,2016
RLJ,willibr02,5.0,2016-06-24,2016
RLJ,garrebr01,5.0,2016-06-25,2016
RLJ,cabrege01,5.0,2016-06-26,2016
RLJ,adamsch01,5.0,2016-06-27,2016
RLJ,,5.0,2016-06-28,2016
RLJ,willibr02,5.0,2016-06-29,2016
RLJ,garrebr01,6.0,2016-07-01,2016
RLJ,cabrege01,6.0,2016-07-02,2016
RLJ,linceti01,49.0,2016-07-03,2016
RLJ,schrejo01,,2016-07-04,2016
RLJ,willibr02,6.0,2016-07-05,2016
RLJ,garrebr01,5.0,2016-07-06,2016
RLJ,linceti01,5.0,2016-07-08,2016
RLJ,schrejo01,5.0,2016-07-09,2016
RLJ,willibr02,5.0,2016-07-10,2016
RLJ,garrebr01,9.0,2016-07-15,2016
RLJ,adamsch01,19.0,2016-07-16,2016
RLJ,willibr02,7.0,2016-07-17,2016
RLJ,schrejo01,10.0,2016-07-19,2016
RLJ,honeybr01,13.0,2016-07-20,2016
RLJ,garrebr01,6.0,2016-07-21,2016
RLJ,adamsch01,6.0,2016-07-22,2016
RLJ,willibr02,6.0,2016-07-23,2016
RLJ,schrejo01,5.0,2016-07-24,2016
RLJ,honeybr01,,2016-07-25,2016
RLJ,garrebr01,5.0,2016-07-26,2016
RLJ,adamsch01,5.0,2016-07-27,2016
RLJ,,5.0,2016-07-28,2016
RLJ,schrejo01,5.0,2016-07-29,2016
RLJ,honeybr01,5.0,2016-07-30,2016
RLJ,garrebr01,5.0,2016-07-31,2016
RLJ,schrejo01,,2017-04-03,2017
RLJ,grayjo02,,2017-04-05,2017
RLJ,garrebr01,,2017-04-07,2017
RLJ,adamsch01,,2017-04-08,2017
RLJ,schrejo01,6.0,2017-04-09,2017
RLJ,grayjo02,5.0,2017-04-10,2017
RLJ,honeybr01,,2017-04-11,2017
RLJ,garrebr01,5.0,2017-04-12,2017
RLJ,adamsch01,5.0,2017-04-13,2017
RLJ,schrejo01,5.0,2017-04-14,2017
RLJ,grayjo02,5.0,2017-04-15,2017
RLJ,honeybr01,5.0,2017-04-16,2017
RLJ,garrebr01,5.0,2017-04-17,2017
RLJ,rasmuco02,,2017-04-18,2017
RLJ,schrejo01,5.0,2017-04-19,2017
RLJ,grayjo02,,2017-04-20,2017
RLJ,honeybr01,5.0,2017-04-21,2017
RLJ,garrebr01,5.0,2017-04-22,2017
RLJ,adamsch01,10.0,2017-04-23,2017
RLJ,schrejo01,7.0,2017-04-26,2017
RLJ,grayjo02,7.0,2017-04-27,2017
RLJ,honeybr01,7.0,2017-04-28,2017
RLJ,garrebr01,7.0,2017-04-29,2017
RLJ,,7.0,2017-04-30,2017
RLJ,schrejo01,5.0,2017-05-01,2017
RLJ,grayjo02,5.0,2017-05-02,2017
RLJ,honeybr01,5.0,2017-05-03,2017
RLJ,sulseco01,,2017-05-04,2017
RLJ,adamsch01,5.0,2017-05-05,2017
RLJ,schrejo01,5.0,2017-05-06,2017
RLJ,grayjo02,5.0,2017-05-07,2017
RLJ,honeybr01,6.0,2017-05-09,2017
RLJ,sulseco01,6.0,2017-05-10,2017
RLJ,adamsch01,6.0,2017-05-11,2017
RLJ,schrejo01,6.0,2017-05-12,2017
RLJ,grayjo02,6.0,2017-05-13,2017
RLJ,honeybr01,5.0,2017-05-14,2017
RLJ,adamsch01,5.0,2017-05-16,2017
RLJ,schrejo01,5.0,2017-05-17,2017
RLJ,mccarbr01,,2017-05-18,2017
RLJ,grayjo02,6.0,2017-05-19,2017
RLJ,honeybr01,6.0,2017-05-20,2017
RLJ,adamsch01,5.0,2017-05-21,2017
RLJ,schrejo01,6.0,2017-05-23,2017
RLJ,grayjo02,5.0,2017-05-24,2017
RLJ,honeybr01,5.0,2017-05-25,2017
RLJ,adamsch01,5.0,2017-05-26,2017
RLJ,rasmuco02,39.0,2017-05-27,2017
RLJ,schrejo01,5.0,2017-05-28,2017
RLJ,willibr02,,2017-05-29,2017
RLJ,grayjo02,6.0,2017-05-30,2017
RLJ,honeybr01,6.0,2017-05-31,2017
RLJ,adamsch01,6.0,2017-06-01,2017
RLJ,schrejo01,5.0,2017-06-02,2017
RLJ,willibr02,5.0,2017-06-03,2017
RLJ,grayjo02,,2017-06-04,2017
RLJ,honeybr01,6.0,2017-06-06,2017
RLJ,schrejo01,5.0,2017-06-07,2017
RLJ,willibr02,5.0,2017-06-08,2017
RLJ,rasmuco02,13.0,2017-06-09,2017
RLJ,grayjo02,6.0,2017-06-10,2017
RLJ,honeybr01,5.0,2017-06-11,2017
RLJ,schrejo01,,2017-06-12,2017
RLJ,willibr02,,2017-06-13,2017
RLJ,rasmuco02,5.0,2017-06-14,2017
RLJ,grayjo02,5.0,2017-06-15,2017
RLJ,honeybr01,5.0,2017-06-16,2017
RLJ,schrejo01,5.0,2017-06-17,2017
RLJ,willibr02,5.0,2017-06-18,2017
RLJ,mccarbr01,32.0,2017-06-19,2017
RLJ,grayjo02,5.0,2017-06-20,2017
RLJ,honeybr01,5.0,2017-06-21,2017
RLJ,schrejo01,6.0,2017-06-23,2017
RLJ,willibr02,6.0,2017-06-24,2017
RLJ,,,2017-06-25,2017
RLJ,grayjo02,6.0,2017-06-26,2017
RLJ,honeybr01,6.0,2017-06-27,2017
RLJ,schrejo01,5.0,2017-06-28,2017
RLJ,willibr02,5.0,2017-06-29,2017
RLJ,millesh01,5.0,2017-06-30,2017
RLJ,grayjo02,5.0,2017-07-01,2017
RLJ,honeybr01,5.0,2017-07-02,2017
RLJ,schrejo01,5.0,2017-07-03,2017
RLJ,willibr02,5.0,2017-07-04,2017
RLJ,millesh01,5.0,2017-07-05,2017
RLJ,,5.0,2017-07-06,2017
RLJ,honeybr01,5.0,2017-07-07,2017
RLJ,schrejo01,5.0,2017-07-08,2017
RLJ,willibr02,5.0,2017-07-09,2017
RLJ,honeybr01,7.0,2017-07-14,2017
RLJ,grayjo02,9.0,2017-07-15,2017
RLJ,schrejo01,8.0,2017-07-16,2017
RLJ,willibr02,7.0,2017-07-16,2017
RLJ,adamsch01,46.0,2017-07-17,2017
RLJ,rasmuco02,34.0,2017-07-18,2017
RLJ,,5.0,2017-07-19,2017
RLJ,millesh01,15.0,2017-07-20,2017
RLJ,grayjo02,6.0,2017-07-21,2017
RLJ,willibr02,6.0,2017-07-22,2017
RLJ,schrejo01,7.0,2017-07-23,2017
RLJ,adamsch01,7.0,2017-07-24,2017
RLJ,honeybr01,6.0,2017-07-25,2017
RLJ,grayjo02,5.0,2017-07-26,2017
RLJ,,5.0,2017-07-28,2017
RLJ,adamsch01,5.0,2017-07-29,2017
RLJ,honeybr01,5.0,2017-07-30,2017
RLJ,millesh01,11.0,2017-07-31,2017
RLJ,grayjo02,,2018-03-29,2018
RLJ,willibr02,,2018-03-30,2018
RLJ,schrejo01,,2018-03-31,2018
RLJ,mccarbr01,,2018-04-01,2018
RLJ,,,2018-04-02,2018
RLJ,grayjo02,5.0,2018-04-03,2018
RLJ,willibr02,6.0,2018-04-05,2018
RLJ,schrejo01,7.0,2018-04-07,2018
RLJ,adamsch01,,2018-04-08,2018
RLJ,grayjo02,7.0,2018-04-10,2018
RLJ,willibr02,6.0,2018-04-11,2018
RLJ,schrejo01,5.0,2018-04-12,2018
RLJ,adamsch01,5.0,2018-04-13,2018
RLJ,mccarbr01,13.0,2018-04-14,2018
RLJ,grayjo02,5.0,2018-04-15,2018
RLJ,willibr02,6.0,2018-04-17,2018
RLJ,schrejo01,6.0,2018-04-18,2018
RLJ,adamsch01,6.0,2018-04-19,2018
RLJ,honeybr01,,2018-04-20,2018
RLJ,grayjo02,6.0,2018-04-21,2018
RLJ,willibr02,5.0,2018-04-22,2018
RLJ,schrejo01,6.0,2018-04-24,2018
RLJ,,6.0,2018-04-25,2018
RLJ,,5.0,2018-04-26,2018
RLJ,honeybr01,7.0,2018-04-27,2018
RLJ,willibr02,6.0,2018-04-28,2018
RLJ,schrejo01,5.0,2018-04-29,2018
RLJ,adamsch01,5.0,2018-04-30,2018
RLJ,grayjo02,5.0,2018-05-01,2018
RLJ,honeybr01,5.0,2018-05-02,2018
RLJ,willibr02,5.0,2018-05-03,2018
RLJ,schrejo01,5.0,2018-05-04,2018
RLJ,adamsch01,5.0,2018-05-05,2018
RLJ,grayjo02,5.0,2018-05-06,2018
RLJ,honeybr01,6.0,2018-05-08,2018
RLJ,schrejo01,5.0,2018-05-09,2018
RLJ,adamsch01,5.0,2018-05-10,2018
RLJ,grayjo02,5.0,2018-05-11,2018
RLJ,willibr02,9.0,2018-05-12,2018
RLJ,honeybr01,5.0,2018-05-13,2018
RLJ,schrejo01,5.0,2018-05-14,2018
RLJ,adamsch01,5.0,2018-05-15,2018
RLJ,grayjo02,5.0,2018-05-16,2018
RLJ,willibr02,5.0,2018-05-17,2018
RLJ,honeybr01,5.0,2018-05-18,2018
RLJ,schrejo01,5.0,2018-05-19,2018
RLJ,adamsch01,5.0,2018-05-20,2018
RLJ,grayjo02,6.0,2018-05-22,2018
RLJ,willibr02,6.0,2018-05-23,2018
RLJ,schrejo01,5.0,2018-05-24,2018
RLJ,adamsch01,5.0,2018-05-25,2018
RLJ,honeybr01,8.0,2018-05-26,2018
RLJ,grayjo02,5.0,2018-05-27,2018
RLJ,willibr02,5.0,2018-05-28,2018
RLJ,schrejo01,5.0,2018-05-29,2018
RLJ,adamsch01,5.0,2018-05-30,2018
RLJ,honeybr01,5.0,2018-05-31,2018
RLJ,grayjo02,5.0,2018-06-01,2018
RLJ,willibr02,5.0,2018-06-02,2018
RLJ,schrejo01,5.0,2018-06-03,2018
RLJ,garrebr01,,2018-06-05,2018
RLJ,adamsch01,7.0,2018-06-06,2018
RLJ,obrieri01,,2018-06-07,2018
RLJ,grayjo02,7.0,2018-06-08,2018
RLJ,willibr02,7.0,2018-06-09,2018
RLJ,schrejo01,7.0,2018-06-10,2018
RLJ,garrebr01,6.0,2018-06-11,2018
RLJ,adamsch01,6.0,2018-06-12,2018
RLJ,grayjo02,5.0,2018-06-13,2018
RLJ,willibr02,5.0,2018-06-14,2018
RLJ,schrejo01,5.0,2018-06-15,2018
RLJ,garrebr01,5.0,2018-06-16,2018
RLJ,adamsch01,5.0,2018-06-17,2018
RLJ,grayjo02,6.0,2018-06-19,2018
RLJ,willibr02,6.0,2018-06-20,2018
RLJ,,6.0,2018-06-21,2018
RLJ,garrebr01,6.0,2018-06-22,2018
RLJ,adamsch01,6.0,2018-06-23,2018
RLJ,grayjo02,5.0,2018-06-24,2018
RLJ,willibr02,6.0,2018-06-26,2018
RLJ,schrejo01,6.0,2018-06-27,2018
RLJ,,87.0,2018-06-28,2018
RLJ,,6.0,2018-06-29,2018
RLJ,grayjo02,6.0,2018-06-30,2018
RLJ,willibr02,5.0,2018-07-01,2018
RLJ,schrejo01,5.0,2018-07-02,2018
RLJ,rasmuco02,5.0,2018-07-03,2018
RLJ,adamsch01,5.0,2018-07-04,2018
RLJ,grayjo02,6.0,2018-07-06,2018
RLJ,willibr02,6.0,2018-07-07,2018
RLJ,schrejo01,6.0,2018-07-08,2018
RLJ,adamsch01,5.0,2018-07-09,2018
RLJ,mccarbr01,87.0,2018-07-10,2018
RLJ,grayjo02,5.0,2018-07-11,2018
RLJ,willibr02,5.0,2018-07-12,2018
RLJ,schrejo01,5.0,2018-07-13,2018
RLJ,adamsch01,5.0,2018-07-14,2018
RLJ,rasmuco02,12.0,2018-07-15,2018
RLJ,willibr02,8.0,2018-07-20,2018
RLJ,rasmuco02,6.0,2018-07-21,2018
RLJ,grayjo02,11.0,2018-07-22,2018
RLJ,schrejo01,10.0,2018-07-23,2018
RLJ,honeybr01,54.0,2018-07-24,2018
RLJ,rasmuco02,5.0,2018-07-26,2018
RLJ,grayjo02,5.0,2018-07-27,2018
RLJ,schrejo01,5.0,2018-07-28,2018
RLJ,boshebu01,9.0,2018-07-29,2018
RLJ,willibr02,10.0,2018-07-30,2018
RLJ,honeybr01,7.0,2018-07-31,2018
RLJ,grayjo02,,2019-03-28,2019
RLJ,boshebu01,,2019-03-29,2019
RLJ,adamsch01,,2019-03-30,2019
RLJ,schrejo01,,2019-03-31,2019
RLJ,willibr02,,2019-04-01,2019
RLJ,grayjo02,5.0,2019-04-02,2019
RLJ,boshebu01,5.0,2019-04-03,2019
RLJ,adamsch01,5.0,2019-04-04,2019
RLJ,schrejo01,5.0,2019-04-05,2019
RLJ,willibr02,5.0,2019-04-06,2019
RLJ,mccarbr01,,2019-04-07,2019
RLJ,grayjo02,7.0,2019-04-09,2019
RLJ,boshebu01,,2019-04-11,2019
RLJ,adamsch01,8.0,2019-04-12,2019
RLJ,schrejo01,8.0,2019-04-13,2019
RLJ,willibr02,8.0,2019-04-14,2019
RLJ,mccarbr01,8.0,2019-04-15,2019
RLJ,grayjo02,7.0,2019-04-16,2019
RLJ,boshebu01,6.0,2019-04-17,2019
RLJ,adamsch01,7.0,2019-04-19,2019
RLJ,schrejo01,7.0,2019-04-20,2019
RLJ,willibr02,,2019-04-21,2019
RLJ,grayjo02,7.0,2019-04-23,2019
RLJ,mccarbr01,8.0,2019-04-23,2019
RLJ,adamsch01,5.0,2019-04-24,2019
RLJ,schrejo01,5.0,2019-04-25,2019
RLJ,willibr02,6.0,2019-04-27,2019
RLJ,grayjo02,5.0,2019-04-28,2019
RLJ,adamsch01,5.0,2019-04-29,2019
RLJ,schrejo01,5.0,2019-04-30,2019
RLJ,mccarbr01,8.0,2019-05-01,2019
RLJ,willibr02,5.0,2019-05-02,2019
RLJ,grayjo02,5.0,2019-05-03,2019
RLJ,adamsch01,5.0,2019-05-04,2019
RLJ,schrejo01,5.0,2019-05-05,2019
RLJ,beedety01,,2019-05-06,2019
RLJ,mccarbr01,6.0,2019-05-07,2019
RLJ,grayjo02,5.0,2019-05-08,2019
RLJ,adamsch01,6.0,2019-05-10,2019
RLJ,schrejo01,6.0,2019-05-11,2019
RLJ,mccarbr01,5.0,2019-05-12,2019
RLJ,grayjo02,6.0,2019-05-14,2019
RLJ,adamsch01,5.0,2019-05-15,2019
RLJ,schrejo01,6.0,2019-05-17,2019
RLJ,mccarbr01,6.0,2019-05-18,2019
RLJ,grayjo02,5.0,2019-05-19,2019
RLJ,willibr02,18.0,2019-05-20,2019
RLJ,adamsch01,6.0,2019-05-21,2019
RLJ,schrejo01,5.0,2019-05-22,2019
RLJ,varlalo01,,2019-05-23,2019
RLJ,,5.0,2019-05-24,2019
RLJ,willibr02,5.0,2019-05-25,2019
RLJ,adamsch01,5.0,2019-05-26,2019
RLJ,schrejo01,5.0,2019-05-27,2019
RLJ,,3.0,2019-05-28,2019
RLJ,varlalo01,6.0,2019-05-29,2019
RLJ,grayjo02,7.0,2019-05-31,2019
RLJ,schrejo01,,2019-06-01,2019
RLJ,willibr02,5.0,2019-06-02,2019
RLJ,adamsch01,9.0,2019-06-04,2019
RLJ,grayjo02,5.0,2019-06-05,2019
RLJ,varlalo01,8.0,2019-06-06,2019
RLJ,schrejo01,6.0,2019-06-07,2019
RLJ,willibr02,6.0,2019-06-08,2019
RLJ,beedety01,33.0,2019-06-08,2019
RLJ,adamsch01,5.0,2019-06-09,2019
RLJ,grayjo02,5.0,2019-06-10,2019
RLJ,bauertr01,,2019-06-11,2019
RLJ,schrejo01,5.0,2019-06-12,2019
RLJ,willibr02,5.0,2019-06-13,2019
RLJ,adamsch01,5.0,2019-06-14,2019
RLJ,grayjo02,5.0,2019-06-15,2019
RLJ,rasmuco02,,2019-06-16,2019
RLJ,schrejo01,5.0,2019-06-17,2019
RLJ,willibr02,5.0,2019-06-18,2019
RLJ,adamsch01,5.0,2019-06-19,2019
RLJ,,6.0,2019-06-21,2019
RLJ,rasmuco02,6.0,2019-06-22,2019
RLJ,schrejo01,6.0,2019-06-23,2019
RLJ,adamsch01,5.0,2019-06-24,2019
RLJ,willibr02,7.0,2019-06-25,2019
RLJ,grayjo02,5.0,2019-06-26,2019
RLJ,schrejo01,6.0,2019-06-29,2019
RLJ,adamsch01,6.0,2019-06-30,2019
RLJ,willibr02,7.0,2019-07-02,2019
RLJ,grayjo02,7.0,2019-07-03,2019
RLJ,mccarbr01,47.0,2019-07-04,2019
RLJ,adamsch01,5.0,2019-07-05,2019
RLJ,schrejo01,7.0,2019-07-06,2019
RLJ,willibr02,5.0,2019-07-07,2019
RLJ,adamsch01,7.0,2019-07-12,2019
RLJ,grayjo02,,2019-07-13,2019
RLJ,willibr02,7.0,2019-07-14,2019
RLJ,schrejo01,9.0,2019-07-15,2019
RLJ,diazmi02,10.0,2019-07-16,2019
RLJ,adamsch01,5.0,2019-07-17,2019
RLJ,grayjo02,5.0,2019-07-18,2019
RLJ,willibr02,5.0,2019-07-19,2019
RLJ,schrejo01,5.0,2019-07-20,2019
RLJ,diazmi02,5.0,2019-07-21,2019
RLJ,adamsch01,5.0,2019-07-22,2019
RLJ,grayjo02,5.0,2019-07-23,2019
RLJ,willibr02,5.0,2019-07-24,2019
RLJ,schrejo01,5.0,2019-07-25,2019
RLJ,diazmi02,5.0,2019-07-26,2019
RLJ,adamsch01,5.0,2019-07-27,2019
RLJ,grayjo02,5.0,2019-07-28,2019
RLJ,willibr02,6.0,2019-07-30,2019
RLJ,schrejo01,6.0,2019-07-31,2019
RLJ,boshebu01,,2021-04-02,2021
RLJ,klubeco01,,2021-04-03,2021
RLJ,duffyda01,,2021-04-04,2021
RLJ,feldmsc01,,2021-04-05,2021
RLJ,couloda01,,2021-04-06,2021
RLJ,boshebu01,5.0,2021-04-07,2021
RLJ,adamsch01,,2021-04-08,2021
RLJ,duffyda01,6.0,2021-04-10,2021
RLJ,feldmsc01,6.0,2021-04-11,2021
RLJ,couloda01,7.0,2021-04-13,2021
RLJ,boshebu01,7.0,2021-04-14,2021
RLJ,adamsch01,6.0,2021-04-14,2021
RLJ,,5.0,2021-04-15,2021
RLJ,feldmsc01,,2021-04-17,2021
RLJ,klubeco01,15.0,2021-04-18,2021
RLJ,couloda01,5.0,2021-04-18,2021
RLJ,boshebu01,5.0,2021-04-19,2021
RLJ,adamsch01,6.0,2021-04-20,2021
RLJ,duffyda01,6.0,2021-04-21,2021
RLJ,feldmsc01,5.0,2021-04-22,2021
RLJ,couloda01,5.0,2021-04-23,2021
RLJ,boshebu01,5.0,2021-04-24,2021
RLJ,adamsch01,5.0,2021-04-25,2021
RLJ,duffyda01,6.0,2021-04-27,2021
RLJ,feldmsc01,6.0,2021-04-28,2021
RLJ,couloda01,6.0,2021-04-29,2021
RLJ,boshebu01,6.0,2021-04-30,2021
RLJ,,6.0,2021-05-01,2021
RLJ,duffyda01,5.0,2021-05-02,2021
RLJ,feldmsc01,6.0,2021-05-04,2021
RLJ,couloda01,6.0,2021-05-05,2021
RLJ,boshebu01,6.0,2021-05-06,2021
RLJ,adamsch01,6.0,2021-05-07,2021
RLJ,duffyda01,6.0,2021-05-08,2021
RLJ,feldmsc01,5.0,2021-05-09,2021
RLJ,couloda01,5.0,2021-05-10,2021
RLJ,boshebu01,5.0,2021-05-11,2021
RLJ,adamsch01,5.0,2021-05-12,2021
RLJ,duffyda01,,2021-05-13,2021
RLJ,feldmsc01,5.0,2021-05-14,2021
RLJ,couloda01,5.0,2021-05-15,2021
RLJ,boshebu01,5.0,2021-05-16,2021
RLJ,adamsch01,6.0,2021-05-18,2021
RLJ,duffyda01,6.0,2021-05-19,2021
RLJ,feldmsc01,6.0,2021-05-20,2021
RLJ,couloda01,6.0,2021-05-21,2021
RLJ,boshebu01,6.0,2021-05-22,2021
RLJ,adamsch01,5.0,2021-05-23,2021
RLJ,duffyda01,6.0,2021-05-25,2021
RLJ,feldmsc01,6.0,2021-05-26,2021
RLJ,couloda01,7.0,2021-05-28,2021
RLJ,boshebu01,7.0,2021-05-29,2021
RLJ,adamsch01,8.0,2021-05-31,2021
RLJ,duffyda01,7.0,2021-06-01,2021
RLJ,feldmsc01,7.0,2021-06-02,2021
RLJ,couloda01,6.0,2021-06-03,2021
RLJ,boshebu01,6.0,2021-06-04,2021
RLJ,adamsch01,5.0,2021-06-05,2021
RLJ,duffyda01,5.0,2021-06-06,2021
RLJ,feldmsc01,5.0,2021-06-07,2021
RLJ,couloda01,5.0,2021-06-08,2021
RLJ,boshebu01,5.0,2021-06-09,2021
RLJ,adamsch01,5.0,2021-06-10,2021
RLJ,duffyda01,5.0,2021-06-11,2021
RLJ,feldmsc01,5.0,2021-06-12,2021
RLJ,couloda01,5.0,2021-06-13,2021
RLJ,boshebu01,5.0,2021-06-14,2021
RLJ,adamsch01,,2021-06-15,2021
RLJ,duffyda01,5.0,2021-06-16,2021
RLJ,feldmsc01,6.0,2021-06-18,2021
RLJ,couloda01,6.0,2021-06-19,2021
RLJ,boshebu01,6.0,2021-06-20,2021
RLJ,adamsch01,7.0,2021-06-22,2021
RLJ,duffyda01,7.0,2021-06-23,2021
RLJ,,6.0,2021-06-24,2021
RLJ,couloda01,6.0,2021-06-25,2021
RLJ,boshebu01,6.0,2021-06-26,2021
RLJ,adamsch01,5.0,2021-06-27,2021
RLJ,duffyda01,5.0,2021-06-28,2021
RLJ,feldmsc01,5.0,2021-06-29,2021
RLJ,couloda01,5.0,2021-06-30,2021
RLJ,boshebu01,5.0,2021-07-01,2021
RLJ,adamsch01,5.0,2021-07-02,2021
RLJ,duffyda01,5.0,2021-07-03,2021
RLJ,feldmsc01,5.0,2021-07-04,2021
RLJ,couloda01,5.0,2021-07-05,2021
RLJ,boshebu01,5.0,2021-07-06,2021
RLJ,adamsch01,5.0,2021-07-07,2021
RLJ,duffyda01,6.0,2021-07-09,2021
RLJ,couloda01,5.0,2021-07-10,2021
RLJ,,7.0,2021-07-11,2021
RLJ,adamsch01,9.0,2021-07-16,2021
RLJ,boshebu01,11.0,2021-07-17,2021
RLJ,couloda01,8.0,2021-07-18,2021
RLJ,feldmsc01,8.0,2021-07-19,2021
RLJ,duffyda01,12.0,2021-07-21,2021
RLJ,klubeco01,95.0,2021-07-22,2021
RLJ,adamsch01,7.0,2021-07-23,2021
RLJ,boshebu01,7.0,2021-07-24,2021
RLJ,couloda01,7.0,2021-07-25,2021
RLJ,feldmsc01,7.0,2021-07-26,2021
RLJ,klubeco01,6.0,2021-07-28,2021
RLJ,duffyda01,7.0,2021-07-28,2021
RLJ,adamsch01,6.0,2021-07-29,2021
RLJ,couloda01,5.0,2021-07-30,2021
RLJ,boshebu01,7.0,2021-07-31,2021
RLJ,,,2022-04-08,2022
RLJ,feldmsc01,,2022-04-09,2022
RLJ,klubeco01,,2022-04-10,2022
RLJ,smithaj01,,2022-04-11,2022
RLJ,willitr01,,2022-04-12,2022
RLJ,boshebu01,5.0,2022-04-13,2022
RLJ,,6.0,2022-04-15,2022
RLJ,klubeco01,6.0,2022-04-16,2022
RLJ,smithaj01,6.0,2022-04-17,2022
RLJ,willitr01,6.0,2022-04-18,2022
RLJ,boshebu01,6.0,2022-04-19,2022
RLJ,feldmsc01,5.0,2022-04-20,2022
RLJ,klubeco01,5.0,2022-04-21,2022
RLJ,smithaj01,5.0,2022-04-22,2022
RLJ,vasqura02,,2022-04-23,2022
RLJ,willitr01,6.0,2022-04-24,2022
RLJ,boshebu01,6.0,2022-04-25,2022
RLJ,feldmsc01,6.0,2022-04-26,2022
RLJ,smithaj01,5.0,2022-04-27,2022
RLJ,vasqura02,5.0,2022-04-28,2022
RLJ,willitr01,5.0,2022-04-29,2022
RLJ,boshebu01,5.0,2022-04-30,2022
RLJ,feldmsc01,5.0,2022-05-01,2022
RLJ,smithaj01,6.0,2022-05-03,2022
RLJ,vasqura02,6.0,2022-05-04,2022
RLJ,willitr01,6.0,2022-05-05,2022
RLJ,boshebu01,6.0,2022-05-06,2022
RLJ,feldmsc01,6.0,2022-05-07,2022
RLJ,klubeco01,17.0,2022-05-08,2022
RLJ,vasqura02,6.0,2022-05-10,2022
RLJ,boshebu01,5.0,2022-05-11,2022
RLJ,feldmsc01,6.0,2022-05-13,2022
RLJ,willitr01,9.0,2022-05-14,2022
RLJ,owenshe02,,2022-05-15,2022
RLJ,vasqura02,6.0,2022-05-16,2022
RLJ,boshebu01,6.0,2022-05-17,2022
RLJ,feldmsc01,5.0,2022-05-18,2022
RLJ,willitr01,5.0,2022-05-19,2022
RLJ,smithaj01,17.0,2022-05-20,2022
RLJ,vasqura02,5.0,2022-05-21,2022
RLJ,boshebu01,5.0,2022-05-22,2022
RLJ,feldmsc01,6.0,2022-05-24,2022
RLJ,willitr01,6.0,2022-05-25,2022
RLJ,smithaj01,6.0,2022-05-26,2022
RLJ,vasqura02,6.0,2022-05-27,2022
RLJ,boshebu01,6.0,2022-05-28,2022
RLJ,skaggty01,,2022-05-28,2022
RLJ,feldmsc01,5.0,2022-05-29,2022
RLJ,willitr01,,2022-05-30,2022
RLJ,smithaj01,5.0,2022-05-31,2022
RLJ,vasqura02,5.0,2022-06-01,2022
RLJ,boshebu01,6.0,2022-06-03,2022
RLJ,feldmsc01,6.0,2022-06-04,2022
RLJ,willitr01,,2022-06-05,2022
RLJ,smithaj01,6.0,2022-06-06,2022
RLJ,vasqura02,6.0,2022-06-07,2022
RLJ,boshebu01,5.0,2022-06-08,2022
RLJ,feldmsc01,5.0,2022-06-09,2022
RLJ,willitr01,5.0,2022-06-10,2022
RLJ,smithaj01,,2022-06-11,2022
RLJ,ceasedy01,,2022-06-12,2022
RLJ,feldmsc01,5.0,2022-06-14,2022
RLJ,skaggty01,18.0,2022-06-15,2022
RLJ,willitr01,6.0,2022-06-16,2022
RLJ,,6.0,2022-06-17,2022
RLJ,ceasedy01,6.0,2022-06-18,2022
RLJ,feldmsc01,5.0,2022-06-19,2022
RLJ,skaggty01,5.0,2022-06-20,2022
RLJ,willitr01,5.0,2022-06-21,2022
RLJ,smithaj01,5.0,2022-06-22,2022
RLJ,feldmsc01,5.0,2022-06-24,2022
RLJ,skaggty01,5.0,2022-06-25,2022
RLJ,willitr01,5.0,2022-06-26,2022
RLJ,castidi01,,2022-06-27,2022
RLJ,smithaj01,6.0,2022-06-28,2022
RLJ,feldmsc01,,2022-06-29,2022
RLJ,willitr01,5.0,2022-07-01,2022
RLJ,skaggty01,7.0,2022-07-02,2022
RLJ,castidi01,6.0,2022-07-03,2022
RLJ,owenshe02,50.0,2022-07-04,2022
RLJ,feldmsc01,6.0,2022-07-05,2022
RLJ,bumgama01,,2022-07-06,2022
RLJ,skaggty01,5.0,2022-07-07,2022
RLJ,castidi01,5.0,2022-07-08,2022
RLJ,ceasedy01,21.0,2022-07-09,2022
RLJ,feldmsc01,5.0,2022-07-10,2022
RLJ,bumgama01,5.0,2022-07-11,2022
RLJ,grayjo02,,2022-07-12,2022
RLJ,skaggty01,6.0,2022-07-13,2022
RLJ,ceasedy01,5.0,2022-07-14,2022
RLJ,boshebu01,37.0,2022-07-15,2022
RLJ,feldmsc01,6.0,2022-07-16,2022
RLJ,grayjo02,5.0,2022-07-17,2022
RLJ,boshebu01,7.0,2022-07-22,2022
RLJ,ceasedy01,9.0,2022-07-23,2022
RLJ,bumgama01,13.0,2022-07-24,2022
RLJ,feldmsc01,9.0,2022-07-25,2022
RLJ,skaggty01,13.0,2022-07-26,2022
RLJ,boshebu01,5.0,2022-07-27,2022
RLJ,ceasedy01,5.0,2022-07-28,2022
RLJ,owenshe02,25.0,2022-07-29,2022
RLJ,feldmsc01,5.0,2022-07-30,2022
RLJ,skaggty01,5.0,2022-07-31,2022
RLJ,johnsji04,,2023-03-30,2023
RLJ,grayjo02,,2023-04-01,2023
RLJ,klubeco01,,2023-04-02,2023
RLJ,ceasedy01,,2023-04-03,2023
RLJ,feldmsc01,,2023-04-04,2023
RLJ,johnsji04,6.0,2023-04-05,2023
RLJ,grayjo02,5.0,2023-04-06,2023
RLJ,klubeco01,6.0,2023-04-08,2023
RLJ,ceasedy01,6.0,2023-04-09,2023
RLJ,feldmsc01,6.0,2023-04-10,2023
RLJ,vasqura02,,2023-04-11,2023
RLJ,grayjo02,6.0,2023-04-12,2023
RLJ,johnsji04,8.0,2023-04-13,2023
RLJ,klubeco01,6.0,2023-04-14,2023
RLJ,feldmsc01,5.0,2023-04-15,2023
RLJ,vasqura02,5.0,2023-04-16,2023
RLJ,bumgama01,,2023-04-17,2023
RLJ,grayjo02,6.0,2023-04-18,2023
RLJ,johnsji04,6.0,2023-04-19,2023
RLJ,klubeco01,6.0,2023-04-20,2023
RLJ,feldmsc01,6.0,2023-04-21,2023
RLJ,vasqura02,6.0,2023-04-22,2023
RLJ,bumgama01,6.0,2023-04-23,2023
RLJ,grayjo02,6.0,2023-04-24,2023
RLJ,johnsji04,6.0,2023-04-25,2023
RLJ,klubeco01,6.0,2023-04-26,2023
RLJ,feldmsc01,7.0,2023-04-28,2023
RLJ,bumgama01,6.0,2023-04-29,2023
RLJ,grayjo02,6.0,2023-04-30,2023
RLJ,johnsji04,6.0,2023-05-01,2023
RLJ,klubeco01,6.0,2023-05-02,2023
RLJ,feldmsc01,5.0,2023-05-03,2023
RLJ,bumgama01,5.0,2023-05-04,2023
RLJ,grayjo02,5.0,2023-05-05,2023
RLJ,johnsji04,5.0,2023-05-06,2023
RLJ,klubeco01,5.0,2023-05-07,2023
RLJ,feldmsc01,6.0,2023-05-09,2023
RLJ,bumgama01,6.0,2023-05-10,2023
RLJ,sadleca02,,2023-05-12,2023
RLJ,grayjo02,8.0,2023-05-13,2023
RLJ,johnsji04,8.0,2023-05-14,2023
RLJ,klubeco01,8.0,2023-05-15,2023
RLJ,feldmsc01,7.0,2023-05-16,2023
RLJ,bumgama01,7.0,2023-05-17,2023
RLJ,sadleca02,7.0,2023-05-19,2023
RLJ,,7.0,2023-05-20,2023
RLJ,johnsji04,7.0,2023-05-21,2023
RLJ,klubeco01,,2023-05-22,2023
RLJ,bumgama01,6.0,2023-05-23,2023
RLJ,sadleca02,,2023-05-24,2023
RLJ,grayjo02,6.0,2023-05-26,2023
RLJ,vasqura02,35.0,2023-05-27,2023
RLJ,klubeco01,6.0,2023-05-28,2023
RLJ,bumgama01,7.0,2023-05-30,2023
RLJ,sadleca02,7.0,2023-05-31,2023
RLJ,grayjo02,6.0,2023-06-01,2023
RLJ,vasqura02,7.0,2023-06-03,2023
RLJ,,55.0,2023-06-03,2023
RLJ,klubeco01,7.0,2023-06-04,2023
RLJ,bumgama01,6.0,2023-06-05,2023
RLJ,sadleca02,6.0,2023-06-06,2023
RLJ,ceasedy01,4.0,2023-06-07,2023
RLJ,zerpaan01,,2023-06-08,2023
RLJ,vasqura02,6.0,2023-06-09,2023
RLJ,klubeco01,6.0,2023-06-10,2023
RLJ,bumgama01,6.0,2023-06-11,2023
RLJ,sadleca02,6.0,2023-06-12,2023
RLJ,ceasedy01,6.0,2023-06-13,2023
RLJ,vasqura02,5.0,2023-06-14,2023
RLJ,klubeco01,,2023-06-16,2023
RLJ,bumgama01,7.0,2023-06-18,2023
RLJ,thompza02,,2023-06-18,2023
RLJ,sadleca02,7.0,2023-06-19,2023
RLJ,ceasedy01,7.0,2023-06-20,2023
RLJ,vasqura02,7.0,2023-06-21,2023
RLJ,rodriel02,,2023-06-22,2023
RLJ,bumgama01,5.0,2023-06-23,2023
RLJ,sadleca02,5.0,2023-06-24,2023
RLJ,ceasedy01,5.0,2023-06-25,2023
RLJ,vasqura02,6.0,2023-06-27,2023
RLJ,thompza02,,2023-06-28,2023
RLJ,bumgama01,6.0,2023-06-29,2023
RLJ,sadleca02,6.0,2023-06-30,2023
RLJ,ceasedy01,6.0,2023-07-01,2023
RLJ,vasqura02,5.0,2023-07-02,2023
RLJ,greench03,,2023-07-04,2023
RLJ,bumgama01,6.0,2023-07-05,2023
RLJ,ceasedy01,5.0,2023-07-06,2023
RLJ,greench03,3.0,2023-07-07,2023
RLJ,sadleca02,8.0,2023-07-08,2023
RLJ,sandlni01,,2023-07-09,2023
RLJ,bumgama01,9.0,2023-07-14,2023
RLJ,sadleca02,7.0,2023-07-15,2023
RLJ,ceasedy01,10.0,2023-07-16,2023
RLJ,greench03,10.0,2023-07-17,2023
RLJ,novaiv01,,2023-07-18,2023
RLJ,bumgama01,5.0,2023-07-19,2023
RLJ,ceasedy01,5.0,2023-07-21,2023
RLJ,sadleca02,7.0,2023-07-22,2023
RLJ,greench03,6.0,2023-07-23,2023
RLJ,,,2023-07-25,2023
RLJ,bumgama01,7.0,2023-07-26,2023
RLJ,ceasedy01,7.0,2023-07-28,2023
RLJ,sadleca02,7.0,2023-07-29,2023
RLJ,greench03,7.0,2023-07-30,2023
RLJ,feldmsc01,,2023-07-31,2023
SAJ,carraca01,,2016-04-03,2016
SAJ,gsellro01,,2016-04-04,2016
SAJ,kowarja01,,2016-04-05,2016
SAJ,cuevawi01,,2016-04-06,2016
SAJ,carraca01,5.0,2016-04-08,2016
SAJ,gsellro01,5.0,2016-04-09,2016
SAJ,brubajt01,,2016-04-10,2016
SAJ,kowarja01,7.0,2016-04-12,2016
SAJ,cuevawi01,7.0,2016-04-13,2016
SAJ,carraca01,6.0,2016-04-14,2016
SAJ,gsellro01,6.0,2016-04-15,2016
SAJ,brubajt01,6.0,2016-04-16,2016
SAJ,kowarja01,5.0,2016-04-17,2016
SAJ,cuevawi01,,2016-04-18,2016
SAJ,carraca01,,2016-04-19,2016
SAJ,gsellro01,5.0,2016-04-20,2016
SAJ,brubajt01,5.0,2016-04-21,2016
SAJ,kowarja01,5.0,2016-04-22,2016
SAJ,cuevawi01,5.0,2016-04-23,2016
SAJ,aquinja01,,2016-04-24,2016
SAJ,carraca01,6.0,2016-04-25,2016
SAJ,gsellro01,6.0,2016-04-26,2016
SAJ,brubajt01,6.0,2016-04-27,2016
SAJ,kowarja01,7.0,2016-04-29,2016
SAJ,cuevawi01,7.0,2016-04-30,2016
SAJ,carraca01,6.0,2016-05-01,2016
SAJ,gsellro01,6.0,2016-05-02,2016
SAJ,brubajt01,6.0,2016-05-03,2016
SAJ,kowarja01,5.0,2016-05-04,2016
SAJ,cuevawi01,5.0,2016-05-05,2016
SAJ,carraca01,5.0,2016-05-06,2016
SAJ,gsellro01,5.0,2016-05-07,2016
SAJ,brubajt01,5.0,2016-05-08,2016
SAJ,kowarja01,5.0,2016-05-09,2016
SAJ,cuevawi01,5.0,2016-05-10,2016
SAJ,carraca01,5.0,2016-05-11,2016
SAJ,gsellro01,6.0,2016-05-13,2016
SAJ,brubajt01,6.0,2016-05-14,2016
SAJ,kowarja01,,2016-05-15,2016
SAJ,cuevawi01,6.0,2016-05-16,2016
SAJ,carraca01,6.0,2016-05-17,2016
SAJ,gsellro01,5.0,2016-05-18,2016
SAJ,brubajt01,5.0,2016-05-19,2016
SAJ,kowarja01,5.0,2016-05-20,2016
SAJ,cuevawi01,5.0,2016-05-21,2016
SAJ,carraca01,5.0,2016-05-22,2016
SAJ,gsellro01,6.0,2016-05-24,2016
SAJ,brubajt01,6.0,2016-05-25,2016
SAJ,cuevawi01,,2016-05-26,2016
SAJ,kowarja01,7.0,2016-05-27,2016
SAJ,carraca01,6.0,2016-05-28,2016
SAJ,gsellro01,5.0,2016-05-29,2016
SAJ,brubajt01,5.0,2016-05-30,2016
SAJ,cuevawi01,5.0,2016-05-31,2016
SAJ,kowarja01,5.0,2016-06-01,2016
SAJ,gsellro01,5.0,2016-06-03,2016
SAJ,carraca01,,2016-06-04,2016
SAJ,brubajt01,6.0,2016-06-05,2016
SAJ,cuevawi01,6.0,2016-06-06,2016
SAJ,kowarja01,6.0,2016-06-07,2016
SAJ,gsellro01,5.0,2016-06-08,2016
SAJ,carraca01,5.0,2016-06-09,2016
SAJ,brubajt01,5.0,2016-06-10,2016
SAJ,cuevawi01,5.0,2016-06-11,2016
SAJ,kowarja01,5.0,2016-06-12,2016
SAJ,gsellro01,5.0,2016-06-13,2016
SAJ,carraca01,5.0,2016-06-14,2016
SAJ,brubajt01,5.0,2016-06-15,2016
SAJ,cuevawi01,5.0,2016-06-16,2016
SAJ,kowarja01,5.0,2016-06-17,2016
SAJ,gsellro01,5.0,2016-06-18,2016
SAJ,carraca01,5.0,2016-06-19,2016
SAJ,brubajt01,6.0,2016-06-21,2016
SAJ,cuevawi01,6.0,2016-06-22,2016
SAJ,kowarja01,7.0,2016-06-24,2016
SAJ,,7.0,2016-06-25,2016
SAJ,carraca01,7.0,2016-06-26,2016
SAJ,brubajt01,6.0,2016-06-27,2016
SAJ,cuevawi01,6.0,2016-06-28,2016
SAJ,kowarja01,5.0,2016-06-29,2016
SAJ,gsellro01,5.0,2016-06-30,2016
SAJ,carraca01,5.0,2016-07-01,2016
SAJ,brubajt01,5.0,2016-07-02,2016
SAJ,,5.0,2016-07-03,2016
SAJ,kowarja01,5.0,2016-07-04,2016
SAJ,gsellro01,5.0,2016-07-05,2016
SAJ,carraca01,5.0,2016-07-06,2016
SAJ,,74.0,2016-07-07,2016
SAJ,cuevawi01,5.0,2016-07-08,2016
SAJ,kowarja01,5.0,2016-07-09,2016
SAJ,gsellro01,5.0,2016-07-10,2016
SAJ,carraca01,9.0,2016-07-15,2016
SAJ,gsellro01,6.0,2016-07-16,2016
SAJ,cuevawi01,9.0,2016-07-17,2016
SAJ,,10.0,2016-07-19,2016
SAJ,carraca01,5.0,2016-07-20,2016
SAJ,brubajt01,20.0,2016-07-22,2016
SAJ,gsellro01,7.0,2016-07-23,2016
SAJ,cuevawi01,7.0,2016-07-24,2016
SAJ,kowarja01,6.0,2016-07-25,2016
SAJ,carraca01,6.0,2016-07-26,2016
SAJ,,4.0,2016-07-27,2016
SAJ,brubajt01,7.0,2016-07-29,2016
SAJ,cuevawi01,6.0,2016-07-30,2016
SAJ,kowarja01,6.0,2016-07-31,2016
SAJ,brubajt01,,2017-04-03,2017
SAJ,cuevawi01,,2017-04-05,2017
SAJ,carraca01,,2017-04-06,2017
SAJ,lodolni01,,2017-04-07,2017
SAJ,kowarja01,,2017-04-08,2017
SAJ,brubajt01,,2017-04-09,2017
SAJ,cuevawi01,6.0,2017-04-11,2017
SAJ,carraca01,6.0,2017-04-12,2017
SAJ,lodolni01,6.0,2017-04-13,2017
SAJ,,6.0,2017-04-14,2017
SAJ,brubajt01,6.0,2017-04-15,2017
SAJ,cuevawi01,5.0,2017-04-16,2017
SAJ,carraca01,6.0,2017-04-18,2017
SAJ,lodolni01,6.0,2017-04-19,2017
SAJ,brubajt01,5.0,2017-04-20,2017
SAJ,kayan01,,2017-04-21,2017
SAJ,vinesda01,,2017-04-22,2017
SAJ,carraca01,5.0,2017-04-23,2017
SAJ,lodolni01,5.0,2017-04-24,2017
SAJ,brubajt01,5.0,2017-04-25,2017
SAJ,vinesda01,5.0,2017-04-27,2017
SAJ,kayan01,6.0,2017-04-27,2017
SAJ,carraca01,5.0,2017-04-28,2017
SAJ,lodolni01,5.0,2017-04-29,2017
SAJ,kowarja01,16.0,2017-04-30,2017
SAJ,brubajt01,6.0,2017-05-01,2017
SAJ,kayan01,5.0,2017-05-02,2017
SAJ,carraca01,5.0,2017-05-03,2017
SAJ,lodolni01,6.0,2017-05-05,2017
SAJ,,5.0,2017-05-06,2017
SAJ,ventuyo01,,2017-05-07,2017
SAJ,carraca01,5.0,2017-05-08,2017
SAJ,englema01,,2017-05-09,2017
SAJ,lodolni01,5.0,2017-05-10,2017
SAJ,brubajt01,5.0,2017-05-11,2017
SAJ,ventuyo01,5.0,2017-05-12,2017
SAJ,carraca01,5.0,2017-05-13,2017
SAJ,kowarja01,14.0,2017-05-14,2017
SAJ,englema01,6.0,2017-05-15,2017
SAJ,brubajt01,5.0,2017-05-16,2017
SAJ,ventuyo01,5.0,2017-05-17,2017
SAJ,carraca01,5.0,2017-05-18,2017
SAJ,kowarja01,5.0,2017-05-19,2017
SAJ,englema01,5.0,2017-05-20,2017
SAJ,brubajt01,,2017-05-21,2017
SAJ,ventuyo01,6.0,2017-05-23,2017
SAJ,carraca01,6.0,2017-05-24,2017
SAJ,englema01,6.0,2017-05-26,2017
SAJ,brubajt01,6.0,2017-05-27,2017
SAJ,ventuyo01,5.0,2017-05-28,2017
SAJ,carraca01,5.0,2017-05-29,2017
SAJ,cuevawi01,44.0,2017-05-30,2017
SAJ,englema01,5.0,2017-05-31,2017
SAJ,brubajt01,,2017-06-01,2017
SAJ,lodolni01,23.0,2017-06-02,2017
SAJ,ventuyo01,6.0,2017-06-03,2017
SAJ,carraca01,,2017-06-04,2017
SAJ,,,2017-06-05,2017
SAJ,brubajt01,5.0,2017-06-06,2017
SAJ,lodolni01,5.0,2017-06-07,2017
SAJ,ventuyo01,6.0,2017-06-09,2017
SAJ,carraca01,6.0,2017-06-10,2017
SAJ,cuevawi01,6.0,2017-06-11,2017
SAJ,brubajt01,7.0,2017-06-13,2017
SAJ,lodolni01,7.0,2017-06-14,2017
SAJ,ventuyo01,7.0,2017-06-16,2017
SAJ,carraca01,7.0,2017-06-17,2017
SAJ,cuevawi01,7.0,2017-06-18,2017
SAJ,brubajt01,6.0,2017-06-19,2017
SAJ,,6.0,2017-06-20,2017
SAJ,ventuyo01,5.0,2017-06-21,2017
SAJ,carraca01,5.0,2017-06-22,2017
SAJ,cuevawi01,5.0,2017-06-23,2017
SAJ,brubajt01,5.0,2017-06-24,2017
SAJ,lodolni01,5.0,2017-06-25,2017
SAJ,ventuyo01,6.0,2017-06-27,2017
SAJ,carraca01,6.0,2017-06-28,2017
SAJ,cuevawi01,6.0,2017-06-29,2017
SAJ,brubajt01,6.0,2017-06-30,2017
SAJ,lodolni01,6.0,2017-07-01,2017
SAJ,ventuyo01,5.0,2017-07-02,2017
SAJ,carraca01,5.0,2017-07-03,2017
SAJ,cuevawi01,5.0,2017-07-04,2017
SAJ,,5.0,2017-07-05,2017
SAJ,lodolni01,5.0,2017-07-06,2017
SAJ,kowarja01,49.0,2017-07-07,2017
SAJ,carraca01,5.0,2017-07-08,2017
SAJ,cuevawi01,5.0,2017-07-09,2017
SAJ,kowarja01,7.0,2017-07-14,2017
SAJ,lodolni01,,2017-07-15,2017
SAJ,brubajt01,11.0,2017-07-16,2017
SAJ,carraca01,9.0,2017-07-17,2017
SAJ,cuevawi01,9.0,2017-07-18,2017
SAJ,kowarja01,5.0,2017-07-19,2017
SAJ,lodolni01,,2017-07-20,2017
SAJ,brubajt01,5.0,2017-07-21,2017
SAJ,,5.0,2017-07-22,2017
SAJ,cuevawi01,5.0,2017-07-23,2017
SAJ,lodolni01,4.0,2017-07-24,2017
SAJ,bakerbr01,96.0,2017-07-25,2017
SAJ,brubajt01,5.0,2017-07-26,2017
SAJ,carraca01,5.0,2017-07-27,2017
SAJ,cuevawi01,5.0,2017-07-28,2017
SAJ,lodolni01,5.0,2017-07-29,2017
SAJ,bakerbr01,5.0,2017-07-30,2017
SAJ,brubajt01,5.0,2017-07-31,2017
SAJ,cuevawi01,,2018-03-29,2018
SAJ,,,2018-03-30,2018
SAJ,,,2018-03-31,2018
SAJ,carraca01,,2018-04-01,2018
SAJ,,,2018-04-02,2018
SAJ,cuevawi01,5.0,2018-04-03,2018
SAJ,kowarja01,5.0,2018-04-04,2018
SAJ,brubajt01,6.0,2018-04-06,2018
SAJ,carraca01,6.0,2018-04-07,2018
SAJ,richaly01,6.0,2018-04-08,2018
SAJ,cuevawi01,6.0,2018-04-09,2018
SAJ,kowarja01,6.0,2018-04-10,2018
SAJ,brubajt01,5.0,2018-04-11,2018
SAJ,carraca01,6.0,2018-04-13,2018
SAJ,ventuyo01,,2018-04-17,2018
SAJ,richaly01,9.0,2018-04-17,2018
SAJ,cuevawi01,9.0,2018-04-18,2018
SAJ,kowarja01,9.0,2018-04-19,2018
SAJ,brubajt01,9.0,2018-04-20,2018
SAJ,carraca01,8.0,2018-04-21,2018
SAJ,richaly01,5.0,2018-04-22,2018
SAJ,cuevawi01,6.0,2018-04-24,2018
SAJ,kowarja01,6.0,2018-04-25,2018
SAJ,brubajt01,6.0,2018-04-26,2018
SAJ,carraca01,6.0,2018-04-27,2018
SAJ,richaly01,6.0,2018-04-28,2018
SAJ,cuevawi01,5.0,2018-04-29,2018
SAJ,kowarja01,5.0,2018-04-30,2018
SAJ,brubajt01,5.0,2018-05-01,2018
SAJ,carraca01,5.0,2018-05-02,2018
SAJ,richaly01,5.0,2018-05-03,2018
SAJ,ventuyo01,,2018-05-03,2018
SAJ,cuevawi01,5.0,2018-05-04,2018
SAJ,kowarja01,5.0,2018-05-05,2018
SAJ,brubajt01,5.0,2018-05-06,2018
SAJ,carraca01,6.0,2018-05-08,2018
SAJ,richaly01,6.0,2018-05-09,2018
SAJ,cuevawi01,6.0,2018-05-10,2018
SAJ,kowarja01,6.0,2018-05-11,2018
SAJ,brubajt01,6.0,2018-05-12,2018
SAJ,ventuyo01,10.0,2018-05-13,2018
SAJ,richaly01,6.0,2018-05-15,2018
SAJ,cuevawi01,6.0,2018-05-16,2018
SAJ,kowarja01,6.0,2018-05-17,2018
SAJ,brubajt01,6.0,2018-05-18,2018
SAJ,delacjo01,,2018-05-19,2018
SAJ,ventuyo01,7.0,2018-05-20,2018
SAJ,cuevawi01,6.0,2018-05-22,2018
SAJ,kowarja01,6.0,2018-05-23,2018
SAJ,brubajt01,6.0,2018-05-24,2018
SAJ,delacjo01,6.0,2018-05-25,2018
SAJ,richaly01,11.0,2018-05-26,2018
SAJ,cuevawi01,5.0,2018-05-27,2018
SAJ,kowarja01,5.0,2018-05-28,2018
SAJ,brubajt01,5.0,2018-05-29,2018
SAJ,delacjo01,5.0,2018-05-30,2018
SAJ,richaly01,6.0,2018-06-01,2018
SAJ,cuevawi01,6.0,2018-06-02,2018
SAJ,kowarja01,6.0,2018-06-03,2018
SAJ,brubajt01,7.0,2018-06-05,2018
SAJ,delacjo01,,2018-06-06,2018
SAJ,,6.0,2018-06-07,2018
SAJ,cuevawi01,6.0,2018-06-08,2018
SAJ,kowarja01,6.0,2018-06-09,2018
SAJ,brubajt01,5.0,2018-06-10,2018
SAJ,delacjo01,5.0,2018-06-11,2018
SAJ,richaly01,5.0,2018-06-12,2018
SAJ,cuevawi01,5.0,2018-06-13,2018
SAJ,kowarja01,6.0,2018-06-15,2018
SAJ,brubajt01,6.0,2018-06-16,2018
SAJ,delacjo01,6.0,2018-06-17,2018
SAJ,richaly01,7.0,2018-06-19,2018
SAJ,cuevawi01,,2018-06-20,2018
SAJ,kowarja01,6.0,2018-06-21,2018
SAJ,brubajt01,6.0,2018-06-22,2018
SAJ,carraca01,,2018-06-23,2018
SAJ,delacjo01,7.0,2018-06-24,2018
SAJ,cuevawi01,5.0,2018-06-25,2018
SAJ,,,2018-06-26,2018
SAJ,brubajt01,5.0,2018-06-27,2018
SAJ,carraca01,6.0,2018-06-29,2018
SAJ,delacjo01,6.0,2018-06-30,2018
SAJ,cuevawi01,6.0,2018-07-01,2018
SAJ,sotogr01,6.0,2018-07-02,2018
SAJ,brubajt01,6.0,2018-07-03,2018
SAJ,carraca01,5.0,2018-07-04,2018
SAJ,,6.0,2018-07-06,2018
SAJ,cuevawi01,6.0,2018-07-07,2018
SAJ,sotogr01,6.0,2018-07-08,2018
SAJ,carraca01,6.0,2018-07-10,2018
SAJ,,5.0,2018-07-11,2018
SAJ,cuevawi01,5.0,2018-07-12,2018
SAJ,sotogr01,5.0,2018-07-13,2018
SAJ,delacjo01,3.0,2018-07-14,2018
SAJ,carraca01,5.0,2018-07-15,2018
SAJ,delacjo01,6.0,2018-07-20,2018
SAJ,carraca01,6.0,2018-07-21,2018
SAJ,cuevawi01,10.0,2018-07-22,2018
SAJ,,,2018-07-23,2018
SAJ,,11.0,2018-07-24,2018
SAJ,delacjo01,5.0,2018-07-25,2018
SAJ,carraca01,6.0,2018-07-27,2018
SAJ,,,2018-07-28,2018
SAJ,sotogr01,5.0,2018-07-29,2018
SAJ,brubajt01,27.0,2018-07-30,2018
SAJ,delacjo01,6.0,2018-07-31,2018
SAJ,carraca01,,2019-03-28,2019
SAJ,oviedjo01,,2019-03-29,2019
SAJ,kowarja01,,2019-03-30,2019
SAJ,jayemy01,,2019-03-31,2019
SAJ,pillty01,,2019-04-01,2019
SAJ,carraca01,5.0,2019-04-02,2019
SAJ,oviedjo01,,2019-04-03,2019
SAJ,kowarja01,5.0,2019-04-04,2019
SAJ,jayemy01,5.0,2019-04-05,2019
SAJ,givenmy01,,2019-04-06,2019
SAJ,carraca01,5.0,2019-04-07,2019
SAJ,,6.0,2019-04-09,2019
SAJ,kowarja01,7.0,2019-04-11,2019
SAJ,jayemy01,7.0,2019-04-12,2019
SAJ,,,2019-04-13,2019
SAJ,carraca01,7.0,2019-04-14,2019
SAJ,oviedjo01,6.0,2019-04-15,2019
SAJ,kowarja01,5.0,2019-04-16,2019
SAJ,jayemy01,5.0,2019-04-17,2019
SAJ,cabrege01,5.0,2019-04-18,2019
SAJ,carraca01,5.0,2019-04-19,2019
SAJ,oviedjo01,5.0,2019-04-20,2019
SAJ,kowarja01,5.0,2019-04-21,2019
SAJ,jayemy01,6.0,2019-04-23,2019
SAJ,cabrege01,6.0,2019-04-24,2019
SAJ,carraca01,7.0,2019-04-26,2019
SAJ,kowarja01,,2019-04-27,2019
SAJ,jayemy01,5.0,2019-04-28,2019
SAJ,cabrege01,6.0,2019-04-30,2019
SAJ,carraca01,5.0,2019-05-01,2019
SAJ,kowarja01,5.0,2019-05-02,2019
SAJ,jayemy01,5.0,2019-05-03,2019
SAJ,givenmy01,28.0,2019-05-04,2019
SAJ,cabrege01,5.0,2019-05-05,2019
SAJ,carraca01,5.0,2019-05-06,2019
SAJ,kowarja01,5.0,2019-05-07,2019
SAJ,jayemy01,5.0,2019-05-08,2019
SAJ,petityu01,,2019-05-10,2019
SAJ,,5.0,2019-05-11,2019
SAJ,kowarja01,5.0,2019-05-12,2019
SAJ,jayemy01,6.0,2019-05-14,2019
SAJ,mckaybr01,,2019-05-15,2019
SAJ,carraca01,5.0,2019-05-16,2019
SAJ,kowarja01,5.0,2019-05-17,2019
SAJ,colonba01,,2019-05-18,2019
SAJ,jayemy01,5.0,2019-05-19,2019
SAJ,mckaybr01,5.0,2019-05-20,2019
SAJ,carraca01,5.0,2019-05-21,2019
SAJ,kowarja01,5.0,2019-05-22,2019
SAJ,kiliaca01,,2019-05-23,2019
SAJ,jayemy01,5.0,2019-05-24,2019
SAJ,mckaybr01,5.0,2019-05-25,2019
SAJ,carraca01,5.0,2019-05-26,2019
SAJ,,5.0,2019-05-27,2019
SAJ,kiliaca01,5.0,2019-05-28,2019
SAJ,jayemy01,5.0,2019-05-29,2019
SAJ,mckaybr01,6.0,2019-05-31,2019
SAJ,carraca01,6.0,2019-06-01,2019
SAJ,kowarja01,6.0,2019-06-02,2019
SAJ,kiliaca01,,2019-06-04,2019
SAJ,,7.0,2019-06-05,2019
SAJ,mckaybr01,6.0,2019-06-06,2019
SAJ,carraca01,6.0,2019-06-07,2019
SAJ,kowarja01,6.0,2019-06-08,2019
SAJ,kiliaca01,5.0,2019-06-09,2019
SAJ,jayemy01,6.0,2019-06-11,2019
SAJ,aguiaju01,,2019-06-12,2019
SAJ,carraca01,6.0,2019-06-13,2019
SAJ,kowarja01,6.0,2019-06-14,2019
SAJ,,6.0,2019-06-15,2019
SAJ,jayemy01,5.0,2019-06-16,2019
SAJ,aguiaju01,5.0,2019-06-17,2019
SAJ,carraca01,5.0,2019-06-18,2019
SAJ,,5.0,2019-06-19,2019
SAJ,kiliaca01,5.0,2019-06-20,2019
SAJ,jayemy01,5.0,2019-06-21,2019
SAJ,aguiaju01,5.0,2019-06-22,2019
SAJ,carraca01,5.0,2019-06-23,2019
SAJ,,5.0,2019-06-24,2019
SAJ,kiliaca01,5.0,2019-06-25,2019
SAJ,jayemy01,5.0,2019-06-26,2019
SAJ,pillty01,88.0,2019-06-28,2019
SAJ,carraca01,6.0,2019-06-29,2019
SAJ,kowarja01,6.0,2019-06-30,2019
SAJ,kiliaca01,6.0,2019-07-01,2019
SAJ,,6.0,2019-07-02,2019
SAJ,gantjo01,,2019-07-03,2019
SAJ,aguiaju01,12.0,2019-07-04,2019
SAJ,kowarja01,5.0,2019-07-05,2019
SAJ,kiliaca01,5.0,2019-07-06,2019
SAJ,jayemy01,5.0,2019-07-07,2019
SAJ,kowarja01,7.0,2019-07-12,2019
SAJ,kiliaca01,7.0,2019-07-13,2019
SAJ,,15.0,2019-07-14,2019
SAJ,jayemy01,8.0,2019-07-15,2019
SAJ,pfaadbr01,,2019-07-16,2019
SAJ,kowarja01,5.0,2019-07-17,2019
SAJ,givenmy01,75.0,2019-07-18,2019
SAJ,carraca01,5.0,2019-07-19,2019
SAJ,jayemy01,5.0,2019-07-20,2019
SAJ,pfaadbr01,5.0,2019-07-21,2019
SAJ,sotogr01,,2019-07-22,2019
SAJ,kowarja01,6.0,2019-07-23,2019
SAJ,carraca01,5.0,2019-07-24,2019
SAJ,pfaadbr01,5.0,2019-07-26,2019
SAJ,sotogr01,5.0,2019-07-27,2019
SAJ,kowarja01,5.0,2019-07-28,2019
SAJ,givenmy01,11.0,2019-07-29,2019
SAJ,pillty01,32.0,2019-07-30,2019
SAJ,pfaadbr01,5.0,2019-07-31,2019
SAJ,tropeni01,,2021-04-01,2021
SAJ,swarmma01,,2021-04-03,2021
SAJ,cessalu01,,2021-04-04,2021
SAJ,zeuchtj01,,2021-04-05,2021
SAJ,becktr01,,2021-04-06,2021
SAJ,tropeni01,6.0,2021-04-07,2021
SAJ,swarmma01,5.0,2021-04-08,2021
SAJ,gantjo01,,2021-04-09,2021
SAJ,zeuchtj01,5.0,2021-04-10,2021
SAJ,mazurad01,,2021-04-12,2021
SAJ,tropeni01,6.0,2021-04-13,2021
SAJ,cessalu01,10.0,2021-04-14,2021
SAJ,lugose01,,2021-04-15,2021
SAJ,,7.0,2021-04-17,2021
SAJ,francjp01,,2021-04-17,2021
SAJ,mazurad01,6.0,2021-04-18,2021
SAJ,tropeni01,7.0,2021-04-20,2021
SAJ,jayemy01,,2021-04-21,2021
SAJ,zeuchtj01,6.0,2021-04-23,2021
SAJ,mazurad01,6.0,2021-04-24,2021
SAJ,tropeni01,5.0,2021-04-25,2021
SAJ,jayemy01,6.0,2021-04-27,2021
SAJ,zeuchtj01,5.0,2021-04-28,2021
SAJ,mazurad01,6.0,2021-04-30,2021
SAJ,shawbr01,,2021-05-01,2021
SAJ,swarmma01,24.0,2021-05-02,2021
SAJ,zeuchtj01,5.0,2021-05-03,2021
SAJ,lugose01,19.0,2021-05-04,2021
SAJ,,5.0,2021-05-05,2021
SAJ,tropeni01,11.0,2021-05-06,2021
SAJ,swarmma01,5.0,2021-05-07,2021
SAJ,zeuchtj01,5.0,2021-05-08,2021
SAJ,davieza02,,2021-05-09,2021
SAJ,mazurad01,6.0,2021-05-11,2021
SAJ,tropeni01,6.0,2021-05-12,2021
SAJ,swarmma01,6.0,2021-05-13,2021
SAJ,zeuchtj01,6.0,2021-05-14,2021
SAJ,lugose01,11.0,2021-05-15,2021
SAJ,mazurad01,5.0,2021-05-16,2021
SAJ,tropeni01,6.0,2021-05-18,2021
SAJ,swarmma01,6.0,2021-05-19,2021
SAJ,zeuchtj01,6.0,2021-05-20,2021
SAJ,lugose01,6.0,2021-05-21,2021
SAJ,mazurad01,6.0,2021-05-22,2021
SAJ,tropeni01,5.0,2021-05-23,2021
SAJ,jayemy01,,2021-05-24,2021
SAJ,zeuchtj01,5.0,2021-05-25,2021
SAJ,danaca01,,2021-05-27,2021
SAJ,mazurad01,5.0,2021-05-27,2021
SAJ,tropeni01,5.0,2021-05-28,2021
SAJ,zeuchtj01,5.0,2021-05-30,2021
SAJ,,11.0,2021-05-30,2021
SAJ,mazurad01,5.0,2021-06-01,2021
SAJ,danaca01,6.0,2021-06-02,2021
SAJ,tropeni01,7.0,2021-06-04,2021
SAJ,swarmma01,6.0,2021-06-05,2021
SAJ,zeuchtj01,7.0,2021-06-06,2021
SAJ,mazurad01,7.0,2021-06-08,2021
SAJ,danaca01,7.0,2021-06-09,2021
SAJ,,6.0,2021-06-10,2021
SAJ,swarmma01,6.0,2021-06-11,2021
SAJ,zeuchtj01,6.0,2021-06-12,2021
SAJ,mazurad01,5.0,2021-06-13,2021
SAJ,danaca01,5.0,2021-06-14,2021
SAJ,tropeni01,5.0,2021-06-15,2021
SAJ,swarmma01,5.0,2021-06-16,2021
SAJ,cessalu01,64.0,2021-06-17,2021
SAJ,mazurad01,5.0,2021-06-18,2021
SAJ,danaca01,5.0,2021-06-19,2021
SAJ,,5.0,2021-06-20,2021
SAJ,swarmma01,6.0,2021-06-22,2021
SAJ,mazurad01,5.0,2021-06-23,2021
SAJ,lugose01,,2021-06-24,2021
SAJ,danaca01,6.0,2021-06-25,2021
SAJ,tropeni01,6.0,2021-06-26,2021
SAJ,swarmma01,5.0,2021-06-27,2021
SAJ,mazurad01,6.0,2021-06-29,2021
SAJ,zeuchtj01,18.0,2021-06-30,2021
SAJ,tropeni01,5.0,2021-07-01,2021
SAJ,danaca01,7.0,2021-07-02,2021
SAJ,swarmma01,6.0,2021-07-03,2021
SAJ,mazurad01,5.0,2021-07-04,2021
SAJ,zeuchtj01,6.0,2021-07-06,2021
SAJ,,6.0,2021-07-07,2021
SAJ,danaca01,7.0,2021-07-09,2021
SAJ,swarmma01,7.0,2021-07-10,2021
SAJ,mazurad01,7.0,2021-07-11,2021
SAJ,mazurad01,5.0,2021-07-16,2021
SAJ,tropeni01,11.0,2021-07-18,2021
SAJ,zeuchtj01,12.0,2021-07-18,2021
SAJ,swarmma01,9.0,2021-07-19,2021
SAJ,mazurad01,5.0,2021-07-21,2021
SAJ,zeuchtj01,5.0,2021-07-23,2021
SAJ,tropeni01,6.0,2021-07-24,2021
SAJ,swarmma01,6.0,2021-07-25,2021
SAJ,rowlech01,,2021-07-26,2021
SAJ,zeuchtj01,5.0,2021-07-28,2021
SAJ,mazurad01,7.0,2021-07-28,2021
SAJ,tropeni01,5.0,2021-07-29,2021
SAJ,swarmma01,5.0,2021-07-30,2021
SAJ,danaca01,22.0,2021-07-31,2021
SAJ,leonedo01,,2022-04-08,2022
SAJ,dunnju01,,2022-04-09,2022
SAJ,tropeni01,,2022-04-10,2022
SAJ,danaca01,,2022-04-11,2022
SAJ,,,2022-04-12,2022
SAJ,leonedo01,5.0,2022-04-13,2022
SAJ,dunnju01,5.0,2022-04-14,2022
SAJ,swarmma01,,2022-04-15,2022
SAJ,,6.0,2022-04-16,2022
SAJ,danaca01,6.0,2022-04-17,2022
SAJ,bolsimi01,7.0,2022-04-19,2022
SAJ,leonedo01,7.0,2022-04-20,2022
SAJ,dunnju01,7.0,2022-04-21,2022
SAJ,swarmma01,7.0,2022-04-22,2022
SAJ,danaca01,6.0,2022-04-23,2022
SAJ,bolsimi01,5.0,2022-04-24,2022
SAJ,leonedo01,5.0,2022-04-25,2022
SAJ,dunnju01,5.0,2022-04-26,2022
SAJ,swarmma01,5.0,2022-04-27,2022
SAJ,danaca01,5.0,2022-04-28,2022
SAJ,bolsimi01,5.0,2022-04-29,2022
SAJ,leonedo01,5.0,2022-04-30,2022
SAJ,dunnju01,5.0,2022-05-01,2022
SAJ,swarmma01,5.0,2022-05-02,2022
SAJ,danaca01,5.0,2022-05-03,2022
SAJ,bolsimi01,5.0,2022-05-04,2022
SAJ,leonedo01,5.0,2022-05-05,2022
SAJ,dunnju01,,2022-05-07,2022
SAJ,swarmma01,5.0,2022-05-07,2022
SAJ,danaca01,5.0,2022-05-08,2022
SAJ,bolsimi01,6.0,2022-05-10,2022
SAJ,leonedo01,6.0,2022-05-11,2022
SAJ,dunnju01,6.0,2022-05-13,2022
SAJ,tropeni01,28.0,2022-05-14,2022
SAJ,danaca01,7.0,2022-05-15,2022
SAJ,bolsimi01,6.0,2022-05-16,2022
SAJ,leonedo01,,2022-05-17,2022
SAJ,dunnju01,5.0,2022-05-18,2022
SAJ,tropeni01,6.0,2022-05-20,2022
SAJ,danaca01,6.0,2022-05-21,2022
SAJ,bolsimi01,6.0,2022-05-22,2022
SAJ,leonedo01,6.0,2022-05-23,2022
SAJ,dunnju01,6.0,2022-05-24,2022
SAJ,tropeni01,6.0,2022-05-26,2022
SAJ,,6.0,2022-05-27,2022
SAJ,,6.0,2022-05-28,2022
SAJ,,6.0,2022-05-29,2022
SAJ,dunnju01,7.0,2022-05-31,2022
SAJ,tropeni01,,2022-06-01,2022
SAJ,danaca01,6.0,2022-06-02,2022
SAJ,bolsimi01,6.0,2022-06-03,2022
SAJ,leonedo01,6.0,2022-06-04,2022
SAJ,dunnju01,5.0,2022-06-05,2022
SAJ,swarmma01,30.0,2022-06-06,2022
SAJ,danaca01,5.0,2022-06-07,2022
SAJ,bolsimi01,5.0,2022-06-08,2022
SAJ,leonedo01,6.0,2022-06-10,2022
SAJ,dunnju01,6.0,2022-06-11,2022
SAJ,swarmma01,6.0,2022-06-12,2022
SAJ,danaca01,6.0,2022-06-13,2022
SAJ,bolsimi01,,2022-06-14,2022
SAJ,,5.0,2022-06-15,2022
SAJ,dunnju01,5.0,2022-06-16,2022
SAJ,,5.0,2022-06-17,2022
SAJ,danaca01,5.0,2022-06-18,2022
SAJ,bolsimi01,5.0,2022-06-19,2022
SAJ,leonedo01,5.0,2022-06-20,2022
SAJ,dunnju01,,2022-06-21,2022
SAJ,swarmma01,,2022-06-22,2022
SAJ,danaca01,6.0,2022-06-24,2022
SAJ,bolsimi01,6.0,2022-06-25,2022
SAJ,,6.0,2022-06-26,2022
SAJ,dunnju01,6.0,2022-06-27,2022
SAJ,swarmma01,6.0,2022-06-28,2022
SAJ,danaca01,5.0,2022-06-29,2022
SAJ,,5.0,2022-06-30,2022
SAJ,leonedo01,5.0,2022-07-01,2022
SAJ,dunnju01,5.0,2022-07-02,2022
SAJ,rowlech01,,2022-07-02,2022
SAJ,swarmma01,5.0,2022-07-03,2022
SAJ,danaca01,5.0,2022-07-04,2022
SAJ,bolsimi01,5.0,2022-07-05,2022
SAJ,leonedo01,5.0,2022-07-06,2022
SAJ,benjawe01,,2022-07-07,2022
SAJ,swarmma01,5.0,2022-07-08,2022
SAJ,danaca01,5.0,2022-07-09,2022
SAJ,,,2022-07-10,2022
SAJ,leonedo01,6.0,2022-07-12,2022
SAJ,swarmma01,5.0,2022-07-13,2022
SAJ,dunnju01,12.0,2022-07-14,2022
SAJ,danaca01,6.0,2022-07-15,2022
SAJ,,6.0,2022-07-16,2022
SAJ,leonedo01,5.0,2022-07-17,2022
SAJ,dunnju01,8.0,2022-07-22,2022
SAJ,danaca01,8.0,2022-07-23,2022
SAJ,swarmma01,11.0,2022-07-24,2022
SAJ,leonedo01,9.0,2022-07-26,2022
SAJ,dunnju01,5.0,2022-07-27,2022
SAJ,bolsimi01,23.0,2022-07-28,2022
SAJ,danaca01,6.0,2022-07-29,2022
SAJ,swarmma01,6.0,2022-07-30,2022
SAJ,leonedo01,5.0,2022-07-31,2022
SAJ,danaca01,,2023-03-30,2023
SAJ,dunnju01,,2023-04-01,2023
SAJ,jeffrje01,,2023-04-02,2023
SAJ,,,2023-04-03,2023
SAJ,,,2023-04-04,2023
SAJ,danaca01,,2023-04-05,2023
SAJ,dunnju01,5.0,2023-04-06,2023
SAJ,jeffrje01,5.0,2023-04-07,2023
SAJ,leonedo01,5.0,2023-04-08,2023
SAJ,bolsimi01,5.0,2023-04-09,2023
SAJ,danaca01,6.0,2023-04-11,2023
SAJ,dunnju01,,2023-04-12,2023
SAJ,jeffrje01,6.0,2023-04-13,2023
SAJ,leonedo01,6.0,2023-04-14,2023
SAJ,bolsimi01,6.0,2023-04-15,2023
SAJ,danaca01,5.0,2023-04-16,2023
SAJ,dunnju01,5.0,2023-04-17,2023
SAJ,,5.0,2023-04-18,2023
SAJ,leonedo01,5.0,2023-04-19,2023
SAJ,bolsimi01,6.0,2023-04-21,2023
SAJ,danaca01,6.0,2023-04-22,2023
SAJ,dunnju01,6.0,2023-04-23,2023
SAJ,jeffrje01,6.0,2023-04-24,2023
SAJ,leonedo01,,2023-04-25,2023
SAJ,bolsimi01,5.0,2023-04-26,2023
SAJ,,6.0,2023-04-28,2023
SAJ,dunnju01,6.0,2023-04-29,2023
SAJ,jeffrje01,6.0,2023-04-30,2023
SAJ,leonedo01,6.0,2023-05-01,2023
SAJ,bolsimi01,6.0,2023-05-02,2023
SAJ,danaca01,5.0,2023-05-03,2023
SAJ,dunnju01,5.0,2023-05-04,2023
SAJ,jeffrje01,5.0,2023-05-05,2023
SAJ,,5.0,2023-05-06,2023
SAJ,bolsimi01,,2023-05-07,2023
SAJ,danaca01,6.0,2023-05-09,2023
SAJ,dunnju01,6.0,2023-05-10,2023
SAJ,jeffrje01,7.0,2023-05-12,2023
SAJ,leonedo01,7.0,2023-05-13,2023
SAJ,bolsimi01,7.0,2023-05-14,2023
SAJ,danaca01,6.0,2023-05-15,2023
SAJ,dunnju01,6.0,2023-05-16,2023
SAJ,jeffrje01,5.0,2023-05-17,2023
SAJ,leonedo01,5.0,2023-05-18,2023
SAJ,bolsimi01,5.0,2023-05-19,2023
SAJ,danaca01,5.0,2023-05-20,2023
SAJ,dunnju01,5.0,2023-05-21,2023
SAJ,jeffrje01,5.0,2023-05-22,2023
SAJ,leonedo01,5.0,2023-05-23,2023
SAJ,bolsimi01,5.0,2023-05-24,2023
SAJ,danaca01,5.0,2023-05-25,2023
SAJ,dunnju01,5.0,2023-05-26,2023
SAJ,jeffrje01,5.0,2023-05-27,2023
SAJ,leonedo01,5.0,2023-05-28,2023
SAJ,bolsimi01,6.0,2023-05-30,2023
SAJ,danaca01,6.0,2023-05-31,2023
SAJ,dunnju01,6.0,2023-06-01,2023
SAJ,jeffrje01,6.0,2023-06-02,2023
SAJ,leonedo01,6.0,2023-06-03,2023
SAJ,bolsimi01,5.0,2023-06-04,2023
SAJ,danaca01,,2023-06-05,2023
SAJ,dunnju01,5.0,2023-06-06,2023
SAJ,jeffrje01,,2023-06-07,2023
SAJ,leonedo01,5.0,2023-06-08,2023
SAJ,bolsimi01,5.0,2023-06-09,2023
SAJ,wilsobr02,,2023-06-10,2023
SAJ,dunnju01,5.0,2023-06-11,2023
SAJ,jeffrje01,6.0,2023-06-13,2023
SAJ,leonedo01,6.0,2023-06-14,2023
SAJ,bolsimi01,6.0,2023-06-15,2023
SAJ,dunnju01,5.0,2023-06-16,2023
SAJ,wilsobr02,7.0,2023-06-17,2023
SAJ,jeffrje01,5.0,2023-06-18,2023
SAJ,leonedo01,5.0,2023-06-19,2023
SAJ,bolsimi01,5.0,2023-06-20,2023
SAJ,dunnju01,5.0,2023-06-21,2023
SAJ,jeffrje01,5.0,2023-06-23,2023
SAJ,leonedo01,5.0,2023-06-24,2023
SAJ,bolsimi01,5.0,2023-06-25,2023
SAJ,dunnju01,6.0,2023-06-27,2023
SAJ,wilsobr02,11.0,2023-06-28,2023
SAJ,jeffrje01,6.0,2023-06-29,2023
SAJ,leonedo01,6.0,2023-06-30,2023
SAJ,bolsimi01,6.0,2023-07-01,2023
SAJ,,5.0,2023-07-02,2023
SAJ,jeffrje01,5.0,2023-07-04,2023
SAJ,leonedo01,6.0,2023-07-06,2023
SAJ,bolsimi01,5.0,2023-07-06,2023
SAJ,danaca01,32.0,2023-07-07,2023
SAJ,dunnju01,6.0,2023-07-08,2023
SAJ,jeffrje01,5.0,2023-07-09,2023
SAJ,leonedo01,8.0,2023-07-14,2023
SAJ,jeffrje01,6.0,2023-07-15,2023
SAJ,bolsimi01,,2023-07-16,2023
SAJ,danaca01,11.0,2023-07-18,2023
SAJ,leonedo01,5.0,2023-07-19,2023
SAJ,jeffrje01,5.0,2023-07-20,2023
SAJ,bolsimi01,5.0,2023-07-21,2023
SAJ,dunnju01,14.0,2023-07-22,2023
SAJ,danaca01,5.0,2023-07-23,2023
SAJ,leonedo01,5.0,2023-07-24,2023
SAJ,jeffrje01,5.0,2023-07-25,2023
SAJ,bolsimi01,5.0,2023-07-26,2023
SAJ,dunnju01,6.0,2023-07-28,2023
SAJ,danaca01,6.0,2023-07-29,2023
SAJ,leonedo01,6.0,2023-07-30,2023
SAJ,jeffrje01,6.0,2023-07-31,2023
STC,,,2016-04-04,2016
STC,morgaad01,,2016-04-06,2016
STC,bautige01,,2016-04-07,2016
STC,bernabr01,4.0,2016-04-08,2016
STC,mendeyo01,,2016-04-10,2016
STC,morgaad01,5.0,2016-04-11,2016
STC,peralwi01,,2016-04-12,2016
STC,bautige01,6.0,2016-04-13,2016
STC,bernabr01,6.0,2016-04-14,2016
STC,mendeyo01,5.0,2016-04-15,2016
STC,morgaad01,5.0,2016-04-16,2016
STC,peralwi01,7.0,2016-04-19,2016
STC,bautige01,7.0,2016-04-20,2016
STC,bernabr01,7.0,2016-04-21,2016
STC,morgaad01,6.0,2016-04-22,2016
STC,adonjo01,,2016-04-23,2016
STC,peralwi01,5.0,2016-04-24,2016
STC,dunnju01,,2016-04-25,2016
STC,bautige01,6.0,2016-04-26,2016
STC,bernabr01,6.0,2016-04-27,2016
STC,adonjo01,5.0,2016-04-28,2016
STC,peralwi01,5.0,2016-04-29,2016
STC,dunnju01,5.0,2016-04-30,2016
STC,bautige01,5.0,2016-05-01,2016
STC,bernabr01,6.0,2016-05-03,2016
STC,adonjo01,6.0,2016-05-04,2016
STC,dunnju01,5.0,2016-05-05,2016
STC,bautige01,6.0,2016-05-07,2016
STC,peralwi01,8.0,2016-05-07,2016
STC,bernabr01,5.0,2016-05-08,2016
STC,dunnju01,5.0,2016-05-10,2016
STC,adonjo01,7.0,2016-05-11,2016
STC,bautige01,5.0,2016-05-12,2016
STC,bernabr01,5.0,2016-05-13,2016
STC,peralwi01,7.0,2016-05-14,2016
STC,dunnju01,5.0,2016-05-15,2016
STC,bautige01,5.0,2016-05-17,2016
STC,bernabr01,5.0,2016-05-18,2016
STC,adonjo01,8.0,2016-05-19,2016
STC,peralwi01,6.0,2016-05-20,2016
STC,dunnju01,6.0,2016-05-21,2016
STC,bautige01,5.0,2016-05-22,2016
STC,bernabr01,,2016-05-24,2016
STC,adonjo01,6.0,2016-05-25,2016
STC,dunnju01,5.0,2016-05-26,2016
STC,peralwi01,7.0,2016-05-27,2016
STC,bautige01,,2016-05-28,2016
STC,bernabr01,5.0,2016-05-29,2016
STC,adonjo01,5.0,2016-05-30,2016
STC,dunnju01,5.0,2016-05-31,2016
STC,peralwi01,5.0,2016-06-01,2016
STC,bautige01,5.0,2016-06-02,2016
STC,bernabr01,5.0,2016-06-03,2016
STC,adonjo01,5.0,2016-06-04,2016
STC,dunnju01,5.0,2016-06-05,2016
STC,peralwi01,5.0,2016-06-06,2016
STC,bautige01,5.0,2016-06-07,2016
STC,bernabr01,5.0,2016-06-08,2016
STC,adonjo01,5.0,2016-06-09,2016
STC,dunnju01,5.0,2016-06-10,2016
STC,peralwi01,5.0,2016-06-11,2016
STC,bautige01,5.0,2016-06-12,2016
STC,bernabr01,6.0,2016-06-14,2016
STC,dunnju01,5.0,2016-06-15,2016
STC,adonjo01,7.0,2016-06-16,2016
STC,peralwi01,6.0,2016-06-17,2016
STC,,57.0,2016-06-18,2016
STC,bernabr01,5.0,2016-06-19,2016
STC,dunnju01,5.0,2016-06-20,2016
STC,adonjo01,,2016-06-21,2016
STC,bautige01,10.0,2016-06-22,2016
STC,morgaad01,6.0,2016-06-24,2016
STC,dunnju01,5.0,2016-06-25,2016
STC,bernabr01,6.0,2016-06-25,2016
STC,adonjo01,5.0,2016-06-26,2016
STC,bautige01,6.0,2016-06-28,2016
STC,morgaad01,5.0,2016-06-29,2016
STC,bernabr01,5.0,2016-06-30,2016
STC,dunnju01,6.0,2016-07-01,2016
STC,adonjo01,6.0,2016-07-02,2016
STC,bautige01,5.0,2016-07-03,2016
STC,morgaad01,5.0,2016-07-04,2016
STC,bernabr01,5.0,2016-07-05,2016
STC,dunnju01,5.0,2016-07-06,2016
STC,bautige01,5.0,2016-07-08,2016
STC,morgaad01,5.0,2016-07-09,2016
STC,bernabr01,5.0,2016-07-10,2016
STC,morgaad01,6.0,2016-07-15,2016
STC,bernabr01,6.0,2016-07-16,2016
STC,antonte01,,2016-07-17,2016
STC,dunnju01,,2016-07-18,2016
STC,mendeyo01,95.0,2016-07-19,2016
STC,morgaad01,5.0,2016-07-20,2016
STC,bernabr01,5.0,2016-07-21,2016
STC,antonte01,5.0,2016-07-22,2016
STC,dunnju01,5.0,2016-07-23,2016
STC,mendeyo01,5.0,2016-07-24,2016
STC,morgaad01,,2016-07-25,2016
STC,bernabr01,5.0,2016-07-26,2016
STC,antonte01,5.0,2016-07-27,2016
STC,bautige01,20.0,2016-07-28,2016
STC,dunnju01,6.0,2016-07-29,2016
STC,morgaad01,5.0,2016-07-30,2016
STC,bernabr01,5.0,2016-07-31,2016
STC,dunnju01,,2017-04-03,2017
STC,antonte01,,2017-04-05,2017
STC,bautige01,,2017-04-07,2017
STC,dunnju01,5.0,2017-04-08,2017
STC,rodrich01,,2017-04-09,2017
STC,antonte01,6.0,2017-04-11,2017
STC,bautige01,5.0,2017-04-12,2017
STC,dunnju01,,2017-04-13,2017
STC,rodrich01,5.0,2017-04-14,2017
STC,ynoahu01,,2017-04-15,2017
STC,antonte01,5.0,2017-04-16,2017
STC,dunnju01,5.0,2017-04-18,2017
STC,bautige01,7.0,2017-04-19,2017
STC,,6.0,2017-04-20,2017
STC,antonte01,5.0,2017-04-21,2017
STC,snideco01,,2017-04-22,2017
STC,dunnju01,5.0,2017-04-23,2017
STC,bautige01,5.0,2017-04-24,2017
STC,rodrich01,5.0,2017-04-25,2017
STC,antonte01,5.0,2017-04-26,2017
STC,dunnju01,5.0,2017-04-28,2017
STC,bautige01,5.0,2017-04-29,2017
STC,rodrich01,5.0,2017-04-30,2017
STC,antonte01,5.0,2017-05-01,2017
STC,ynoahu01,17.0,2017-05-02,2017
STC,dunnju01,5.0,2017-05-03,2017
STC,,,2017-05-04,2017
STC,rodrich01,5.0,2017-05-05,2017
STC,antonte01,5.0,2017-05-06,2017
STC,bernabr01,,2017-05-07,2017
STC,dunnju01,5.0,2017-05-08,2017
STC,bautige01,10.0,2017-05-09,2017
STC,rodrich01,5.0,2017-05-10,2017
STC,antonte01,6.0,2017-05-12,2017
STC,bernabr01,6.0,2017-05-13,2017
STC,dunnju01,6.0,2017-05-14,2017
STC,rodrich01,,2017-05-16,2017
STC,bautige01,8.0,2017-05-17,2017
STC,antonte01,6.0,2017-05-18,2017
STC,bernabr01,6.0,2017-05-19,2017
STC,dunnju01,6.0,2017-05-20,2017
STC,rodrich01,5.0,2017-05-21,2017
STC,bautige01,,2017-05-22,2017
STC,antonte01,5.0,2017-05-23,2017
STC,bernabr01,5.0,2017-05-24,2017
STC,dunnju01,6.0,2017-05-26,2017
STC,rodrich01,6.0,2017-05-27,2017
STC,ynoahu01,26.0,2017-05-28,2017
STC,antonte01,6.0,2017-05-29,2017
STC,bernabr01,,2017-05-30,2017
STC,,5.0,2017-05-31,2017
STC,rodrich01,5.0,2017-06-01,2017
STC,ynoahu01,5.0,2017-06-02,2017
STC,antonte01,5.0,2017-06-03,2017
STC,bernabr01,5.0,2017-06-04,2017
STC,dunnju01,6.0,2017-06-06,2017
STC,rodrich01,6.0,2017-06-07,2017
STC,,6.0,2017-06-08,2017
STC,antonte01,6.0,2017-06-09,2017
STC,bernabr01,6.0,2017-06-10,2017
STC,dunnju01,5.0,2017-06-11,2017
STC,,5.0,2017-06-12,2017
STC,ynoahu01,5.0,2017-06-13,2017
STC,,5.0,2017-06-14,2017
STC,bernabr01,5.0,2017-06-15,2017
STC,dunnju01,5.0,2017-06-16,2017
STC,rodrich01,5.0,2017-06-17,2017
STC,bautige01,27.0,2017-06-18,2017
STC,antonte01,5.0,2017-06-19,2017
STC,bernabr01,5.0,2017-06-20,2017
STC,dunnju01,5.0,2017-06-21,2017
STC,rodrich01,,2017-06-22,2017
STC,bautige01,5.0,2017-06-23,2017
STC,antonte01,5.0,2017-06-24,2017
STC,bernabr01,5.0,2017-06-25,2017
STC,dunnju01,6.0,2017-06-27,2017
STC,rodrich01,6.0,2017-06-28,2017
STC,bautige01,6.0,2017-06-29,2017
STC,bernabr01,,2017-06-30,2017
STC,antonte01,7.0,2017-07-01,2017
STC,dunnju01,5.0,2017-07-02,2017
STC,rodrich01,5.0,2017-07-03,2017
STC,,5.0,2017-07-04,2017
STC,snideco01,74.0,2017-07-05,2017
STC,,5.0,2017-07-06,2017
STC,dunnju01,5.0,2017-07-07,2017
STC,rodrich01,5.0,2017-07-08,2017
STC,bautige01,5.0,2017-07-09,2017
STC,dunnju01,7.0,2017-07-14,2017
STC,rodrich01,7.0,2017-07-15,2017
STC,bautige01,7.0,2017-07-16,2017
STC,bernabr01,17.0,2017-07-17,2017
STC,antonte01,12.0,2017-07-18,2017
STC,dunnju01,5.0,2017-07-19,2017
STC,rodrich01,5.0,2017-07-20,2017
STC,bautige01,,2017-07-21,2017
STC,bernabr01,5.0,2017-07-22,2017
STC,antonte01,5.0,2017-07-23,2017
STC,dunnju01,5.0,2017-07-24,2017
STC,rodrich01,5.0,2017-07-25,2017
STC,bautige01,5.0,2017-07-26,2017
STC,bernabr01,6.0,2017-07-28,2017
STC,dunnju01,,2017-07-29,2017
STC,rodrich01,5.0,2017-07-30,2017
STC,bautige01,5.0,2017-07-31,2017
STC,antonte01,,2018-03-29,2018
STC,diazmi02,,2018-03-31,2018
STC,dunnju01,,2018-04-01,2018
STC,bernabr01,,2018-04-02,2018
STC,peralwi01,,2018-04-03,2018
STC,antonte01,6.0,2018-04-04,2018
STC,diazmi02,5.0,2018-04-05,2018
STC,dunnju01,5.0,2018-04-06,2018
STC,bernabr01,5.0,2018-04-07,2018
STC,peralwi01,5.0,2018-04-08,2018
STC,antonte01,5.0,2018-04-09,2018
STC,diazmi02,5.0,2018-04-10,2018
STC,dunnju01,5.0,2018-04-11,2018
STC,bernabr01,6.0,2018-04-13,2018
STC,kendrky01,,2018-04-14,2018
STC,antonte01,6.0,2018-04-15,2018
STC,diazmi02,7.0,2018-04-17,2018
STC,dunnju01,7.0,2018-04-18,2018
STC,kendrky01,5.0,2018-04-19,2018
STC,antonte01,5.0,2018-04-20,2018
STC,,8.0,2018-04-21,2018
STC,diazmi02,,2018-04-22,2018
STC,dunnju01,5.0,2018-04-23,2018
STC,kendrky01,6.0,2018-04-25,2018
STC,antonte01,6.0,2018-04-26,2018
STC,bernabr01,6.0,2018-04-27,2018
STC,diazmi02,6.0,2018-04-28,2018
STC,dunnju01,6.0,2018-04-29,2018
STC,kendrky01,6.0,2018-05-01,2018
STC,antonte01,6.0,2018-05-02,2018
STC,bernabr01,6.0,2018-05-03,2018
STC,diazmi02,6.0,2018-05-04,2018
STC,dunnju01,6.0,2018-05-05,2018
STC,kendrky01,5.0,2018-05-06,2018
STC,antonte01,6.0,2018-05-08,2018
STC,diazmi02,5.0,2018-05-09,2018
STC,,7.0,2018-05-10,2018
STC,dunnju01,6.0,2018-05-11,2018
STC,johnsse01,,2018-05-12,2018
STC,kendrky01,6.0,2018-05-12,2018
STC,antonte01,5.0,2018-05-13,2018
STC,diazmi02,7.0,2018-05-16,2018
STC,dunnju01,6.0,2018-05-17,2018
STC,kendrky01,6.0,2018-05-18,2018
STC,antonte01,6.0,2018-05-19,2018
STC,johnsse01,8.0,2018-05-20,2018
STC,diazmi02,5.0,2018-05-21,2018
STC,dunnju01,5.0,2018-05-22,2018
STC,kendrky01,5.0,2018-05-23,2018
STC,antonte01,5.0,2018-05-24,2018
STC,johnsse01,5.0,2018-05-25,2018
STC,diazmi02,,2018-05-26,2018
STC,dunnju01,5.0,2018-05-27,2018
STC,kendrky01,5.0,2018-05-28,2018
STC,antonte01,5.0,2018-05-29,2018
STC,johnsse01,,2018-05-30,2018
STC,diazmi02,6.0,2018-06-01,2018
STC,dunnju01,6.0,2018-06-02,2018
STC,kendrky01,8.0,2018-06-05,2018
STC,antonte01,8.0,2018-06-06,2018
STC,johnsse01,8.0,2018-06-07,2018
STC,diazmi02,7.0,2018-06-08,2018
STC,,7.0,2018-06-09,2018
STC,kendrky01,5.0,2018-06-10,2018
STC,antonte01,5.0,2018-06-11,2018
STC,johnsse01,5.0,2018-06-12,2018
STC,haleda02,,2018-06-13,2018
STC,dunnju01,6.0,2018-06-15,2018
STC,kendrky01,6.0,2018-06-16,2018
STC,antonte01,6.0,2018-06-17,2018
STC,johnsse01,7.0,2018-06-19,2018
STC,diazmi02,,2018-06-20,2018
STC,dunnju01,6.0,2018-06-21,2018
STC,kendrky01,,2018-06-22,2018
STC,antonte01,6.0,2018-06-23,2018
STC,johnsse01,5.0,2018-06-24,2018
STC,diazmi02,5.0,2018-06-25,2018
STC,dunnju01,5.0,2018-06-26,2018
STC,kendrky01,5.0,2018-06-27,2018
STC,martida03,,2018-06-28,2018
STC,johnsse01,5.0,2018-06-29,2018
STC,diazmi02,5.0,2018-06-30,2018
STC,dunnju01,,2018-07-01,2018
STC,kendrky01,,2018-07-03,2018
STC,haleda02,21.0,2018-07-04,2018
STC,diazmi02,,2018-07-05,2018
STC,antonte01,13.0,2018-07-06,2018
STC,dunnju01,6.0,2018-07-07,2018
STC,kendrky01,5.0,2018-07-08,2018
STC,martida03,11.0,2018-07-09,2018
STC,haleda02,5.0,2018-07-09,2018
STC,diazmi02,5.0,2018-07-10,2018
STC,antonte01,5.0,2018-07-11,2018
STC,dunnju01,5.0,2018-07-12,2018
STC,kendrky01,5.0,2018-07-13,2018
STC,haleda02,5.0,2018-07-14,2018
STC,hollade01,,2018-07-15,2018
STC,antonte01,9.0,2018-07-20,2018
STC,kendrky01,8.0,2018-07-21,2018
STC,diazmi02,12.0,2018-07-22,2018
STC,dunnju01,11.0,2018-07-23,2018
STC,,10.0,2018-07-24,2018
STC,kendrky01,5.0,2018-07-26,2018
STC,diazmi02,5.0,2018-07-27,2018
STC,dunnju01,,2018-07-28,2018
STC,antonte01,9.0,2018-07-29,2018
STC,haleda02,7.0,2018-07-31,2018
STC,diazmi02,,2019-03-28,2019
STC,baezmi01,,2019-03-30,2019
STC,antonte01,,2019-03-31,2019
STC,johnsse01,,2019-04-01,2019
STC,,5.0,2019-04-02,2019
STC,baezmi01,4.0,2019-04-03,2019
STC,kendrky01,,2019-04-04,2019
STC,antonte01,6.0,2019-04-06,2019
STC,johnsse01,6.0,2019-04-07,2019
STC,diazmi02,6.0,2019-04-08,2019
STC,verrelo01,,2019-04-09,2019
STC,kellemi03,,2019-04-10,2019
STC,antonte01,5.0,2019-04-11,2019
STC,johnsse01,5.0,2019-04-12,2019
STC,diazmi02,5.0,2019-04-13,2019
STC,verrelo01,5.0,2019-04-14,2019
STC,kellemi03,5.0,2019-04-15,2019
STC,antonte01,5.0,2019-04-16,2019
STC,johnsse01,,2019-04-17,2019
STC,diazmi02,5.0,2019-04-18,2019
STC,kellemi03,5.0,2019-04-20,2019
STC,kendrky01,16.0,2019-04-20,2019
STC,antonte01,5.0,2019-04-21,2019
STC,johnsse01,5.0,2019-04-22,2019
STC,diazmi02,,2019-04-23,2019
STC,verrelo01,10.0,2019-04-24,2019
STC,kendrky01,6.0,2019-04-26,2019
STC,kellemi03,7.0,2019-04-27,2019
STC,antonte01,7.0,2019-04-28,2019
STC,verrelo01,5.0,2019-04-29,2019
STC,johnsse01,9.0,2019-05-01,2019
STC,diazmi02,8.0,2019-05-01,2019
STC,kellemi03,6.0,2019-05-03,2019
STC,antonte01,6.0,2019-05-04,2019
STC,verrelo01,7.0,2019-05-06,2019
STC,johnsse01,6.0,2019-05-07,2019
STC,diazmi02,7.0,2019-05-08,2019
STC,kellemi03,7.0,2019-05-10,2019
STC,antonte01,7.0,2019-05-11,2019
STC,verrelo01,6.0,2019-05-12,2019
STC,diazmi02,7.0,2019-05-15,2019
STC,johnsse01,8.0,2019-05-15,2019
STC,kellemi03,6.0,2019-05-16,2019
STC,antonte01,,2019-05-17,2019
STC,verrelo01,6.0,2019-05-18,2019
STC,haleda02,,2019-05-19,2019
STC,diazmi02,5.0,2019-05-20,2019
STC,johnsse01,6.0,2019-05-21,2019
STC,kellemi03,6.0,2019-05-22,2019
STC,antonte01,6.0,2019-05-23,2019
STC,,6.0,2019-05-24,2019
STC,diazmi02,5.0,2019-05-25,2019
STC,johnsse01,5.0,2019-05-26,2019
STC,kerkeor01,,2019-05-27,2019
STC,,5.0,2019-05-28,2019
STC,verrelo01,5.0,2019-05-29,2019
STC,diazmi02,6.0,2019-05-31,2019
STC,johnsse01,6.0,2019-06-01,2019
STC,kerkeor01,6.0,2019-06-02,2019
STC,antonte01,7.0,2019-06-04,2019
STC,verrelo01,7.0,2019-06-05,2019
STC,johnsse01,5.0,2019-06-06,2019
STC,,5.0,2019-06-07,2019
STC,diazmi02,8.0,2019-06-08,2019
STC,antonte01,,2019-06-09,2019
STC,verrelo01,6.0,2019-06-11,2019
STC,,6.0,2019-06-12,2019
STC,kerkeor01,6.0,2019-06-13,2019
STC,monteke01,,2019-06-14,2019
STC,antonte01,6.0,2019-06-15,2019
STC,verrelo01,5.0,2019-06-16,2019
STC,diazmi02,9.0,2019-06-17,2019
STC,kerkeor01,5.0,2019-06-18,2019
STC,martida03,,2019-06-19,2019
STC,,5.0,2019-06-20,2019
STC,contrro01,,2019-06-21,2019
STC,diazmi02,5.0,2019-06-22,2019
STC,kerkeor01,5.0,2019-06-23,2019
STC,,6.0,2019-06-25,2019
STC,antonte01,6.0,2019-06-26,2019
STC,verrelo01,12.0,2019-06-28,2019
STC,diazmi02,7.0,2019-06-29,2019
STC,kerkeor01,7.0,2019-06-30,2019
STC,menezco01,,2019-07-01,2019
STC,hessda01,,2019-07-02,2019
STC,,,2019-07-03,2019
STC,antonte01,9.0,2019-07-05,2019
STC,diazmi02,7.0,2019-07-06,2019
STC,hessda01,5.0,2019-07-07,2019
STC,antonte01,7.0,2019-07-12,2019
STC,verrelo01,10.0,2019-07-13,2019
STC,erlinro01,74.0,2019-07-13,2019
STC,menezco01,13.0,2019-07-14,2019
STC,hessda01,9.0,2019-07-16,2019
STC,,4.0,2019-07-17,2019
STC,verrelo01,6.0,2019-07-19,2019
STC,menezco01,6.0,2019-07-20,2019
STC,hessda01,5.0,2019-07-21,2019
STC,erlinro01,5.0,2019-07-22,2019
STC,antonte01,11.0,2019-07-23,2019
STC,verrelo01,5.0,2019-07-24,2019
STC,martida03,30.0,2019-07-25,2019
STC,hessda01,5.0,2019-07-26,2019
STC,erlinro01,5.0,2019-07-27,2019
STC,antonte01,5.0,2019-07-28,2019
STC,,47.0,2019-07-29,2019
STC,menezco01,10.0,2019-07-30,2019
STC,verrelo01,,2021-04-02,2021
STC,verlaju01,,2021-04-03,2021
STC,hernada02,,2021-04-04,2021
STC,wantzan01,,2021-04-05,2021
STC,crawfku01,,2021-04-06,2021
STC,verrelo01,5.0,2021-04-07,2021
STC,verlaju01,5.0,2021-04-08,2021
STC,hernada02,,2021-04-10,2021
STC,wantzan01,6.0,2021-04-11,2021
STC,verrelo01,6.0,2021-04-13,2021
STC,crawfku01,,2021-04-13,2021
STC,,5.0,2021-04-15,2021
STC,verlaju01,7.0,2021-04-15,2021
STC,wantzan01,5.0,2021-04-16,2021
STC,crawfku01,,2021-04-17,2021
STC,,5.0,2021-04-18,2021
STC,verlaju01,5.0,2021-04-20,2021
STC,hernada02,6.0,2021-04-21,2021
STC,wantzan01,7.0,2021-04-23,2021
STC,hughebr01,,2021-04-24,2021
STC,,7.0,2021-04-25,2021
STC,verlaju01,6.0,2021-04-26,2021
STC,hernada02,6.0,2021-04-27,2021
STC,crawfku01,11.0,2021-04-28,2021
STC,wantzan01,6.0,2021-04-29,2021
STC,verrelo01,5.0,2021-04-30,2021
STC,verlaju01,5.0,2021-05-01,2021
STC,hernada02,5.0,2021-05-02,2021
STC,crawfku01,5.0,2021-05-03,2021
STC,wantzan01,5.0,2021-05-04,2021
STC,verrelo01,5.0,2021-05-05,2021
STC,verlaju01,6.0,2021-05-07,2021
STC,montgmi01,,2021-05-08,2021
STC,,6.0,2021-05-09,2021
STC,wantzan01,6.0,2021-05-10,2021
STC,verrelo01,6.0,2021-05-11,2021
STC,verlaju01,5.0,2021-05-12,2021
STC,crawfku01,5.0,2021-05-14,2021
STC,wantzan01,,2021-05-15,2021
STC,kremede01,,2021-05-16,2021
STC,verlaju01,6.0,2021-05-18,2021
STC,verrelo01,8.0,2021-05-19,2021
STC,crawfku01,,2021-05-20,2021
STC,wantzan01,6.0,2021-05-21,2021
STC,hernada02,20.0,2021-05-22,2021
STC,verlaju01,,2021-05-23,2021
STC,verrelo01,5.0,2021-05-24,2021
STC,crawfku01,5.0,2021-05-25,2021
STC,wantzan01,5.0,2021-05-26,2021
STC,hernada02,5.0,2021-05-27,2021
STC,verlaju01,6.0,2021-05-29,2021
STC,verrelo01,5.0,2021-05-29,2021
STC,kelletr01,,2021-05-30,2021
STC,wantzan01,5.0,2021-05-31,2021
STC,hernada02,5.0,2021-06-01,2021
STC,verlaju01,4.0,2021-06-02,2021
STC,kelletr01,5.0,2021-06-04,2021
STC,verrelo01,7.0,2021-06-05,2021
STC,wantzan01,6.0,2021-06-06,2021
STC,,7.0,2021-06-08,2021
STC,verlaju01,7.0,2021-06-09,2021
STC,kelletr01,7.0,2021-06-11,2021
STC,,6.0,2021-06-12,2021
STC,hernada02,5.0,2021-06-13,2021
STC,crawfku01,20.0,2021-06-14,2021
STC,verlaju01,6.0,2021-06-15,2021
STC,kelletr01,5.0,2021-06-16,2021
STC,wantzan01,5.0,2021-06-17,2021
STC,menezco01,,2021-06-18,2021
STC,crawfku01,5.0,2021-06-19,2021
STC,verlaju01,,2021-06-20,2021
STC,kelletr01,5.0,2021-06-21,2021
STC,wantzan01,5.0,2021-06-22,2021
STC,,5.0,2021-06-23,2021
STC,crawfku01,5.0,2021-06-24,2021
STC,verlaju01,,2021-06-25,2021
STC,kelletr01,5.0,2021-06-26,2021
STC,wantzan01,5.0,2021-06-27,2021
STC,menezco01,5.0,2021-06-28,2021
STC,duggero01,,2021-06-29,2021
STC,verlaju01,5.0,2021-06-30,2021
STC,kelletr01,6.0,2021-07-02,2021
STC,wantzan01,6.0,2021-07-03,2021
STC,menezco01,6.0,2021-07-04,2021
STC,kennebr02,,2021-07-06,2021
STC,verlaju01,7.0,2021-07-07,2021
STC,wantzan01,6.0,2021-07-09,2021
STC,,6.0,2021-07-10,2021
STC,kennebr02,5.0,2021-07-11,2021
STC,kelletr01,14.0,2021-07-16,2021
STC,wantzan01,8.0,2021-07-17,2021
STC,verlaju01,11.0,2021-07-18,2021
STC,kennebr02,8.0,2021-07-19,2021
STC,verrelo01,45.0,2021-07-20,2021
STC,singebr01,,2021-07-21,2021
STC,wantzan01,6.0,2021-07-23,2021
STC,verlaju01,6.0,2021-07-24,2021
STC,verrelo01,5.0,2021-07-25,2021
STC,kennebr02,8.0,2021-07-27,2021
STC,wantzan01,5.0,2021-07-28,2021
STC,singebr01,8.0,2021-07-29,2021
STC,verlaju01,6.0,2021-07-30,2021
STC,verrelo01,6.0,2021-07-31,2021
STC,verrelo01,,2022-04-08,2022
STC,woodtr01,,2022-04-09,2022
STC,pomerdr01,,2022-04-10,2022
STC,hernada02,,2022-04-11,2022
STC,,,2022-04-12,2022
STC,verrelo01,5.0,2022-04-13,2022
STC,woodtr01,6.0,2022-04-15,2022
STC,,6.0,2022-04-16,2022
STC,,6.0,2022-04-17,2022
STC,kennebr02,6.0,2022-04-18,2022
STC,lucasjo02,,2022-04-19,2022
STC,woodtr01,5.0,2022-04-20,2022
STC,pomerdr01,5.0,2022-04-21,2022
STC,hernada02,5.0,2022-04-22,2022
STC,kennebr02,5.0,2022-04-23,2022
STC,lucasjo02,5.0,2022-04-24,2022
STC,woodtr01,6.0,2022-04-26,2022
STC,pomerdr01,6.0,2022-04-27,2022
STC,hernada02,6.0,2022-04-28,2022
STC,moyaga01,,2022-04-29,2022
STC,kennebr02,7.0,2022-04-30,2022
STC,woodtr01,5.0,2022-05-01,2022
STC,pomerdr01,5.0,2022-05-02,2022
STC,hernada02,5.0,2022-05-03,2022
STC,moyaga01,5.0,2022-05-04,2022
STC,kennebr02,5.0,2022-05-05,2022
STC,woodtr01,7.0,2022-05-08,2022
STC,hernada02,5.0,2022-05-08,2022
STC,pomerdr01,7.0,2022-05-09,2022
STC,moyaga01,6.0,2022-05-10,2022
STC,kennebr02,6.0,2022-05-11,2022
STC,marquge01,,2022-05-12,2022
STC,woodtr01,5.0,2022-05-13,2022
STC,hernada02,6.0,2022-05-14,2022
STC,pomerdr01,6.0,2022-05-15,2022
STC,moyaga01,6.0,2022-05-16,2022
STC,kennebr02,6.0,2022-05-17,2022
STC,woodtr01,5.0,2022-05-18,2022
STC,hernada02,5.0,2022-05-19,2022
STC,pomerdr01,5.0,2022-05-20,2022
STC,moyaga01,5.0,2022-05-21,2022
STC,,5.0,2022-05-22,2022
STC,woodtr01,5.0,2022-05-23,2022
STC,,5.0,2022-05-24,2022
STC,pomerdr01,5.0,2022-05-25,2022
STC,moyaga01,6.0,2022-05-27,2022
STC,woodtr01,5.0,2022-05-28,2022
STC,luetglu01,,2022-05-28,2022
STC,hernada02,5.0,2022-05-29,2022
STC,pomerdr01,5.0,2022-05-30,2022
STC,marquge01,19.0,2022-05-31,2022
STC,moyaga01,5.0,2022-06-01,2022
STC,woodtr01,5.0,2022-06-02,2022
STC,hernada02,5.0,2022-06-03,2022
STC,pomerdr01,5.0,2022-06-04,2022
STC,crawfku01,,2022-06-05,2022
STC,,6.0,2022-06-07,2022
STC,woodtr01,7.0,2022-06-09,2022
STC,hernada02,7.0,2022-06-10,2022
STC,pomerdr01,7.0,2022-06-11,2022
STC,crawfku01,7.0,2022-06-12,2022
STC,moyaga01,6.0,2022-06-13,2022
STC,woodtr01,5.0,2022-06-14,2022
STC,hernada02,5.0,2022-06-15,2022
STC,pomerdr01,5.0,2022-06-16,2022
STC,crawfku01,5.0,2022-06-17,2022
STC,moyaga01,5.0,2022-06-18,2022
STC,leeza01,,2022-06-19,2022
STC,woodtr01,,2022-06-21,2022
STC,pomerdr01,6.0,2022-06-22,2022
STC,,6.0,2022-06-23,2022
STC,leeza01,5.0,2022-06-24,2022
STC,kennebr02,34.0,2022-06-25,2022
STC,woodtr01,5.0,2022-06-26,2022
STC,pomerdr01,5.0,2022-06-27,2022
STC,crawfku01,5.0,2022-06-28,2022
STC,leeza01,5.0,2022-06-29,2022
STC,kennebr02,6.0,2022-07-01,2022
STC,woodtr01,6.0,2022-07-02,2022
STC,pomerdr01,6.0,2022-07-03,2022
STC,crawfku01,6.0,2022-07-04,2022
STC,leeza01,6.0,2022-07-05,2022
STC,kennebr02,5.0,2022-07-06,2022
STC,woodtr01,5.0,2022-07-07,2022
STC,pomerdr01,5.0,2022-07-08,2022
STC,crawfku01,5.0,2022-07-09,2022
STC,leeza01,5.0,2022-07-10,2022
STC,woodtr01,5.0,2022-07-12,2022
STC,kennebr02,7.0,2022-07-13,2022
STC,pomerdr01,7.0,2022-07-15,2022
STC,crawfku01,7.0,2022-07-16,2022
STC,woodtr01,5.0,2022-07-17,2022
STC,pomerdr01,,2022-07-22,2022
STC,woodtr01,6.0,2022-07-23,2022
STC,crawfku01,8.0,2022-07-24,2022
STC,leeza01,,2022-07-25,2022
STC,kennebr02,13.0,2022-07-26,2022
STC,pomerdr01,5.0,2022-07-27,2022
STC,woodtr01,5.0,2022-07-28,2022
STC,moyaga01,41.0,2022-07-29,2022
STC,crawfku01,6.0,2022-07-30,2022
STC,leeza01,6.0,2022-07-31,2022
STC,rucindr01,,2023-03-30,2023
STC,crawfku01,,2023-04-01,2023
STC,vargace01,,2023-04-02,2023
STC,moyaga01,,2023-04-03,2023
STC,rucindr01,5.0,2023-04-04,2023
STC,woodal02,,2023-04-05,2023
STC,crawfku01,6.0,2023-04-07,2023
STC,vargace01,6.0,2023-04-08,2023
STC,pomerdr01,,2023-04-09,2023
STC,rucindr01,6.0,2023-04-10,2023
STC,woodal02,6.0,2023-04-11,2023
STC,crawfku01,5.0,2023-04-12,2023
STC,vargace01,5.0,2023-04-13,2023
STC,pomerdr01,5.0,2023-04-14,2023
STC,,5.0,2023-04-15,2023
STC,woodal02,5.0,2023-04-16,2023
STC,crawfku01,6.0,2023-04-18,2023
STC,moyaga01,16.0,2023-04-19,2023
STC,pomerdr01,7.0,2023-04-21,2023
STC,rucindr01,7.0,2023-04-22,2023
STC,woodal02,7.0,2023-04-23,2023
STC,crawfku01,,2023-04-24,2023
STC,moyaga01,6.0,2023-04-25,2023
STC,pomerdr01,5.0,2023-04-26,2023
STC,rucindr01,5.0,2023-04-27,2023
STC,crawfku01,5.0,2023-04-29,2023
STC,woodal02,6.0,2023-04-29,2023
STC,moyaga01,5.0,2023-04-30,2023
STC,pomerdr01,6.0,2023-05-02,2023
STC,rucindr01,6.0,2023-05-03,2023
STC,woodal02,5.0,2023-05-04,2023
STC,crawfku01,6.0,2023-05-05,2023
STC,moyaga01,6.0,2023-05-06,2023
STC,pomerdr01,5.0,2023-05-07,2023
STC,rucindr01,5.0,2023-05-08,2023
STC,woodal02,5.0,2023-05-09,2023
STC,crawfku01,5.0,2023-05-10,2023
STC,moyaga01,6.0,2023-05-12,2023
STC,pomerdr01,6.0,2023-05-13,2023
STC,rucindr01,6.0,2023-05-14,2023
STC,woodal02,6.0,2023-05-15,2023
STC,,6.0,2023-05-16,2023
STC,moyaga01,5.0,2023-05-17,2023
STC,pomerdr01,5.0,2023-05-18,2023
STC,rucindr01,5.0,2023-05-19,2023
STC,woodal02,5.0,2023-05-20,2023
STC,crawfku01,5.0,2023-05-21,2023
STC,moyaga01,6.0,2023-05-23,2023
STC,pomerdr01,6.0,2023-05-24,2023
STC,rucindr01,6.0,2023-05-25,2023
STC,woodal02,6.0,2023-05-26,2023
STC,crawfku01,6.0,2023-05-27,2023
STC,moyaga01,5.0,2023-05-28,2023
STC,pomerdr01,5.0,2023-05-29,2023
STC,rucindr01,5.0,2023-05-30,2023
STC,kelletr01,,2023-05-31,2023
STC,crawfku01,6.0,2023-06-02,2023
STC,moyaga01,6.0,2023-06-03,2023
STC,pomerdr01,6.0,2023-06-04,2023
STC,rucindr01,7.0,2023-06-06,2023
STC,crawfku01,5.0,2023-06-07,2023
STC,moyaga01,5.0,2023-06-08,2023
STC,pomerdr01,5.0,2023-06-09,2023
STC,vargace01,58.0,2023-06-10,2023
STC,rucindr01,5.0,2023-06-11,2023
STC,crawfku01,6.0,2023-06-13,2023
STC,moyaga01,6.0,2023-06-14,2023
STC,pomerdr01,6.0,2023-06-15,2023
STC,vargace01,6.0,2023-06-16,2023
STC,rucindr01,6.0,2023-06-17,2023
STC,crawfku01,5.0,2023-06-18,2023
STC,moyaga01,6.0,2023-06-20,2023
STC,pomerdr01,6.0,2023-06-21,2023
STC,rucindr01,6.0,2023-06-23,2023
STC,crawfku01,6.0,2023-06-24,2023
STC,moyaga01,5.0,2023-06-25,2023
STC,vargace01,10.0,2023-06-26,2023
STC,pomerdr01,6.0,2023-06-27,2023
STC,rucindr01,5.0,2023-06-28,2023
STC,crawfku01,6.0,2023-06-30,2023
STC,moyaga01,,2023-07-01,2023
STC,vargace01,6.0,2023-07-02,2023
STC,pomerdr01,6.0,2023-07-03,2023
STC,,,2023-07-04,2023
STC,crawfku01,5.0,2023-07-05,2023
STC,moyaga01,5.0,2023-07-06,2023
STC,vargace01,5.0,2023-07-07,2023
STC,pomerdr01,5.0,2023-07-08,2023
STC,rucindr01,5.0,2023-07-09,2023
STC,crawfku01,9.0,2023-07-14,2023
STC,rucindr01,6.0,2023-07-15,2023
STC,,10.0,2023-07-16,2023
STC,woodal02,52.0,2023-07-17,2023
STC,pomerdr01,10.0,2023-07-18,2023
STC,crawfku01,5.0,2023-07-19,2023
STC,rucindr01,5.0,2023-07-20,2023
STC,moyaga01,5.0,2023-07-21,2023
STC,woodal02,5.0,2023-07-22,2023
STC,pomerdr01,5.0,2023-07-23,2023
STC,crawfku01,5.0,2023-07-24,2023
STC,rucindr01,5.0,2023-07-25,2023
STC,moyaga01,5.0,2023-07-26,2023
STC,woodal02,6.0,2023-07-28,2023
STC,,6.0,2023-07-29,2023
STC,crawfku01,6.0,2023-07-30,2023
STC,rucindr01,6.0,2023-07-31,2023
UPV,dicker.01,,2016-04-05,2016
UPV,maldoan01,,2016-04-06,2016
UPV,boshebu01,,2016-04-07,2016
UPV,ryanri01,,2016-04-08,2016
UPV,leakemi01,,2016-04-09,2016
UPV,dicker.01,7.0,2016-04-12,2016
UPV,maldoan01,7.0,2016-04-13,2016
UPV,boshebu01,7.0,2016-04-14,2016
UPV,ryanri01,7.0,2016-04-15,2016
UPV,leakemi01,7.0,2016-04-16,2016
UPV,dicker.01,5.0,2016-04-17,2016
UPV,maldoan01,6.0,2016-04-19,2016
UPV,boshebu01,6.0,2016-04-20,2016
UPV,ryanri01,6.0,2016-04-21,2016
UPV,,6.0,2016-04-22,2016
UPV,dicker.01,6.0,2016-04-23,2016
UPV,maldoan01,5.0,2016-04-24,2016
UPV,boshebu01,5.0,2016-04-25,2016
UPV,ryanri01,5.0,2016-04-26,2016
UPV,leakemi01,5.0,2016-04-27,2016
UPV,dicker.01,6.0,2016-04-29,2016
UPV,maldoan01,6.0,2016-04-30,2016
UPV,boshebu01,6.0,2016-05-01,2016
UPV,ryanri01,7.0,2016-05-03,2016
UPV,leakemi01,7.0,2016-05-04,2016
UPV,dicker.01,6.0,2016-05-05,2016
UPV,maldoan01,6.0,2016-05-06,2016
UPV,boshebu01,6.0,2016-05-07,2016
UPV,ryanri01,5.0,2016-05-08,2016
UPV,gonzagi01,,2016-05-09,2016
UPV,dicker.01,5.0,2016-05-10,2016
UPV,maldoan01,5.0,2016-05-11,2016
UPV,boshebu01,5.0,2016-05-12,2016
UPV,ryanri01,5.0,2016-05-13,2016
UPV,gonzagi01,5.0,2016-05-14,2016
UPV,dicker.01,5.0,2016-05-15,2016
UPV,bellaan01,,2016-05-16,2016
UPV,maldoan01,,2016-05-17,2016
UPV,boshebu01,6.0,2016-05-18,2016
UPV,gonzagi01,5.0,2016-05-19,2016
UPV,leakemi01,16.0,2016-05-20,2016
UPV,dicker.01,6.0,2016-05-21,2016
UPV,maldoan01,5.0,2016-05-22,2016
UPV,boshebu01,6.0,2016-05-24,2016
UPV,gonzagi01,6.0,2016-05-25,2016
UPV,leakemi01,6.0,2016-05-26,2016
UPV,dicker.01,6.0,2016-05-27,2016
UPV,maldoan01,6.0,2016-05-28,2016
UPV,boshebu01,5.0,2016-05-29,2016
UPV,gonzagi01,5.0,2016-05-30,2016
UPV,leakemi01,5.0,2016-05-31,2016
UPV,dicker.01,5.0,2016-06-01,2016
UPV,maldoan01,5.0,2016-06-02,2016
UPV,,5.0,2016-06-03,2016
UPV,gonzagi01,5.0,2016-06-04,2016
UPV,leakemi01,5.0,2016-06-05,2016
UPV,dicker.01,5.0,2016-06-06,2016
UPV,maldoan01,5.0,2016-06-07,2016
UPV,boshebu01,5.0,2016-06-08,2016
UPV,gonzagi01,5.0,2016-06-09,2016
UPV,leakemi01,5.0,2016-06-10,2016
UPV,dicker.01,5.0,2016-06-11,2016
UPV,maldoan01,5.0,2016-06-12,2016
UPV,boshebu01,6.0,2016-06-14,2016
UPV,gonzagi01,6.0,2016-06-15,2016
UPV,leakemi01,6.0,2016-06-16,2016
UPV,dicker.01,6.0,2016-06-17,2016
UPV,maldoan01,6.0,2016-06-18,2016
UPV,boshebu01,5.0,2016-06-19,2016
UPV,gonzagi01,6.0,2016-06-21,2016
UPV,leakemi01,6.0,2016-06-22,2016
UPV,dicker.01,7.0,2016-06-24,2016
UPV,maldoan01,7.0,2016-06-25,2016
UPV,boshebu01,7.0,2016-06-26,2016
UPV,gonzagi01,6.0,2016-06-27,2016
UPV,leakemi01,6.0,2016-06-28,2016
UPV,dicker.01,5.0,2016-06-29,2016
UPV,maldoan01,5.0,2016-06-30,2016
UPV,boshebu01,5.0,2016-07-01,2016
UPV,gonzagi01,5.0,2016-07-02,2016
UPV,bellaan01,,2016-07-03,2016
UPV,leakemi01,6.0,2016-07-04,2016
UPV,dicker.01,6.0,2016-07-05,2016
UPV,maldoan01,6.0,2016-07-06,2016
UPV,gonzagi01,5.0,2016-07-07,2016
UPV,bellaan01,5.0,2016-07-08,2016
UPV,leakemi01,5.0,2016-07-09,2016
UPV,,5.0,2016-07-10,2016
UPV,maldoan01,9.0,2016-07-15,2016
UPV,leakemi01,7.0,2016-07-16,2016
UPV,dicker.01,7.0,2016-07-17,2016
UPV,gonzagi01,11.0,2016-07-18,2016
UPV,boshebu01,18.0,2016-07-19,2016
UPV,maldoan01,5.0,2016-07-20,2016
UPV,leakemi01,,2016-07-21,2016
UPV,dicker.01,5.0,2016-07-22,2016
UPV,gonzagi01,5.0,2016-07-23,2016
UPV,boshebu01,5.0,2016-07-24,2016
UPV,maldoan01,5.0,2016-07-25,2016
UPV,leakemi01,5.0,2016-07-26,2016
UPV,dicker.01,,2016-07-27,2016
UPV,gonzagi01,,2016-07-29,2016
UPV,boshebu01,6.0,2016-07-30,2016
UPV,,6.0,2016-07-31,2016
UPV,dicker.01,,2017-04-02,2017
UPV,leakemi01,,2017-04-04,2017
UPV,maldoan01,,2017-04-05,2017
UPV,ryanri01,,2017-04-07,2017
UPV,dicker.01,6.0,2017-04-08,2017
UPV,leakemi01,5.0,2017-04-09,2017
UPV,maldoan01,5.0,2017-04-10,2017
UPV,arihako01,,2017-04-12,2017
UPV,ryanri01,6.0,2017-04-13,2017
UPV,dicker.01,6.0,2017-04-14,2017
UPV,leakemi01,6.0,2017-04-15,2017
UPV,maldoan01,6.0,2017-04-16,2017
UPV,arihako01,5.0,2017-04-17,2017
UPV,ryanri01,5.0,2017-04-18,2017
UPV,dicker.01,,2017-04-19,2017
UPV,leakemi01,6.0,2017-04-21,2017
UPV,maldoan01,6.0,2017-04-22,2017
UPV,arihako01,6.0,2017-04-23,2017
UPV,ryanri01,8.0,2017-04-26,2017
UPV,dicker.01,,2017-04-27,2017
UPV,leakemi01,7.0,2017-04-28,2017
UPV,maldoan01,7.0,2017-04-29,2017
UPV,arihako01,7.0,2017-04-30,2017
UPV,ryanri01,5.0,2017-05-01,2017
UPV,dicker.01,5.0,2017-05-02,2017
UPV,leakemi01,5.0,2017-05-03,2017
UPV,maldoan01,,2017-05-05,2017
UPV,arihako01,,2017-05-06,2017
UPV,ryanri01,6.0,2017-05-07,2017
UPV,dicker.01,6.0,2017-05-08,2017
UPV,leakemi01,6.0,2017-05-09,2017
UPV,maldoan01,6.0,2017-05-11,2017
UPV,arihako01,6.0,2017-05-12,2017
UPV,dicker.01,6.0,2017-05-14,2017
UPV,ryanri01,7.0,2017-05-14,2017
UPV,leakemi01,7.0,2017-05-16,2017
UPV,maldoan01,6.0,2017-05-17,2017
UPV,arihako01,6.0,2017-05-18,2017
UPV,ryanri01,5.0,2017-05-19,2017
UPV,dicker.01,6.0,2017-05-20,2017
UPV,leakemi01,,2017-05-21,2017
UPV,maldoan01,5.0,2017-05-22,2017
UPV,arihako01,5.0,2017-05-23,2017
UPV,ryanri01,5.0,2017-05-24,2017
UPV,dicker.01,,2017-05-26,2017
UPV,,6.0,2017-05-27,2017
UPV,maldoan01,6.0,2017-05-28,2017
UPV,arihako01,6.0,2017-05-29,2017
UPV,,6.0,2017-05-30,2017
UPV,dicker.01,5.0,2017-05-31,2017
UPV,leakemi01,5.0,2017-06-01,2017
UPV,maldoan01,5.0,2017-06-02,2017
UPV,arihako01,5.0,2017-06-03,2017
UPV,ryanri01,5.0,2017-06-04,2017
UPV,dicker.01,,2017-06-06,2017
UPV,leakemi01,6.0,2017-06-07,2017
UPV,maldoan01,6.0,2017-06-08,2017
UPV,arihako01,6.0,2017-06-09,2017
UPV,ryanri01,6.0,2017-06-10,2017
UPV,bellaan01,,2017-06-11,2017
UPV,dicker.01,6.0,2017-06-12,2017
UPV,leakemi01,6.0,2017-06-13,2017
UPV,maldoan01,6.0,2017-06-14,2017
UPV,arihako01,6.0,2017-06-15,2017
UPV,ryanri01,6.0,2017-06-16,2017
UPV,dicker.01,5.0,2017-06-17,2017
UPV,leedy01,,2017-06-18,2017
UPV,maldoan01,6.0,2017-06-20,2017
UPV,arihako01,6.0,2017-06-21,2017
UPV,ryanri01,6.0,2017-06-22,2017
UPV,dicker.01,6.0,2017-06-23,2017
UPV,leedy01,,2017-06-24,2017
UPV,maldoan01,5.0,2017-06-25,2017
UPV,arihako01,5.0,2017-06-26,2017
UPV,ryanri01,5.0,2017-06-27,2017
UPV,dicker.01,5.0,2017-06-28,2017
UPV,leedy01,5.0,2017-06-29,2017
UPV,maldoan01,5.0,2017-06-30,2017
UPV,arihako01,5.0,2017-07-01,2017
UPV,ryanri01,5.0,2017-07-02,2017
UPV,dicker.01,5.0,2017-07-03,2017
UPV,leakemi01,21.0,2017-07-04,2017
UPV,maldoan01,5.0,2017-07-05,2017
UPV,arihako01,6.0,2017-07-07,2017
UPV,ryanri01,6.0,2017-07-08,2017
UPV,,6.0,2017-07-09,2017
UPV,arihako01,7.0,2017-07-14,2017
UPV,ryanri01,7.0,2017-07-15,2017
UPV,,12.0,2017-07-16,2017
UPV,dicker.01,7.0,2017-07-16,2017
UPV,jimenda01,,2017-07-17,2017
UPV,leedy01,19.0,2017-07-18,2017
UPV,arihako01,5.0,2017-07-19,2017
UPV,ryanri01,5.0,2017-07-20,2017
UPV,leakemi01,5.0,2017-07-21,2017
UPV,dicker.01,6.0,2017-07-22,2017
UPV,birdja01,,2017-07-23,2017
UPV,arihako01,6.0,2017-07-25,2017
UPV,ryanri01,6.0,2017-07-26,2017
UPV,leakemi01,6.0,2017-07-27,2017
UPV,dicker.01,6.0,2017-07-28,2017
UPV,birdja01,6.0,2017-07-29,2017
UPV,arihako01,5.0,2017-07-30,2017
UPV,ryanri01,5.0,2017-07-31,2017
UPV,ryanri01,,2018-03-29,2018
UPV,dicker.01,,2018-03-30,2018
UPV,leakemi01,,2018-03-31,2018
UPV,walstbl01,,2018-04-01,2018
UPV,arihako01,,2018-04-03,2018
UPV,ryanri01,6.0,2018-04-04,2018
UPV,dicker.01,6.0,2018-04-05,2018
UPV,leakemi01,6.0,2018-04-06,2018
UPV,walstbl01,6.0,2018-04-07,2018
UPV,arihako01,5.0,2018-04-08,2018
UPV,ryanri01,6.0,2018-04-10,2018
UPV,dicker.01,6.0,2018-04-11,2018
UPV,walstbl01,5.0,2018-04-12,2018
UPV,arihako01,5.0,2018-04-13,2018
UPV,ryanri01,6.0,2018-04-16,2018
UPV,dicker.01,,2018-04-17,2018
UPV,leakemi01,13.0,2018-04-19,2018
UPV,walstbl01,8.0,2018-04-20,2018
UPV,arihako01,8.0,2018-04-21,2018
UPV,ryanri01,6.0,2018-04-22,2018
UPV,dicker.01,,2018-04-23,2018
UPV,leakemi01,5.0,2018-04-24,2018
UPV,walstbl01,5.0,2018-04-25,2018
UPV,arihako01,5.0,2018-04-26,2018
UPV,ryanri01,5.0,2018-04-27,2018
UPV,dicker.01,5.0,2018-04-28,2018
UPV,leakemi01,5.0,2018-04-29,2018
UPV,walstbl01,5.0,2018-04-30,2018
UPV,arihako01,5.0,2018-05-01,2018
UPV,ryanri01,5.0,2018-05-02,2018
UPV,dicker.01,5.0,2018-05-03,2018
UPV,leakemi01,5.0,2018-05-04,2018
UPV,walstbl01,5.0,2018-05-05,2018
UPV,nicolju01,,2018-05-06,2018
UPV,ryanri01,6.0,2018-05-08,2018
UPV,dicker.01,6.0,2018-05-09,2018
UPV,leakemi01,6.0,2018-05-10,2018
UPV,walstbl01,6.0,2018-05-11,2018
UPV,nicolju01,6.0,2018-05-12,2018
UPV,ryanri01,5.0,2018-05-13,2018
UPV,dicker.01,6.0,2018-05-15,2018
UPV,leakemi01,8.0,2018-05-18,2018
UPV,ryanri01,6.0,2018-05-19,2018
UPV,walstbl01,9.0,2018-05-20,2018
UPV,dicker.01,6.0,2018-05-21,2018
UPV,nicolju01,10.0,2018-05-22,2018
UPV,leakemi01,5.0,2018-05-23,2018
UPV,ryanri01,6.0,2018-05-25,2018
UPV,walstbl01,6.0,2018-05-26,2018
UPV,dicker.01,,2018-05-27,2018
UPV,nicolju01,6.0,2018-05-28,2018
UPV,leakemi01,6.0,2018-05-29,2018
UPV,,5.0,2018-05-30,2018
UPV,walstbl01,6.0,2018-06-01,2018
UPV,dicker.01,6.0,2018-06-02,2018
UPV,ryanri01,5.0,2018-06-04,2018
UPV,nicolju01,7.0,2018-06-04,2018
UPV,leakemi01,7.0,2018-06-05,2018
UPV,walstbl01,5.0,2018-06-06,2018
UPV,dicker.01,6.0,2018-06-08,2018
UPV,nicolju01,5.0,2018-06-09,2018
UPV,ryanri01,6.0,2018-06-10,2018
UPV,leakemi01,7.0,2018-06-12,2018
UPV,walstbl01,7.0,2018-06-13,2018
UPV,nicolju01,5.0,2018-06-14,2018
UPV,velasvi01,,2018-06-15,2018
UPV,ryanri01,6.0,2018-06-16,2018
UPV,leakemi01,5.0,2018-06-17,2018
UPV,walstbl01,5.0,2018-06-18,2018
UPV,nicolju01,5.0,2018-06-19,2018
UPV,velasvi01,5.0,2018-06-20,2018
UPV,ryanri01,5.0,2018-06-21,2018
UPV,leakemi01,5.0,2018-06-22,2018
UPV,walstbl01,5.0,2018-06-23,2018
UPV,nicolju01,5.0,2018-06-24,2018
UPV,velasvi01,5.0,2018-06-25,2018
UPV,ryanri01,5.0,2018-06-26,2018
UPV,leedy01,,2018-06-27,2018
UPV,leakemi01,7.0,2018-06-29,2018
UPV,walstbl01,7.0,2018-06-30,2018
UPV,,5.0,2018-07-01,2018
UPV,velasvi01,7.0,2018-07-02,2018
UPV,nicolju01,9.0,2018-07-03,2018
UPV,leakemi01,5.0,2018-07-04,2018
UPV,walstbl01,6.0,2018-07-06,2018
UPV,ryanri01,6.0,2018-07-07,2018
UPV,nicolju01,5.0,2018-07-08,2018
UPV,leakemi01,5.0,2018-07-09,2018
UPV,leedy01,12.0,2018-07-09,2018
UPV,dicker.01,32.0,2018-07-10,2018
UPV,walstbl01,5.0,2018-07-11,2018
UPV,ryanri01,5.0,2018-07-12,2018
UPV,nicolju01,5.0,2018-07-13,2018
UPV,leakemi01,5.0,2018-07-14,2018
UPV,dicker.01,5.0,2018-07-15,2018
UPV,,7.0,2018-07-20,2018
UPV,walstbl01,10.0,2018-07-21,2018
UPV,ryanri01,11.0,2018-07-23,2018
UPV,dicker.01,9.0,2018-07-24,2018
UPV,leedy01,16.0,2018-07-25,2018
UPV,walstbl01,5.0,2018-07-26,2018
UPV,leakemi01,14.0,2018-07-28,2018
UPV,ryanri01,5.0,2018-07-28,2018
UPV,cuevawi01,7.0,2018-07-29,2018
UPV,dicker.01,7.0,2018-07-31,2018
UPV,dicker.01,,2019-03-28,2019
UPV,sadleca02,,2019-03-30,2019
UPV,cuevawi01,,2019-03-31,2019
UPV,nicolju01,,2019-04-01,2019
UPV,dicker.01,5.0,2019-04-02,2019
UPV,velasvi01,,2019-04-03,2019
UPV,sadleca02,5.0,2019-04-04,2019
UPV,cuevawi01,6.0,2019-04-06,2019
UPV,,6.0,2019-04-07,2019
UPV,dicker.01,6.0,2019-04-08,2019
UPV,velasvi01,6.0,2019-04-09,2019
UPV,sadleca02,6.0,2019-04-10,2019
UPV,cuevawi01,6.0,2019-04-12,2019
UPV,leakemi01,,2019-04-13,2019
UPV,dicker.01,6.0,2019-04-14,2019
UPV,,6.0,2019-04-16,2019
UPV,cuevawi01,5.0,2019-04-17,2019
UPV,nicolju01,11.0,2019-04-18,2019
UPV,leakemi01,6.0,2019-04-19,2019
UPV,dicker.01,6.0,2019-04-20,2019
UPV,sadleca02,5.0,2019-04-21,2019
UPV,,5.0,2019-04-22,2019
UPV,nicolju01,5.0,2019-04-23,2019
UPV,leakemi01,5.0,2019-04-24,2019
UPV,dicker.01,5.0,2019-04-25,2019
UPV,sadleca02,5.0,2019-04-26,2019
UPV,cuevawi01,5.0,2019-04-27,2019
UPV,nicolju01,5.0,2019-04-28,2019
UPV,leakemi01,6.0,2019-04-30,2019
UPV,dicker.01,6.0,2019-05-01,2019
UPV,sadleca02,7.0,2019-05-03,2019
UPV,cuevawi01,7.0,2019-05-04,2019
UPV,nicolju01,7.0,2019-05-05,2019
UPV,leakemi01,6.0,2019-05-06,2019
UPV,dicker.01,6.0,2019-05-07,2019
UPV,velasvi01,,2019-05-08,2019
UPV,cuevawi01,5.0,2019-05-09,2019
UPV,nicolju01,5.0,2019-05-10,2019
UPV,leakemi01,5.0,2019-05-11,2019
UPV,dicker.01,5.0,2019-05-12,2019
UPV,nicolju01,5.0,2019-05-15,2019
UPV,cuevawi01,6.0,2019-05-15,2019
UPV,leakemi01,6.0,2019-05-17,2019
UPV,dicker.01,6.0,2019-05-18,2019
UPV,bellaan01,,2019-05-19,2019
UPV,cuevawi01,5.0,2019-05-20,2019
UPV,nicolju01,6.0,2019-05-21,2019
UPV,leakemi01,5.0,2019-05-22,2019
UPV,dicker.01,5.0,2019-05-23,2019
UPV,bellaan01,6.0,2019-05-25,2019
UPV,cuevawi01,5.0,2019-05-25,2019
UPV,nicolju01,5.0,2019-05-26,2019
UPV,,2.0,2019-05-27,2019
UPV,dicker.01,5.0,2019-05-28,2019
UPV,sadleca02,26.0,2019-05-29,2019
UPV,cuevawi01,6.0,2019-05-31,2019
UPV,nicolju01,6.0,2019-06-01,2019
UPV,leakemi01,11.0,2019-06-02,2019
UPV,dicker.01,7.0,2019-06-04,2019
UPV,sadleca02,7.0,2019-06-05,2019
UPV,cuevawi01,6.0,2019-06-06,2019
UPV,nicolju01,6.0,2019-06-07,2019
UPV,leakemi01,6.0,2019-06-08,2019
UPV,bellaan01,13.0,2019-06-09,2019
UPV,sadleca02,6.0,2019-06-11,2019
UPV,dicker.01,7.0,2019-06-11,2019
UPV,cuevawi01,7.0,2019-06-13,2019
UPV,leakemi01,6.0,2019-06-14,2019
UPV,bellaan01,6.0,2019-06-15,2019
UPV,sadleca02,5.0,2019-06-16,2019
UPV,dicker.01,6.0,2019-06-17,2019
UPV,cuevawi01,5.0,2019-06-18,2019
UPV,leakemi01,5.0,2019-06-19,2019
UPV,bellaan01,5.0,2019-06-20,2019
UPV,sadleca02,,2019-06-21,2019
UPV,dicker.01,5.0,2019-06-22,2019
UPV,cuevawi01,5.0,2019-06-23,2019
UPV,leakemi01,,2019-06-24,2019
UPV,bellaan01,5.0,2019-06-25,2019
UPV,sadleca02,5.0,2019-06-26,2019
UPV,dicker.01,7.0,2019-06-29,2019
UPV,guerrju02,,2019-06-30,2019
UPV,sadleca02,6.0,2019-07-02,2019
UPV,nicolju01,26.0,2019-07-03,2019
UPV,cuevawi01,11.0,2019-07-04,2019
UPV,dicker.01,6.0,2019-07-05,2019
UPV,leakemi01,12.0,2019-07-06,2019
UPV,sadleca02,5.0,2019-07-07,2019
UPV,nicolju01,9.0,2019-07-12,2019
UPV,cuevawi01,9.0,2019-07-13,2019
UPV,dicker.01,9.0,2019-07-14,2019
UPV,sadleca02,8.0,2019-07-15,2019
UPV,leakemi01,10.0,2019-07-16,2019
UPV,bellaan01,23.0,2019-07-18,2019
UPV,,6.0,2019-07-18,2019
UPV,cuevawi01,6.0,2019-07-19,2019
UPV,dicker.01,6.0,2019-07-20,2019
UPV,sadleca02,6.0,2019-07-21,2019
UPV,leakemi01,6.0,2019-07-22,2019
UPV,nicolju01,5.0,2019-07-23,2019
UPV,cuevawi01,5.0,2019-07-24,2019
UPV,dicker.01,5.0,2019-07-25,2019
UPV,sadleca02,5.0,2019-07-26,2019
UPV,leakemi01,5.0,2019-07-27,2019
UPV,nicolju01,5.0,2019-07-28,2019
UPV,cuevawi01,6.0,2019-07-30,2019
UPV,dicker.01,6.0,2019-07-31,2019
UPV,phillty01,,2021-04-01,2021
UPV,johnsji04,,2021-04-03,2021
UPV,nicolju01,,2021-04-04,2021
UPV,,,2021-04-05,2021
UPV,phillty01,5.0,2021-04-06,2021
UPV,,,2021-04-07,2021
UPV,johnsji04,6.0,2021-04-09,2021
UPV,nicolju01,6.0,2021-04-10,2021
UPV,arihako01,6.0,2021-04-11,2021
UPV,phillty01,6.0,2021-04-12,2021
UPV,rutleja01,6.0,2021-04-13,2021
UPV,johnsji04,5.0,2021-04-14,2021
UPV,weberry01,,2021-04-16,2021
UPV,arihako01,6.0,2021-04-17,2021
UPV,phillty01,6.0,2021-04-18,2021
UPV,rutleja01,7.0,2021-04-20,2021
UPV,johnsji04,7.0,2021-04-21,2021
UPV,nicolju01,12.0,2021-04-22,2021
UPV,arihako01,6.0,2021-04-23,2021
UPV,phillty01,6.0,2021-04-24,2021
UPV,rutleja01,5.0,2021-04-25,2021
UPV,watkisp01,,2021-04-26,2021
UPV,johnsji04,6.0,2021-04-27,2021
UPV,nicolju01,6.0,2021-04-28,2021
UPV,arihako01,6.0,2021-04-29,2021
UPV,phillty01,6.0,2021-04-30,2021
UPV,rutleja01,6.0,2021-05-01,2021
UPV,johnsji04,5.0,2021-05-02,2021
UPV,nicolju01,6.0,2021-05-04,2021
UPV,arihako01,6.0,2021-05-05,2021
UPV,phillty01,6.0,2021-05-06,2021
UPV,rutleja01,6.0,2021-05-07,2021
UPV,johnsji04,,2021-05-08,2021
UPV,nicolju01,5.0,2021-05-09,2021
UPV,arihako01,6.0,2021-05-11,2021
UPV,phillty01,6.0,2021-05-12,2021
UPV,rutleja01,,2021-05-13,2021
UPV,johnsji04,,2021-05-14,2021
UPV,nicolju01,6.0,2021-05-15,2021
UPV,arihako01,5.0,2021-05-16,2021
UPV,phillty01,5.0,2021-05-17,2021
UPV,rutleja01,5.0,2021-05-18,2021
UPV,johnsji04,5.0,2021-05-19,2021
UPV,nicolju01,5.0,2021-05-20,2021
UPV,arihako01,5.0,2021-05-21,2021
UPV,phillty01,5.0,2021-05-22,2021
UPV,rutleja01,5.0,2021-05-23,2021
UPV,johnsji04,6.0,2021-05-25,2021
UPV,nicolju01,7.0,2021-05-27,2021
UPV,arihako01,6.0,2021-05-27,2021
UPV,phillty01,6.0,2021-05-28,2021
UPV,watkisp01,33.0,2021-05-29,2021
UPV,tarplst01,,2021-05-30,2021
UPV,rutleja01,8.0,2021-05-31,2021
UPV,nicolju01,5.0,2021-06-01,2021
UPV,arihako01,6.0,2021-06-02,2021
UPV,phillty01,6.0,2021-06-03,2021
UPV,tarplst01,5.0,2021-06-04,2021
UPV,,5.0,2021-06-05,2021
UPV,nicolju01,5.0,2021-06-06,2021
UPV,arihako01,6.0,2021-06-08,2021
UPV,,6.0,2021-06-09,2021
UPV,tarplst01,6.0,2021-06-10,2021
UPV,,7.0,2021-06-12,2021
UPV,nicolju01,7.0,2021-06-13,2021
UPV,arihako01,7.0,2021-06-15,2021
UPV,phillty01,7.0,2021-06-16,2021
UPV,,7.0,2021-06-17,2021
UPV,rutleja01,6.0,2021-06-18,2021
UPV,nicolju01,6.0,2021-06-19,2021
UPV,arihako01,5.0,2021-06-20,2021
UPV,phillty01,6.0,2021-06-22,2021
UPV,tarplst01,6.0,2021-06-23,2021
UPV,rutleja01,6.0,2021-06-24,2021
UPV,nicolju01,6.0,2021-06-25,2021
UPV,arihako01,6.0,2021-06-26,2021
UPV,phillty01,5.0,2021-06-27,2021
UPV,tarplst01,,2021-06-28,2021
UPV,rutleja01,5.0,2021-06-29,2021
UPV,nicolju01,5.0,2021-06-30,2021
UPV,arihako01,7.0,2021-07-03,2021
UPV,phillty01,7.0,2021-07-04,2021
UPV,loaisjo01,,2021-07-04,2021
UPV,rutleja01,7.0,2021-07-06,2021
UPV,weberry01,82.0,2021-07-07,2021
UPV,arihako01,5.0,2021-07-08,2021
UPV,loaisjo01,,2021-07-09,2021
UPV,phillty01,6.0,2021-07-10,2021
UPV,rutleja01,5.0,2021-07-11,2021
UPV,arihako01,8.0,2021-07-16,2021
UPV,phillty01,7.0,2021-07-17,2021
UPV,rutleja01,,2021-07-18,2021
UPV,nicolju01,20.0,2021-07-20,2021
UPV,hessda01,,2021-07-21,2021
UPV,arihako01,6.0,2021-07-22,2021
UPV,phillty01,6.0,2021-07-23,2021
UPV,rutleja01,,2021-07-24,2021
UPV,nicolju01,5.0,2021-07-25,2021
UPV,arihako01,5.0,2021-07-27,2021
UPV,loaisjo01,19.0,2021-07-28,2021
UPV,phillty01,6.0,2021-07-29,2021
UPV,rutleja01,6.0,2021-07-30,2021
UPV,nicolju01,6.0,2021-07-31,2021
UPV,phillty01,,2022-04-08,2022
UPV,ryanri01,,2022-04-09,2022
UPV,arihako01,,2022-04-10,2022
UPV,rutleja01,,2022-04-11,2022
UPV,loaisjo01,,2022-04-12,2022
UPV,phillty01,,2022-04-13,2022
UPV,ryanri01,5.0,2022-04-14,2022
UPV,arihako01,5.0,2022-04-15,2022
UPV,rutleja01,5.0,2022-04-16,2022
UPV,loaisjo01,5.0,2022-04-17,2022
UPV,phillty01,6.0,2022-04-19,2022
UPV,ryanri01,6.0,2022-04-20,2022
UPV,arihako01,6.0,2022-04-21,2022
UPV,rutleja01,6.0,2022-04-22,2022
UPV,loaisjo01,6.0,2022-04-23,2022
UPV,phillty01,5.0,2022-04-24,2022
UPV,ryanri01,6.0,2022-04-26,2022
UPV,arihako01,,2022-04-27,2022
UPV,rutleja01,6.0,2022-04-28,2022
UPV,,6.0,2022-04-29,2022
UPV,,6.0,2022-04-30,2022
UPV,ryanri01,5.0,2022-05-01,2022
UPV,arihako01,5.0,2022-05-02,2022
UPV,rutleja01,5.0,2022-05-03,2022
UPV,loaisjo01,5.0,2022-05-04,2022
UPV,phillty01,8.0,2022-05-08,2022
UPV,arihako01,6.0,2022-05-08,2022
UPV,,5.0,2022-05-09,2022
UPV,ryanri01,9.0,2022-05-10,2022
UPV,rutleja01,8.0,2022-05-11,2022
UPV,eovalna01,,2022-05-12,2022
UPV,phillty01,5.0,2022-05-13,2022
UPV,arihako01,6.0,2022-05-14,2022
UPV,loaisjo01,6.0,2022-05-15,2022
UPV,ryanri01,6.0,2022-05-16,2022
UPV,rutleja01,6.0,2022-05-17,2022
UPV,phillty01,5.0,2022-05-18,2022
UPV,arihako01,5.0,2022-05-19,2022
UPV,loaisjo01,6.0,2022-05-21,2022
UPV,ryanri01,6.0,2022-05-22,2022
UPV,rutleja01,5.0,2022-05-22,2022
UPV,phillty01,5.0,2022-05-23,2022
UPV,arihako01,5.0,2022-05-24,2022
UPV,smeltde01,,2022-05-25,2022
UPV,loaisjo01,5.0,2022-05-26,2022
UPV,rutleja01,5.0,2022-05-27,2022
UPV,phillty01,5.0,2022-05-28,2022
UPV,ryanri01,7.0,2022-05-29,2022
UPV,arihako01,7.0,2022-05-31,2022
UPV,rutleja01,6.0,2022-06-02,2022
UPV,loaisjo01,7.0,2022-06-02,2022
UPV,phillty01,6.0,2022-06-03,2022
UPV,,6.0,2022-06-04,2022
UPV,arihako01,5.0,2022-06-05,2022
UPV,rutleja01,5.0,2022-06-07,2022
UPV,loaisjo01,6.0,2022-06-08,2022
UPV,phillty01,6.0,2022-06-09,2022
UPV,ryanri01,6.0,2022-06-10,2022
UPV,arihako01,6.0,2022-06-11,2022
UPV,rutleja01,5.0,2022-06-12,2022
UPV,phillty01,5.0,2022-06-14,2022
UPV,loaisjo01,7.0,2022-06-15,2022
UPV,parkemi01,,2022-06-16,2022
UPV,arihako01,6.0,2022-06-17,2022
UPV,rutleja01,6.0,2022-06-18,2022
UPV,ryanri01,9.0,2022-06-19,2022
UPV,phillty01,6.0,2022-06-20,2022
UPV,loaisjo01,6.0,2022-06-21,2022
UPV,arihako01,5.0,2022-06-22,2022
UPV,rutleja01,5.0,2022-06-23,2022
UPV,ryanri01,5.0,2022-06-24,2022
UPV,phillty01,5.0,2022-06-25,2022
UPV,loaisjo01,5.0,2022-06-26,2022
UPV,arihako01,5.0,2022-06-27,2022
UPV,smeltde01,34.0,2022-06-28,2022
UPV,rutleja01,6.0,2022-06-29,2022
UPV,ryanri01,6.0,2022-06-30,2022
UPV,phillty01,7.0,2022-07-02,2022
UPV,,6.0,2022-07-02,2022
UPV,arihako01,6.0,2022-07-03,2022
UPV,rutleja01,6.0,2022-07-05,2022
UPV,ryanri01,6.0,2022-07-06,2022
UPV,phillty01,5.0,2022-07-07,2022
UPV,loaisjo01,6.0,2022-07-08,2022
UPV,arihako01,,2022-07-09,2022
UPV,rutleja01,5.0,2022-07-10,2022
UPV,phillty01,5.0,2022-07-12,2022
UPV,ryanri01,7.0,2022-07-13,2022
UPV,loaisjo01,6.0,2022-07-14,2022
UPV,arihako01,6.0,2022-07-15,2022
UPV,rutleja01,6.0,2022-07-16,2022
UPV,phillty01,5.0,2022-07-17,2022
UPV,arihako01,6.0,2022-07-21,2022
UPV,nicolju01,,2022-07-21,2022
UPV,rutleja01,6.0,2022-07-22,2022
UPV,phillty01,6.0,2022-07-23,2022
UPV,loaisjo01,10.0,2022-07-24,2022
UPV,arihako01,5.0,2022-07-26,2022
UPV,nicolju01,,2022-07-27,2022
UPV,rutleja01,6.0,2022-07-28,2022
UPV,phillty01,6.0,2022-07-29,2022
UPV,loaisjo01,6.0,2022-07-30,2022
UPV,arihako01,5.0,2022-07-31,2022
UPV,phillty01,,2023-03-30,2023
UPV,parkemi01,,2023-04-01,2023
UPV,medinad01,,2023-04-02,2023
UPV,loaisjo01,,2023-04-03,2023
UPV,nicolju01,,2023-04-04,2023
UPV,phillty01,6.0,2023-04-05,2023
UPV,parkemi01,6.0,2023-04-07,2023
UPV,medinad01,6.0,2023-04-08,2023
UPV,loaisjo01,6.0,2023-04-09,2023
UPV,nicolju01,6.0,2023-04-10,2023
UPV,phillty01,6.0,2023-04-11,2023
UPV,parkemi01,5.0,2023-04-12,2023
UPV,medinad01,5.0,2023-04-13,2023
UPV,loaisjo01,5.0,2023-04-14,2023
UPV,nicolju01,5.0,2023-04-15,2023
UPV,phillty01,5.0,2023-04-16,2023
UPV,parkemi01,6.0,2023-04-18,2023
UPV,,6.0,2023-04-19,2023
UPV,loaisjo01,6.0,2023-04-20,2023
UPV,nicolju01,6.0,2023-04-21,2023
UPV,phillty01,6.0,2023-04-22,2023
UPV,parkemi01,5.0,2023-04-23,2023
UPV,,5.0,2023-04-24,2023
UPV,loaisjo01,5.0,2023-04-25,2023
UPV,nicolju01,5.0,2023-04-26,2023
UPV,phillty01,5.0,2023-04-27,2023
UPV,parkemi01,5.0,2023-04-28,2023
UPV,medinad01,5.0,2023-04-29,2023
UPV,loaisjo01,5.0,2023-04-30,2023
UPV,nicolju01,5.0,2023-05-01,2023
UPV,phillty01,5.0,2023-05-02,2023
UPV,parkemi01,5.0,2023-05-03,2023
UPV,medinad01,6.0,2023-05-05,2023
UPV,nicolju01,5.0,2023-05-06,2023
UPV,phillty01,,2023-05-07,2023
UPV,loaisjo01,8.0,2023-05-08,2023
UPV,parkemi01,6.0,2023-05-09,2023
UPV,medinad01,5.0,2023-05-10,2023
UPV,nicolju01,5.0,2023-05-11,2023
UPV,phillty01,5.0,2023-05-12,2023
UPV,loaisjo01,5.0,2023-05-13,2023
UPV,parkemi01,5.0,2023-05-14,2023
UPV,dejonch01,,2023-05-15,2023
UPV,nicolju01,5.0,2023-05-16,2023
UPV,phillty01,5.0,2023-05-17,2023
UPV,loaisjo01,5.0,2023-05-18,2023
UPV,parkemi01,5.0,2023-05-19,2023
UPV,medinad01,10.0,2023-05-20,2023
UPV,ryanri01,,2023-05-21,2023
UPV,phillty01,6.0,2023-05-23,2023
UPV,loaisjo01,6.0,2023-05-24,2023
UPV,parkemi01,6.0,2023-05-25,2023
UPV,,,2023-05-26,2023
UPV,ryanri01,6.0,2023-05-27,2023
UPV,phillty01,5.0,2023-05-28,2023
UPV,nicolju01,13.0,2023-05-29,2023
UPV,loaisjo01,6.0,2023-05-30,2023
UPV,parkemi01,6.0,2023-05-31,2023
UPV,ryanri01,6.0,2023-06-02,2023
UPV,phillty01,6.0,2023-06-03,2023
UPV,nicolju01,6.0,2023-06-04,2023
UPV,parkemi01,6.0,2023-06-06,2023
UPV,ryanri01,6.0,2023-06-08,2023
UPV,delgara01,13.0,2023-06-08,2023
UPV,phillty01,6.0,2023-06-09,2023
UPV,nicolju01,6.0,2023-06-10,2023
UPV,parkemi01,5.0,2023-06-11,2023
UPV,ryanri01,5.0,2023-06-13,2023
UPV,phillty01,5.0,2023-06-14,2023
UPV,nicolju01,6.0,2023-06-16,2023
UPV,ryanri01,5.0,2023-06-18,2023
UPV,parkemi01,7.0,2023-06-18,2023
UPV,phillty01,6.0,2023-06-20,2023
UPV,medinad01,32.0,2023-06-21,2023
UPV,nicolju01,6.0,2023-06-22,2023
UPV,parkemi01,5.0,2023-06-23,2023
UPV,ryanri01,6.0,2023-06-24,2023
UPV,phillty01,,2023-06-25,2023
UPV,medinad01,6.0,2023-06-27,2023
UPV,nicolju01,6.0,2023-06-28,2023
UPV,parkemi01,,2023-06-29,2023
UPV,rondohe01,,2023-07-01,2023
UPV,ryanri01,7.0,2023-07-01,2023
UPV,phillty01,7.0,2023-07-02,2023
UPV,nicolju01,5.0,2023-07-03,2023
UPV,parkemi01,5.0,2023-07-04,2023
UPV,delgara01,27.0,2023-07-05,2023
UPV,ryanri01,5.0,2023-07-06,2023
UPV,rodrije01,,2023-07-07,2023
UPV,phillty01,6.0,2023-07-08,2023
UPV,nicolju01,6.0,2023-07-09,2023
UPV,rodrije01,7.0,2023-07-14,2023
UPV,parkemi01,11.0,2023-07-15,2023
UPV,phillty01,8.0,2023-07-16,2023
UPV,ryanri01,11.0,2023-07-17,2023
UPV,nicolju01,9.0,2023-07-18,2023
UPV,,5.0,2023-07-19,2023
UPV,parkemi01,6.0,2023-07-21,2023
UPV,phillty01,6.0,2023-07-22,2023
UPV,ryanri01,6.0,2023-07-23,2023
UPV,nicolju01,7.0,2023-07-25,2023
UPV,rodrije01,7.0,2023-07-26,2023
UPV,phillty01,6.0,2023-07-28,2023
UPV,parkemi01,8.0,2023-07-29,2023
UPV,ryanri01,7.0,2023-07-30,2023
UPV,medinad01,34.0,2023-07-31,2023
VJV,duffyda01,,2016-04-04,2016
VJV,suarejo01,,2016-04-05,2016
VJV,davisau01,,2016-04-07,2016
VJV,oviedjo01,,2016-04-08,2016
VJV,duffyda01,5.0,2016-04-09,2016
VJV,clemepa02,,2016-04-10,2016
VJV,,,2016-04-11,2016
VJV,davisau01,5.0,2016-04-12,2016
VJV,oviedjo01,5.0,2016-04-13,2016
VJV,duffyda01,6.0,2016-04-15,2016
VJV,clemepa02,6.0,2016-04-16,2016
VJV,davisno01,6.0,2016-04-17,2016
VJV,davisau01,6.0,2016-04-18,2016
VJV,oviedjo01,6.0,2016-04-19,2016
VJV,duffyda01,5.0,2016-04-20,2016
VJV,clemepa02,5.0,2016-04-21,2016
VJV,,5.0,2016-04-22,2016
VJV,davisau01,5.0,2016-04-23,2016
VJV,oviedjo01,5.0,2016-04-24,2016
VJV,duffyda01,5.0,2016-04-25,2016
VJV,clemepa02,5.0,2016-04-26,2016
VJV,davisno01,5.0,2016-04-27,2016
VJV,davisau01,6.0,2016-04-29,2016
VJV,oviedjo01,6.0,2016-04-30,2016
VJV,duffyda01,6.0,2016-05-01,2016
VJV,clemepa02,6.0,2016-05-02,2016
VJV,davisno01,6.0,2016-05-03,2016
VJV,davisau01,5.0,2016-05-04,2016
VJV,mcgowky01,,2016-05-06,2016
VJV,clemepa02,5.0,2016-05-07,2016
VJV,davisno01,5.0,2016-05-08,2016
VJV,davisau01,6.0,2016-05-10,2016
VJV,oviedjo01,11.0,2016-05-11,2016
VJV,clemepa02,5.0,2016-05-12,2016
VJV,davisno01,5.0,2016-05-13,2016
VJV,schulja02,10.0,2016-05-14,2016
VJV,davisau01,5.0,2016-05-15,2016
VJV,oviedjo01,5.0,2016-05-16,2016
VJV,clemepa02,5.0,2016-05-17,2016
VJV,davisno01,5.0,2016-05-18,2016
VJV,schulja02,5.0,2016-05-19,2016
VJV,davisau01,5.0,2016-05-20,2016
VJV,oviedjo01,5.0,2016-05-21,2016
VJV,clemepa02,5.0,2016-05-22,2016
VJV,davisno01,5.0,2016-05-23,2016
VJV,schulja02,5.0,2016-05-24,2016
VJV,davisau01,,2016-05-25,2016
VJV,oviedjo01,6.0,2016-05-27,2016
VJV,,,2016-05-28,2016
VJV,davisno01,6.0,2016-05-29,2016
VJV,schulja02,,2016-05-30,2016
VJV,davisau01,6.0,2016-05-31,2016
VJV,oviedjo01,5.0,2016-06-01,2016
VJV,clemepa02,6.0,2016-06-03,2016
VJV,schulja02,5.0,2016-06-04,2016
VJV,davisau01,5.0,2016-06-05,2016
VJV,oviedjo01,5.0,2016-06-06,2016
VJV,alexaja01,,2016-06-07,2016
VJV,clemepa02,5.0,2016-06-08,2016
VJV,schulja02,5.0,2016-06-09,2016
VJV,davisau01,5.0,2016-06-10,2016
VJV,oviedjo01,5.0,2016-06-11,2016
VJV,alexaja01,5.0,2016-06-12,2016
VJV,clemepa02,5.0,2016-06-13,2016
VJV,schulja02,5.0,2016-06-14,2016
VJV,davisau01,5.0,2016-06-15,2016
VJV,oviedjo01,6.0,2016-06-17,2016
VJV,,,2016-06-18,2016
VJV,clemepa02,6.0,2016-06-19,2016
VJV,schulja02,6.0,2016-06-20,2016
VJV,davisau01,6.0,2016-06-21,2016
VJV,oviedjo01,5.0,2016-06-22,2016
VJV,liberma01,,2016-06-23,2016
VJV,clemepa02,5.0,2016-06-24,2016
VJV,schulja02,5.0,2016-06-25,2016
VJV,,5.0,2016-06-26,2016
VJV,oviedjo01,5.0,2016-06-27,2016
VJV,liberma01,5.0,2016-06-28,2016
VJV,clemepa02,5.0,2016-06-29,2016
VJV,schulja02,6.0,2016-07-01,2016
VJV,davisau01,6.0,2016-07-02,2016
VJV,oviedjo01,6.0,2016-07-03,2016
VJV,,36.0,2016-07-04,2016
VJV,,7.0,2016-07-05,2016
VJV,clemepa02,7.0,2016-07-06,2016
VJV,davisau01,5.0,2016-07-07,2016
VJV,oviedjo01,5.0,2016-07-08,2016
VJV,davisno01,5.0,2016-07-09,2016
VJV,liberma01,5.0,2016-07-10,2016
VJV,davisau01,8.0,2016-07-15,2016
VJV,oviedjo01,8.0,2016-07-16,2016
VJV,clemepa02,11.0,2016-07-17,2016
VJV,davisno01,9.0,2016-07-18,2016
VJV,liberma01,9.0,2016-07-19,2016
VJV,davisau01,5.0,2016-07-20,2016
VJV,oviedjo01,6.0,2016-07-22,2016
VJV,clemepa02,6.0,2016-07-23,2016
VJV,liberma01,5.0,2016-07-24,2016
VJV,,5.0,2016-07-25,2016
VJV,hernajo02,,2016-07-26,2016
VJV,oviedjo01,5.0,2016-07-27,2016
VJV,clemepa02,5.0,2016-07-28,2016
VJV,liberma01,5.0,2016-07-29,2016
VJV,davisau01,5.0,2016-07-30,2016
VJV,hernajo02,,2016-07-31,2016
VJV,ramirne01,,2017-04-03,2017
VJV,oviedjo01,,2017-04-04,2017
VJV,duffyda01,,2017-04-05,2017
VJV,hernajo02,,2017-04-06,2017
VJV,godleza01,,2017-04-07,2017
VJV,ramirne01,5.0,2017-04-08,2017
VJV,oviedjo01,5.0,2017-04-09,2017
VJV,hernajo02,5.0,2017-04-11,2017
VJV,godleza01,5.0,2017-04-12,2017
VJV,ramirne01,5.0,2017-04-13,2017
VJV,hestoch01,,2017-04-14,2017
VJV,oviedjo01,6.0,2017-04-15,2017
VJV,hernajo02,5.0,2017-04-16,2017
VJV,godleza01,5.0,2017-04-17,2017
VJV,ramirne01,5.0,2017-04-18,2017
VJV,hestoch01,5.0,2017-04-19,2017
VJV,oviedjo01,5.0,2017-04-20,2017
VJV,greenco01,,2017-04-21,2017
VJV,hernajo02,6.0,2017-04-22,2017
VJV,harriho03,,2017-04-23,2017
VJV,godleza01,7.0,2017-04-24,2017
VJV,hestoch01,6.0,2017-04-25,2017
VJV,oviedjo01,6.0,2017-04-26,2017
VJV,ramirne01,9.0,2017-04-27,2017
VJV,hernajo02,6.0,2017-04-28,2017
VJV,godleza01,5.0,2017-04-29,2017
VJV,hestoch01,5.0,2017-04-30,2017
VJV,oviedjo01,6.0,2017-05-02,2017
VJV,ramirne01,6.0,2017-05-03,2017
VJV,greenco01,13.0,2017-05-04,2017
VJV,godleza01,6.0,2017-05-05,2017
VJV,hestoch01,6.0,2017-05-06,2017
VJV,oviedjo01,,2017-05-07,2017
VJV,ramirne01,5.0,2017-05-08,2017
VJV,greenco01,5.0,2017-05-09,2017
VJV,godleza01,5.0,2017-05-10,2017
VJV,hestoch01,5.0,2017-05-11,2017
VJV,oviedjo01,5.0,2017-05-12,2017
VJV,ramirne01,5.0,2017-05-13,2017
VJV,greenco01,5.0,2017-05-14,2017
VJV,godleza01,5.0,2017-05-15,2017
VJV,,5.0,2017-05-16,2017
VJV,oviedjo01,5.0,2017-05-17,2017
VJV,ramirne01,6.0,2017-05-19,2017
VJV,greenco01,6.0,2017-05-20,2017
VJV,godleza01,6.0,2017-05-21,2017
VJV,hestoch01,6.0,2017-05-22,2017
VJV,,,2017-05-23,2017
VJV,ramirne01,5.0,2017-05-24,2017
VJV,harriho03,32.0,2017-05-25,2017
VJV,godleza01,5.0,2017-05-26,2017
VJV,hestoch01,5.0,2017-05-27,2017
VJV,oviedjo01,5.0,2017-05-28,2017
VJV,ramirne01,5.0,2017-05-29,2017
VJV,kellyca01,,2017-05-30,2017
VJV,godleza01,5.0,2017-05-31,2017
VJV,greenco01,12.0,2017-06-01,2017
VJV,hestoch01,6.0,2017-06-02,2017
VJV,oviedjo01,6.0,2017-06-03,2017
VJV,ramirne01,6.0,2017-06-04,2017
VJV,godleza01,6.0,2017-06-06,2017
VJV,greenco01,6.0,2017-06-07,2017
VJV,hestoch01,6.0,2017-06-08,2017
VJV,oviedjo01,6.0,2017-06-09,2017
VJV,,6.0,2017-06-10,2017
VJV,godleza01,5.0,2017-06-11,2017
VJV,greenco01,5.0,2017-06-12,2017
VJV,hestoch01,,2017-06-13,2017
VJV,oviedjo01,5.0,2017-06-14,2017
VJV,ramirne01,5.0,2017-06-15,2017
VJV,godleza01,5.0,2017-06-16,2017
VJV,greenco01,5.0,2017-06-17,2017
VJV,hestoch01,5.0,2017-06-18,2017
VJV,kellyca01,21.0,2017-06-20,2017
VJV,ramirne01,6.0,2017-06-21,2017
VJV,godleza01,6.0,2017-06-22,2017
VJV,greenco01,6.0,2017-06-23,2017
VJV,hestoch01,6.0,2017-06-24,2017
VJV,kellyca01,5.0,2017-06-25,2017
VJV,ramirne01,5.0,2017-06-26,2017
VJV,godleza01,5.0,2017-06-27,2017
VJV,greenco01,5.0,2017-06-28,2017
VJV,hestoch01,5.0,2017-06-29,2017
VJV,kellyca01,5.0,2017-06-30,2017
VJV,ramirne01,5.0,2017-07-01,2017
VJV,godleza01,5.0,2017-07-02,2017
VJV,greenco01,5.0,2017-07-03,2017
VJV,hestoch01,,2017-07-04,2017
VJV,kellyca01,5.0,2017-07-05,2017
VJV,ramirne01,6.0,2017-07-07,2017
VJV,godleza01,6.0,2017-07-08,2017
VJV,hestoch01,5.0,2017-07-09,2017
VJV,ramirne01,7.0,2017-07-14,2017
VJV,hestoch01,,2017-07-15,2017
VJV,kellyca01,,2017-07-16,2017
VJV,godleza01,10.0,2017-07-18,2017
VJV,greenco01,16.0,2017-07-19,2017
VJV,ramirne01,7.0,2017-07-21,2017
VJV,hestoch01,7.0,2017-07-22,2017
VJV,kellyca01,7.0,2017-07-23,2017
VJV,,7.0,2017-07-25,2017
VJV,ramirne01,5.0,2017-07-26,2017
VJV,hestoch01,5.0,2017-07-27,2017
VJV,kellyca01,5.0,2017-07-28,2017
VJV,poynebo01,,2017-07-29,2017
VJV,godleza01,5.0,2017-07-30,2017
VJV,duffyda01,,2018-03-29,2018
VJV,hernajo02,,2018-03-30,2018
VJV,oviedjo01,,2018-03-31,2018
VJV,morgael01,,2018-04-01,2018
VJV,hestoch01,,2018-04-02,2018
VJV,duffyda01,5.0,2018-04-03,2018
VJV,hernajo02,5.0,2018-04-04,2018
VJV,,,2018-04-06,2018
VJV,hestoch01,5.0,2018-04-07,2018
VJV,morgael01,7.0,2018-04-08,2018
VJV,duffyda01,6.0,2018-04-09,2018
VJV,hernajo02,6.0,2018-04-10,2018
VJV,delarru01,,2018-04-11,2018
VJV,davisno01,,2018-04-12,2018
VJV,suarejo01,,2018-04-13,2018
VJV,duffyda01,5.0,2018-04-14,2018
VJV,morgael01,9.0,2018-04-17,2018
VJV,hernajo02,8.0,2018-04-18,2018
VJV,davisno01,7.0,2018-04-19,2018
VJV,suarejo01,7.0,2018-04-20,2018
VJV,duffyda01,,2018-04-21,2018
VJV,delarru01,11.0,2018-04-22,2018
VJV,hernajo02,5.0,2018-04-23,2018
VJV,morgael01,7.0,2018-04-24,2018
VJV,davisno01,,2018-04-25,2018
VJV,suarejo01,7.0,2018-04-27,2018
VJV,duffyda01,7.0,2018-04-28,2018
VJV,hernajo02,6.0,2018-04-29,2018
VJV,davisno01,,2018-05-01,2018
VJV,suarejo01,5.0,2018-05-02,2018
VJV,delarru01,11.0,2018-05-03,2018
VJV,duffyda01,6.0,2018-05-04,2018
VJV,hernajo02,6.0,2018-05-05,2018
VJV,morgael01,12.0,2018-05-06,2018
VJV,suarejo01,,2018-05-08,2018
VJV,delarru01,6.0,2018-05-09,2018
VJV,duffyda01,6.0,2018-05-10,2018
VJV,hernajo02,6.0,2018-05-11,2018
VJV,davisno01,11.0,2018-05-12,2018
VJV,morgael01,7.0,2018-05-13,2018
VJV,suarejo01,6.0,2018-05-14,2018
VJV,delarru01,6.0,2018-05-15,2018
VJV,duffyda01,6.0,2018-05-16,2018
VJV,hernajo02,6.0,2018-05-17,2018
VJV,davisno01,6.0,2018-05-18,2018
VJV,suarejo01,5.0,2018-05-19,2018
VJV,morgael01,7.0,2018-05-20,2018
VJV,duffyda01,6.0,2018-05-22,2018
VJV,hernajo02,6.0,2018-05-23,2018
VJV,davisno01,6.0,2018-05-24,2018
VJV,suarejo01,,2018-05-25,2018
VJV,delarru01,11.0,2018-05-26,2018
VJV,duffyda01,5.0,2018-05-27,2018
VJV,hernajo02,,2018-05-28,2018
VJV,davisno01,5.0,2018-05-29,2018
VJV,morgael01,10.0,2018-05-30,2018
VJV,,6.0,2018-05-31,2018
VJV,delarru01,6.0,2018-06-01,2018
VJV,duffyda01,6.0,2018-06-02,2018
VJV,hernajo02,6.0,2018-06-03,2018
VJV,davisno01,6.0,2018-06-04,2018
VJV,suarejo01,5.0,2018-06-05,2018
VJV,morgael01,7.0,2018-06-06,2018
VJV,duffyda01,,2018-06-08,2018
VJV,hernajo02,6.0,2018-06-09,2018
VJV,davisno01,6.0,2018-06-10,2018
VJV,suarejo01,6.0,2018-06-11,2018
VJV,delarru01,11.0,2018-06-12,2018
VJV,duffyda01,5.0,2018-06-13,2018
VJV,hernajo02,6.0,2018-06-15,2018
VJV,mikolmi01,,2018-06-16,2018
VJV,suarejo01,6.0,2018-06-17,2018
VJV,delarru01,6.0,2018-06-18,2018
VJV,gilbelo01,,2018-06-19,2018
VJV,mikolmi01,5.0,2018-06-21,2018
VJV,suarejo01,5.0,2018-06-22,2018
VJV,delarru01,5.0,2018-06-23,2018
VJV,gilbelo01,5.0,2018-06-24,2018
VJV,hernajo02,10.0,2018-06-25,2018
VJV,mikolmi01,5.0,2018-06-26,2018
VJV,suarejo01,5.0,2018-06-27,2018
VJV,delarru01,5.0,2018-06-28,2018
VJV,gilbelo01,5.0,2018-06-29,2018
VJV,hernajo02,5.0,2018-06-30,2018
VJV,overtdi01,,2018-07-01,2018
VJV,suarejo01,,2018-07-03,2018
VJV,duffyda01,21.0,2018-07-04,2018
VJV,delarru01,7.0,2018-07-05,2018
VJV,gilbelo01,7.0,2018-07-06,2018
VJV,overtdi01,6.0,2018-07-07,2018
VJV,suarejo01,5.0,2018-07-08,2018
VJV,duffyda01,6.0,2018-07-10,2018
VJV,delarru01,6.0,2018-07-11,2018
VJV,hernajo02,12.0,2018-07-12,2018
VJV,gilbelo01,7.0,2018-07-13,2018
VJV,suarejo01,6.0,2018-07-14,2018
VJV,overtdi01,8.0,2018-07-15,2018
VJV,hernajo02,8.0,2018-07-20,2018
VJV,davisno01,41.0,2018-07-21,2018
VJV,suarejo01,8.0,2018-07-22,2018
VJV,delarru01,12.0,2018-07-23,2018
VJV,gilbelo01,11.0,2018-07-24,2018
VJV,hernajo02,5.0,2018-07-25,2018
VJV,davisno01,5.0,2018-07-26,2018
VJV,suarejo01,5.0,2018-07-27,2018
VJV,delarru01,5.0,2018-07-28,2018
VJV,gilbelo01,5.0,2018-07-29,2018
VJV,hernajo02,6.0,2018-07-31,2018
VJV,ramirer02,,2019-03-28,2019
VJV,verlaju01,,2019-03-29,2019
VJV,gilbelo01,,2019-03-30,2019
VJV,hernajo02,,2019-03-31,2019
VJV,mcraeal01,,2019-04-01,2019
VJV,ramirer02,5.0,2019-04-02,2019
VJV,verlaju01,6.0,2019-04-04,2019
VJV,,6.0,2019-04-05,2019
VJV,hernajo02,6.0,2019-04-06,2019
VJV,mcraeal01,6.0,2019-04-07,2019
VJV,ramirer02,6.0,2019-04-08,2019
VJV,verlaju01,5.0,2019-04-09,2019
VJV,gilbelo01,5.0,2019-04-10,2019
VJV,hernajo02,6.0,2019-04-12,2019
VJV,mcraeal01,6.0,2019-04-13,2019
VJV,ramirer02,,2019-04-15,2019
VJV,delarru01,,2019-04-16,2019
VJV,verlaju01,8.0,2019-04-17,2019
VJV,mcraeal01,5.0,2019-04-18,2019
VJV,gilbelo01,9.0,2019-04-19,2019
VJV,ramirer02,5.0,2019-04-20,2019
VJV,wellsty01,,2019-04-21,2019
VJV,verlaju01,5.0,2019-04-22,2019
VJV,mcraeal01,5.0,2019-04-23,2019
VJV,musgrjo01,,2019-04-24,2019
VJV,ramirer02,5.0,2019-04-25,2019
VJV,,14.0,2019-04-26,2019
VJV,musgrjo01,3.0,2019-04-27,2019
VJV,verlaju01,6.0,2019-04-28,2019
VJV,jarvibr01,,2019-04-30,2019
VJV,chargjt01,,2019-05-01,2019
VJV,hernajo02,6.0,2019-05-02,2019
VJV,ramirer02,9.0,2019-05-04,2019
VJV,verlaju01,7.0,2019-05-05,2019
VJV,jarvibr01,7.0,2019-05-07,2019
VJV,hernajo02,6.0,2019-05-08,2019
VJV,chargjt01,8.0,2019-05-09,2019
VJV,ramirer02,6.0,2019-05-10,2019
VJV,verlaju01,6.0,2019-05-11,2019
VJV,jarvibr01,5.0,2019-05-12,2019
VJV,hernajo02,5.0,2019-05-13,2019
VJV,musgrjo01,17.0,2019-05-14,2019
VJV,ramirer02,5.0,2019-05-15,2019
VJV,verlaju01,6.0,2019-05-17,2019
VJV,jarvibr01,6.0,2019-05-18,2019
VJV,hernajo02,6.0,2019-05-19,2019
VJV,brashma01,,2019-05-20,2019
VJV,ramirer02,6.0,2019-05-21,2019
VJV,verlaju01,6.0,2019-05-23,2019
VJV,jarvibr01,6.0,2019-05-24,2019
VJV,hernajo02,6.0,2019-05-25,2019
VJV,suarejo01,,2019-05-26,2019
VJV,,6.0,2019-05-27,2019
VJV,musgrjo01,14.0,2019-05-28,2019
VJV,jarvibr01,5.0,2019-05-29,2019
VJV,bandaan01,,2019-05-30,2019
VJV,hernajo02,6.0,2019-05-31,2019
VJV,suarejo01,6.0,2019-06-01,2019
VJV,szaputh01,,2019-06-02,2019
VJV,,6.0,2019-06-03,2019
VJV,jarvibr01,6.0,2019-06-04,2019
VJV,musgrjo01,2.0,2019-06-05,2019
VJV,hernajo02,6.0,2019-06-06,2019
VJV,suarejo01,6.0,2019-06-07,2019
VJV,marveja01,,2019-06-08,2019
VJV,szaputh01,7.0,2019-06-09,2019
VJV,jarvibr01,6.0,2019-06-10,2019
VJV,musgrjo01,6.0,2019-06-11,2019
VJV,hernajo02,7.0,2019-06-13,2019
VJV,suarejo01,7.0,2019-06-14,2019
VJV,szaputh01,6.0,2019-06-15,2019
VJV,jarvibr01,,2019-06-16,2019
VJV,bandaan01,18.0,2019-06-17,2019
VJV,hernajo02,5.0,2019-06-18,2019
VJV,suarejo01,5.0,2019-06-19,2019
VJV,szaputh01,5.0,2019-06-20,2019
VJV,jarvibr01,5.0,2019-06-21,2019
VJV,,14.0,2019-06-22,2019
VJV,hernajo02,5.0,2019-06-23,2019
VJV,suarejo01,6.0,2019-06-25,2019
VJV,delarru01,71.0,2019-06-26,2019
VJV,jarvibr01,6.0,2019-06-27,2019
VJV,marveja01,6.0,2019-06-28,2019
VJV,hernajo02,6.0,2019-06-29,2019
VJV,suarejo01,5.0,2019-06-30,2019
VJV,szaputh01,12.0,2019-07-02,2019
VJV,delarru01,7.0,2019-07-03,2019
VJV,jarvibr01,7.0,2019-07-04,2019
VJV,,,2019-07-05,2019
VJV,suarejo01,6.0,2019-07-06,2019
VJV,szaputh01,5.0,2019-07-07,2019
VJV,brashma01,53.0,2019-07-12,2019
VJV,,51.0,2019-07-13,2019
VJV,szaputh01,7.0,2019-07-14,2019
VJV,jarvibr01,11.0,2019-07-15,2019
VJV,,10.0,2019-07-16,2019
VJV,gilbelo01,89.0,2019-07-17,2019
VJV,verlaju01,5.0,2019-07-18,2019
VJV,brashma01,7.0,2019-07-19,2019
VJV,jarvibr01,5.0,2019-07-20,2019
VJV,bradlta01,,2019-07-21,2019
VJV,brashma01,4.0,2019-07-23,2019
VJV,delarru01,21.0,2019-07-24,2019
VJV,szaputh01,11.0,2019-07-25,2019
VJV,davisno01,,2019-07-26,2019
VJV,bradlta01,6.0,2019-07-27,2019
VJV,gilbelo01,11.0,2019-07-28,2019
VJV,delarru01,5.0,2019-07-29,2019
VJV,jarvibr01,10.0,2019-07-30,2019
VJV,,6.0,2019-07-31,2019
VJV,antonte01,,2021-04-01,2021
VJV,suarejo01,,2021-04-02,2021
VJV,kendrky01,,2021-04-03,2021
VJV,morgael01,,2021-04-04,2021
VJV,johnser04,,2021-04-05,2021
VJV,antonte01,5.0,2021-04-06,2021
VJV,jarvibr01,,2021-04-08,2021
VJV,suarejo01,7.0,2021-04-09,2021
VJV,johnser04,5.0,2021-04-10,2021
VJV,kendrky01,9.0,2021-04-12,2021
VJV,antonte01,7.0,2021-04-13,2021
VJV,jarvibr01,6.0,2021-04-14,2021
VJV,suarejo01,,2021-04-16,2021
VJV,antonte01,6.0,2021-04-19,2021
VJV,,16.0,2021-04-20,2021
VJV,johnser04,11.0,2021-04-21,2021
VJV,kendrky01,10.0,2021-04-22,2021
VJV,suarejo01,7.0,2021-04-23,2021
VJV,jarvibr01,10.0,2021-04-24,2021
VJV,antonte01,6.0,2021-04-25,2021
VJV,morgael01,6.0,2021-04-26,2021
VJV,johnser04,,2021-04-27,2021
VJV,,6.0,2021-04-28,2021
VJV,suarejo01,7.0,2021-04-30,2021
VJV,jarvibr01,7.0,2021-05-01,2021
VJV,antonte01,,2021-05-02,2021
VJV,johnser04,6.0,2021-05-03,2021
VJV,,6.0,2021-05-04,2021
VJV,morgael01,9.0,2021-05-05,2021
VJV,suarejo01,6.0,2021-05-06,2021
VJV,jarvibr01,6.0,2021-05-07,2021
VJV,,,2021-05-08,2021
VJV,johnser04,6.0,2021-05-09,2021
VJV,imanash01,,2021-05-10,2021
VJV,morgael01,,2021-05-11,2021
VJV,suarejo01,6.0,2021-05-12,2021
VJV,jarvibr01,7.0,2021-05-14,2021
VJV,antonte01,7.0,2021-05-15,2021
VJV,johnser04,7.0,2021-05-16,2021
VJV,swanser01,,2021-05-17,2021
VJV,suarejo01,6.0,2021-05-18,2021
VJV,morgael01,8.0,2021-05-19,2021
VJV,kendrky01,16.0,2021-05-20,2021
VJV,jarvibr01,6.0,2021-05-20,2021
VJV,johnser04,5.0,2021-05-21,2021
VJV,swanser01,5.0,2021-05-22,2021
VJV,antonte01,8.0,2021-05-23,2021
VJV,suarejo01,7.0,2021-05-25,2021
VJV,jarvibr01,6.0,2021-05-26,2021
VJV,swanser01,5.0,2021-05-27,2021
VJV,morgael01,9.0,2021-05-28,2021
VJV,kendrky01,9.0,2021-05-29,2021
VJV,johnser04,9.0,2021-05-30,2021
VJV,antonte01,8.0,2021-05-31,2021
VJV,suarejo01,7.0,2021-06-01,2021
VJV,jarvibr01,8.0,2021-06-03,2021
VJV,,7.0,2021-06-04,2021
VJV,kendrky01,7.0,2021-06-05,2021
VJV,swanser01,10.0,2021-06-06,2021
VJV,antonte01,7.0,2021-06-07,2021
VJV,suarejo01,7.0,2021-06-08,2021
VJV,jarvibr01,6.0,2021-06-09,2021
VJV,morgael01,,2021-06-11,2021
VJV,kendrky01,7.0,2021-06-12,2021
VJV,swanser01,7.0,2021-06-13,2021
VJV,antonte01,7.0,2021-06-14,2021
VJV,suarejo01,7.0,2021-06-15,2021
VJV,jarvibr01,7.0,2021-06-16,2021
VJV,morgael01,6.0,2021-06-17,2021
VJV,kendrky01,6.0,2021-06-18,2021
VJV,swanser01,6.0,2021-06-19,2021
VJV,antonte01,6.0,2021-06-20,2021
VJV,suarejo01,7.0,2021-06-22,2021
VJV,morgael01,6.0,2021-06-23,2021
VJV,jarvibr01,9.0,2021-06-25,2021
VJV,kendrky01,8.0,2021-06-26,2021
VJV,swanser01,8.0,2021-06-27,2021
VJV,antonte01,8.0,2021-06-28,2021
VJV,suarejo01,7.0,2021-06-29,2021
VJV,morgael01,7.0,2021-06-30,2021
VJV,jarvibr01,7.0,2021-07-02,2021
VJV,kendrky01,7.0,2021-07-03,2021
VJV,swanser01,7.0,2021-07-04,2021
VJV,szaputh01,,2021-07-05,2021
VJV,morgael01,6.0,2021-07-06,2021
VJV,suarejo01,8.0,2021-07-07,2021
VJV,kendrky01,6.0,2021-07-09,2021
VJV,swanser01,6.0,2021-07-10,2021
VJV,szaputh01,6.0,2021-07-11,2021
VJV,suarejo01,9.0,2021-07-16,2021
VJV,kendrky01,,2021-07-17,2021
VJV,swanser01,8.0,2021-07-18,2021
VJV,,13.0,2021-07-19,2021
VJV,szaputh01,,2021-07-20,2021
VJV,suarejo01,6.0,2021-07-22,2021
VJV,kendrky01,6.0,2021-07-23,2021
VJV,swanser01,6.0,2021-07-24,2021
VJV,delarru01,,2021-07-25,2021
VJV,morgael01,7.0,2021-07-26,2021
VJV,szaputh01,7.0,2021-07-27,2021
VJV,suarejo01,6.0,2021-07-28,2021
VJV,antonte01,31.0,2021-07-29,2021
VJV,,6.0,2021-07-30,2021
VJV,delarru01,6.0,2021-07-31,2021
VJV,morgael01,,2022-04-07,2022
VJV,ashcrgr01,,2022-04-08,2022
VJV,oswalco01,,2022-04-09,2022
VJV,szaputh01,,2022-04-10,2022
VJV,searsjp01,,2022-04-11,2022
VJV,,,2022-04-12,2022
VJV,morgael01,7.0,2022-04-14,2022
VJV,ashcrgr01,7.0,2022-04-15,2022
VJV,oswalco01,,2022-04-16,2022
VJV,szaputh01,7.0,2022-04-17,2022
VJV,searsjp01,,2022-04-18,2022
VJV,,7.0,2022-04-19,2022
VJV,morgael01,,2022-04-20,2022
VJV,ashcrgr01,7.0,2022-04-22,2022
VJV,oswalco01,7.0,2022-04-23,2022
VJV,szaputh01,7.0,2022-04-24,2022
VJV,searsjp01,7.0,2022-04-25,2022
VJV,swanser01,7.0,2022-04-26,2022
VJV,morgael01,7.0,2022-04-27,2022
VJV,ashcrgr01,6.0,2022-04-28,2022
VJV,smithca03,,2022-04-29,2022
VJV,szaputh01,6.0,2022-04-30,2022
VJV,searsjp01,6.0,2022-05-01,2022
VJV,swanser01,6.0,2022-05-02,2022
VJV,oswalco01,10.0,2022-05-03,2022
VJV,ashcrgr01,6.0,2022-05-04,2022
VJV,morgael01,8.0,2022-05-05,2022
VJV,sanchcr01,,2022-05-06,2022
VJV,searsjp01,6.0,2022-05-07,2022
VJV,swanser01,6.0,2022-05-08,2022
VJV,oswalco01,6.0,2022-05-09,2022
VJV,,6.0,2022-05-10,2022
VJV,morgael01,6.0,2022-05-11,2022
VJV,slegeaa01,,2022-05-13,2022
VJV,sanchcr01,8.0,2022-05-14,2022
VJV,searsjp01,,2022-05-14,2022
VJV,swanser01,7.0,2022-05-15,2022
VJV,oswalco01,7.0,2022-05-16,2022
VJV,ashcrgr01,7.0,2022-05-17,2022
VJV,morgael01,7.0,2022-05-18,2022
VJV,slegeaa01,7.0,2022-05-20,2022
VJV,searsjp01,7.0,2022-05-21,2022
VJV,,7.0,2022-05-22,2022
VJV,oswalco01,8.0,2022-05-24,2022
VJV,ashcrgr01,8.0,2022-05-25,2022
VJV,morgael01,8.0,2022-05-26,2022
VJV,slegeaa01,7.0,2022-05-27,2022
VJV,searsjp01,7.0,2022-05-28,2022
VJV,swanser01,7.0,2022-05-29,2022
VJV,oswalco01,7.0,2022-05-31,2022
VJV,ashcrgr01,8.0,2022-06-02,2022
VJV,morgael01,7.0,2022-06-02,2022
VJV,slegeaa01,7.0,2022-06-03,2022
VJV,searsjp01,7.0,2022-06-04,2022
VJV,swanser01,7.0,2022-06-05,2022
VJV,oswalco01,6.0,2022-06-06,2022
VJV,szaputh01,38.0,2022-06-07,2022
VJV,ashcrgr01,6.0,2022-06-08,2022
VJV,morgael01,7.0,2022-06-09,2022
VJV,sanchcr01,27.0,2022-06-10,2022
VJV,searsjp01,7.0,2022-06-11,2022
VJV,swanser01,7.0,2022-06-12,2022
VJV,oswalco01,8.0,2022-06-14,2022
VJV,ashcrgr01,7.0,2022-06-15,2022
VJV,morgael01,7.0,2022-06-16,2022
VJV,searsjp01,6.0,2022-06-17,2022
VJV,szaputh01,,2022-06-18,2022
VJV,swanser01,6.0,2022-06-18,2022
VJV,alcanra01,,2022-06-19,2022
VJV,oswalco01,6.0,2022-06-20,2022
VJV,ashcrgr01,6.0,2022-06-21,2022
VJV,morgael01,6.0,2022-06-22,2022
VJV,searsjp01,7.0,2022-06-24,2022
VJV,swanser01,7.0,2022-06-25,2022
VJV,loupaa01,,2022-06-26,2022
VJV,oswalco01,7.0,2022-06-27,2022
VJV,slegeaa01,25.0,2022-06-28,2022
VJV,morgael01,7.0,2022-06-29,2022
VJV,searsjp01,7.0,2022-07-01,2022
VJV,swanser01,7.0,2022-07-02,2022
VJV,szaputh01,15.0,2022-07-03,2022
VJV,oswalco01,8.0,2022-07-05,2022
VJV,morgael01,7.0,2022-07-06,2022
VJV,slegeaa01,9.0,2022-07-07,2022
VJV,ashcrgr01,17.0,2022-07-08,2022
VJV,swanser01,7.0,2022-07-09,2022
VJV,szaputh01,7.0,2022-07-10,2022
VJV,oswalco01,7.0,2022-07-12,2022
VJV,morgael01,7.0,2022-07-13,2022
VJV,ashcrgr01,6.0,2022-07-14,2022
VJV,swanser01,6.0,2022-07-15,2022
VJV,szaputh01,6.0,2022-07-16,2022
VJV,morgael01,9.0,2022-07-22,2022
VJV,swanser01,8.0,2022-07-23,2022
VJV,ashcrgr01,10.0,2022-07-24,2022
VJV,oswalco01,13.0,2022-07-25,2022
VJV,szaputh01,10.0,2022-07-26,2022
VJV,rodonca01,,2022-07-27,2022
VJV,morgael01,6.0,2022-07-28,2022
VJV,swanser01,6.0,2022-07-29,2022
VJV,slegeaa01,23.0,2022-07-30,2022
VJV,ashcrgr01,7.0,2022-07-31,2022
VJV,morgael01,,2023-03-30,2023
VJV,swanser01,,2023-04-01,2023
VJV,parkebl01,,2023-04-02,2023
VJV,ashcrgr01,,2023-04-03,2023
VJV,szaputh01,,2023-04-04,2023
VJV,morgael01,6.0,2023-04-05,2023
VJV,swanser01,6.0,2023-04-07,2023
VJV,parkebl01,6.0,2023-04-08,2023
VJV,ashcrgr01,6.0,2023-04-09,2023
VJV,szaputh01,6.0,2023-04-10,2023
VJV,morgael01,6.0,2023-04-11,2023
VJV,jarvibr01,,2023-04-12,2023
VJV,swanser01,7.0,2023-04-14,2023
VJV,parkebl01,7.0,2023-04-15,2023
VJV,ashcrgr01,7.0,2023-04-16,2023
VJV,morgael01,6.0,2023-04-17,2023
VJV,szaputh01,8.0,2023-04-18,2023
VJV,jarvibr01,7.0,2023-04-19,2023
VJV,swanser01,6.0,2023-04-20,2023
VJV,morgael01,4.0,2023-04-21,2023
VJV,parkebl01,7.0,2023-04-22,2023
VJV,ashcrgr01,,2023-04-23,2023
VJV,szaputh01,6.0,2023-04-24,2023
VJV,jarvibr01,6.0,2023-04-25,2023
VJV,swanser01,6.0,2023-04-26,2023
VJV,morgael01,6.0,2023-04-27,2023
VJV,parkebl01,6.0,2023-04-28,2023
VJV,ashcrgr01,6.0,2023-04-29,2023
VJV,szaputh01,6.0,2023-04-30,2023
VJV,swanser01,6.0,2023-05-02,2023
VJV,morgael01,6.0,2023-05-03,2023
VJV,jarvibr01,9.0,2023-05-04,2023
VJV,parkebl01,7.0,2023-05-05,2023
VJV,ashcrgr01,7.0,2023-05-06,2023
VJV,szaputh01,7.0,2023-05-07,2023
VJV,swanser01,6.0,2023-05-08,2023
VJV,morgael01,6.0,2023-05-09,2023
VJV,jarvibr01,6.0,2023-05-10,2023
VJV,parkebl01,7.0,2023-05-12,2023
VJV,ashcrgr01,7.0,2023-05-13,2023
VJV,swanser01,6.0,2023-05-14,2023
VJV,morgael01,6.0,2023-05-15,2023
VJV,slegeaa01,,2023-05-16,2023
VJV,jarvibr01,7.0,2023-05-17,2023
VJV,parkebl01,6.0,2023-05-18,2023
VJV,,6.0,2023-05-19,2023
VJV,,,2023-05-20,2023
VJV,morgael01,6.0,2023-05-21,2023
VJV,delarru01,,2023-05-22,2023
VJV,jarvibr01,6.0,2023-05-23,2023
VJV,parkebl01,6.0,2023-05-24,2023
VJV,ashcrgr01,7.0,2023-05-26,2023
VJV,morgael01,6.0,2023-05-27,2023
VJV,swanser01,8.0,2023-05-28,2023
VJV,jarvibr01,6.0,2023-05-29,2023
VJV,parkebl01,6.0,2023-05-30,2023
VJV,delarru01,9.0,2023-05-31,2023
VJV,ashcrgr01,6.0,2023-06-01,2023
VJV,morgael01,6.0,2023-06-02,2023
VJV,swanser01,6.0,2023-06-03,2023
VJV,jarvibr01,6.0,2023-06-04,2023
VJV,parkebl01,7.0,2023-06-06,2023
VJV,delarru01,7.0,2023-06-07,2023
VJV,ashcrgr01,7.0,2023-06-08,2023
VJV,morgael01,7.0,2023-06-09,2023
VJV,swanser01,7.0,2023-06-10,2023
VJV,jarvibr01,7.0,2023-06-11,2023
VJV,parkebl01,6.0,2023-06-12,2023
VJV,delarru01,6.0,2023-06-13,2023
VJV,ashcrgr01,6.0,2023-06-14,2023
VJV,morgael01,6.0,2023-06-15,2023
VJV,swanser01,6.0,2023-06-16,2023
VJV,jarvibr01,6.0,2023-06-17,2023
VJV,parkebl01,6.0,2023-06-18,2023
VJV,ashcrgr01,6.0,2023-06-20,2023
VJV,morgael01,6.0,2023-06-21,2023
VJV,swanser01,7.0,2023-06-23,2023
VJV,jarvibr01,7.0,2023-06-24,2023
VJV,parkebl01,7.0,2023-06-25,2023
VJV,ashcrgr01,6.0,2023-06-26,2023
VJV,morgael01,6.0,2023-06-27,2023
VJV,delarru01,15.0,2023-06-28,2023
VJV,swanser01,6.0,2023-06-29,2023
VJV,jarvibr01,6.0,2023-06-30,2023
VJV,parkebl01,6.0,2023-07-01,2023
VJV,ashcrgr01,6.0,2023-07-02,2023
VJV,delarru01,5.0,2023-07-03,2023
VJV,morgael01,7.0,2023-07-04,2023
VJV,swanser01,6.0,2023-07-05,2023
VJV,jarvibr01,7.0,2023-07-07,2023
VJV,,6.0,2023-07-08,2023
VJV,morgael01,10.0,2023-07-14,2023
VJV,ashcrgr01,7.0,2023-07-15,2023
VJV,parkebl01,15.0,2023-07-16,2023
VJV,jarvibr01,10.0,2023-07-17,2023
VJV,swanser01,13.0,2023-07-18,2023
VJV,slegeaa01,64.0,2023-07-19,2023
VJV,morgael01,7.0,2023-07-21,2023
VJV,ashcrgr01,7.0,2023-07-22,2023
VJV,parkebl01,7.0,2023-07-23,2023
VJV,jarvibr01,8.0,2023-07-25,2023
VJV,swanser01,9.0,2023-07-27,2023
VJV,morgael01,6.0,2023-07-27,2023
VJV,anderta01,5.0,2023-07-28,2023
VJV,ashcrgr01,7.0,2023-07-29,2023
VJV,parkebl01,7.0,2023-07-30,2023
VJV,slegeaa01,12.0,2023-07-31,2023
VQC,lodolni01,,2016-04-03,2016
VQC,dowdyky01,,2016-04-05,2016
VQC,clippty01,,2016-04-06,2016
VQC,lodolni01,,2016-04-08,2016
VQC,phillty01,,2016-04-09,2016
VQC,pallaan01,,2016-04-10,2016
VQC,dowdyky01,6.0,2016-04-11,2016
VQC,clippty01,6.0,2016-04-12,2016
VQC,soriajo01,,2016-04-13,2016
VQC,phillty01,5.0,2016-04-14,2016
VQC,pallaan01,5.0,2016-04-15,2016
VQC,dowdyky01,5.0,2016-04-16,2016
VQC,clippty01,5.0,2016-04-17,2016
VQC,lodolni01,11.0,2016-04-19,2016
VQC,,5.0,2016-04-20,2016
VQC,phillty01,7.0,2016-04-21,2016
VQC,dowdyky01,6.0,2016-04-22,2016
VQC,clippty01,6.0,2016-04-23,2016
VQC,,5.0,2016-04-24,2016
VQC,pallaan01,5.0,2016-04-25,2016
VQC,phillty01,5.0,2016-04-26,2016
VQC,dowdyky01,5.0,2016-04-27,2016
VQC,clippty01,6.0,2016-04-29,2016
VQC,,6.0,2016-04-30,2016
VQC,pallaan01,6.0,2016-05-01,2016
VQC,phillty01,6.0,2016-05-02,2016
VQC,dowdyky01,6.0,2016-05-03,2016
VQC,clippty01,5.0,2016-05-04,2016
VQC,lodolni01,6.0,2016-05-06,2016
VQC,pallaan01,6.0,2016-05-07,2016
VQC,phillty01,6.0,2016-05-08,2016
VQC,dowdyky01,6.0,2016-05-09,2016
VQC,clippty01,7.0,2016-05-11,2016
VQC,lodolni01,7.0,2016-05-13,2016
VQC,pallaan01,7.0,2016-05-14,2016
VQC,phillty01,7.0,2016-05-15,2016
VQC,dowdyky01,7.0,2016-05-16,2016
VQC,clippty01,6.0,2016-05-17,2016
VQC,lodolni01,5.0,2016-05-18,2016
VQC,pallaan01,,2016-05-19,2016
VQC,phillty01,5.0,2016-05-20,2016
VQC,dowdyky01,5.0,2016-05-21,2016
VQC,soriajo01,40.0,2016-05-23,2016
VQC,lodolni01,6.0,2016-05-24,2016
VQC,pallaan01,6.0,2016-05-25,2016
VQC,phillty01,6.0,2016-05-26,2016
VQC,dowdyky01,6.0,2016-05-27,2016
VQC,clippty01,11.0,2016-05-28,2016
VQC,lodolni01,5.0,2016-05-29,2016
VQC,,5.0,2016-05-30,2016
VQC,phillty01,5.0,2016-05-31,2016
VQC,dowdyky01,5.0,2016-06-01,2016
VQC,clippty01,5.0,2016-06-02,2016
VQC,lodolni01,5.0,2016-06-03,2016
VQC,pallaan01,5.0,2016-06-04,2016
VQC,phillty01,5.0,2016-06-05,2016
VQC,clippty01,5.0,2016-06-07,2016
VQC,dowdyky01,6.0,2016-06-07,2016
VQC,rutleja01,,2016-06-08,2016
VQC,pallaan01,5.0,2016-06-09,2016
VQC,phillty01,5.0,2016-06-10,2016
VQC,,8.0,2016-06-11,2016
VQC,dowdyky01,5.0,2016-06-12,2016
VQC,,6.0,2016-06-14,2016
VQC,pallaan01,6.0,2016-06-15,2016
VQC,clippty01,9.0,2016-06-16,2016
VQC,lodolni01,6.0,2016-06-17,2016
VQC,dowdyky01,6.0,2016-06-18,2016
VQC,rutleja01,5.0,2016-06-19,2016
VQC,,5.0,2016-06-20,2016
VQC,woodfja01,,2016-06-21,2016
VQC,lodolni01,5.0,2016-06-22,2016
VQC,dowdyky01,5.0,2016-06-23,2016
VQC,rutleja01,5.0,2016-06-24,2016
VQC,pallaan01,5.0,2016-06-25,2016
VQC,colege01,,2016-06-26,2016
VQC,lodolni01,5.0,2016-06-27,2016
VQC,dowdyky01,5.0,2016-06-28,2016
VQC,,5.0,2016-06-29,2016
VQC,pallaan01,6.0,2016-07-01,2016
VQC,colege01,6.0,2016-07-02,2016
VQC,lodolni01,6.0,2016-07-03,2016
VQC,dowdyky01,6.0,2016-07-04,2016
VQC,ynoaga01,,2016-07-05,2016
VQC,pallaan01,5.0,2016-07-06,2016
VQC,pannoth01,,2016-07-07,2016
VQC,lodolni01,5.0,2016-07-08,2016
VQC,colege01,,2016-07-09,2016
VQC,dowdyky01,6.0,2016-07-10,2016
VQC,lodolni01,,2016-07-15,2016
VQC,phillty01,36.0,2016-07-16,2016
VQC,colege01,8.0,2016-07-17,2016
VQC,rutleja01,20.0,2016-07-19,2016
VQC,pallaan01,14.0,2016-07-20,2016
VQC,lodolni01,6.0,2016-07-21,2016
VQC,phillty01,6.0,2016-07-22,2016
VQC,pannoth01,16.0,2016-07-23,2016
VQC,rutleja01,5.0,2016-07-24,2016
VQC,lodolni01,5.0,2016-07-26,2016
VQC,phillty01,5.0,2016-07-27,2016
VQC,ynoaga01,24.0,2016-07-29,2016
VQC,rutleja01,6.0,2016-07-30,2016
VQC,lodolni01,5.0,2016-07-31,2016
VQC,phillty01,,2017-04-03,2017
VQC,rutleja01,,2017-04-05,2017
VQC,gonzagi01,,2017-04-07,2017
VQC,colege01,,2017-04-08,2017
VQC,phillty01,6.0,2017-04-09,2017
VQC,pannoth01,,2017-04-10,2017
VQC,rutleja01,6.0,2017-04-11,2017
VQC,gonzagi01,5.0,2017-04-12,2017
VQC,colege01,5.0,2017-04-13,2017
VQC,phillty01,5.0,2017-04-14,2017
VQC,pannoth01,5.0,2017-04-15,2017
VQC,rutleja01,5.0,2017-04-16,2017
VQC,gonzagi01,5.0,2017-04-17,2017
VQC,colege01,5.0,2017-04-18,2017
VQC,phillty01,5.0,2017-04-19,2017
VQC,pannoth01,6.0,2017-04-21,2017
VQC,rutleja01,6.0,2017-04-22,2017
VQC,gonzagi01,6.0,2017-04-23,2017
VQC,colege01,6.0,2017-04-24,2017
VQC,phillty01,6.0,2017-04-25,2017
VQC,pannoth01,5.0,2017-04-26,2017
VQC,rutleja01,6.0,2017-04-28,2017
VQC,gonzagi01,6.0,2017-04-29,2017
VQC,,6.0,2017-04-30,2017
VQC,phillty01,6.0,2017-05-01,2017
VQC,pannoth01,6.0,2017-05-02,2017
VQC,rutleja01,5.0,2017-05-03,2017
VQC,gonzagi01,5.0,2017-05-04,2017
VQC,colege01,5.0,2017-05-05,2017
VQC,phillty01,5.0,2017-05-06,2017
VQC,pannoth01,5.0,2017-05-07,2017
VQC,rodried05,,2017-05-08,2017
VQC,gonzagi01,5.0,2017-05-09,2017
VQC,colege01,5.0,2017-05-10,2017
VQC,phillty01,5.0,2017-05-11,2017
VQC,pannoth01,5.0,2017-05-12,2017
VQC,rodried05,5.0,2017-05-13,2017
VQC,gonzagi01,5.0,2017-05-14,2017
VQC,colege01,6.0,2017-05-16,2017
VQC,phillty01,6.0,2017-05-17,2017
VQC,pannoth01,6.0,2017-05-18,2017
VQC,rodried05,6.0,2017-05-19,2017
VQC,gonzagi01,6.0,2017-05-20,2017
VQC,colege01,5.0,2017-05-21,2017
VQC,phillty01,5.0,2017-05-22,2017
VQC,pannoth01,5.0,2017-05-23,2017
VQC,rodried05,5.0,2017-05-24,2017
VQC,gonzagi01,5.0,2017-05-25,2017
VQC,colege01,5.0,2017-05-26,2017
VQC,,5.0,2017-05-27,2017
VQC,pannoth01,,2017-05-28,2017
VQC,rodried05,5.0,2017-05-29,2017
VQC,gonzagi01,5.0,2017-05-30,2017
VQC,colege01,5.0,2017-05-31,2017
VQC,phillty01,6.0,2017-06-02,2017
VQC,pannoth01,6.0,2017-06-03,2017
VQC,,6.0,2017-06-04,2017
VQC,gonzagi01,7.0,2017-06-06,2017
VQC,colege01,7.0,2017-06-07,2017
VQC,phillty01,6.0,2017-06-08,2017
VQC,pannoth01,6.0,2017-06-09,2017
VQC,rodried05,,2017-06-10,2017
VQC,gonzagi01,5.0,2017-06-11,2017
VQC,rutleja01,40.0,2017-06-12,2017
VQC,phillty01,5.0,2017-06-13,2017
VQC,colege01,7.0,2017-06-14,2017
VQC,rodried05,6.0,2017-06-16,2017
VQC,gonzagi01,6.0,2017-06-17,2017
VQC,rutleja01,6.0,2017-06-18,2017
VQC,phillty01,6.0,2017-06-19,2017
VQC,colege01,6.0,2017-06-20,2017
VQC,rodried05,5.0,2017-06-21,2017
VQC,gonzagi01,5.0,2017-06-22,2017
VQC,rutleja01,5.0,2017-06-23,2017
VQC,phillty01,5.0,2017-06-24,2017
VQC,colege01,5.0,2017-06-25,2017
VQC,rodried05,6.0,2017-06-27,2017
VQC,gonzagi01,6.0,2017-06-28,2017
VQC,rutleja01,6.0,2017-06-29,2017
VQC,phillty01,,2017-06-30,2017
VQC,colege01,,2017-07-01,2017
VQC,rodried05,5.0,2017-07-02,2017
VQC,gonzagi01,5.0,2017-07-03,2017
VQC,rutleja01,5.0,2017-07-04,2017
VQC,phillty01,5.0,2017-07-05,2017
VQC,colege01,5.0,2017-07-06,2017
VQC,rodried05,5.0,2017-07-07,2017
VQC,gonzagi01,5.0,2017-07-08,2017
VQC,colege01,3.0,2017-07-09,2017
VQC,phillty01,9.0,2017-07-14,2017
VQC,rutleja01,11.0,2017-07-15,2017
VQC,rodried05,9.0,2017-07-16,2017
VQC,colege01,,2017-07-17,2017
VQC,gonzagi01,10.0,2017-07-18,2017
VQC,phillty01,5.0,2017-07-19,2017
VQC,rutleja01,5.0,2017-07-20,2017
VQC,rodried05,5.0,2017-07-21,2017
VQC,colege01,5.0,2017-07-22,2017
VQC,gonzagi01,5.0,2017-07-23,2017
VQC,phillty01,5.0,2017-07-24,2017
VQC,rutleja01,,2017-07-25,2017
VQC,rodried05,5.0,2017-07-26,2017
VQC,colege01,6.0,2017-07-28,2017
VQC,gonzagi01,6.0,2017-07-29,2017
VQC,phillty01,6.0,2017-07-30,2017
VQC,gonzagi01,,2018-03-30,2018
VQC,rodried05,,2018-04-01,2018
VQC,colege01,,2018-04-01,2018
VQC,,,2018-04-02,2018
VQC,gonzagi01,5.0,2018-04-04,2018
VQC,ynoaga01,,2018-04-05,2018
VQC,rodried05,5.0,2018-04-06,2018
VQC,colege01,6.0,2018-04-07,2018
VQC,rutleja01,6.0,2018-04-08,2018
VQC,gonzagi01,6.0,2018-04-10,2018
VQC,ynoaga01,6.0,2018-04-11,2018
VQC,rodried05,6.0,2018-04-12,2018
VQC,colege01,6.0,2018-04-13,2018
VQC,rutleja01,6.0,2018-04-14,2018
VQC,gonzagi01,5.0,2018-04-15,2018
VQC,ynoaga01,5.0,2018-04-16,2018
VQC,rodried05,5.0,2018-04-17,2018
VQC,colege01,5.0,2018-04-18,2018
VQC,,5.0,2018-04-19,2018
VQC,gonzagi01,5.0,2018-04-20,2018
VQC,ynoaga01,5.0,2018-04-21,2018
VQC,rodried05,5.0,2018-04-22,2018
VQC,rutleja01,,2018-04-25,2018
VQC,colege01,7.0,2018-04-25,2018
VQC,gonzagi01,6.0,2018-04-26,2018
VQC,ynoaga01,6.0,2018-04-27,2018
VQC,rodried05,6.0,2018-04-28,2018
VQC,knackla01,,2018-04-29,2018
VQC,rutleja01,5.0,2018-04-30,2018
VQC,colege01,6.0,2018-05-01,2018
VQC,gonzagi01,6.0,2018-05-02,2018
VQC,rodried05,,2018-05-03,2018
VQC,knackla01,5.0,2018-05-04,2018
VQC,rutleja01,5.0,2018-05-05,2018
VQC,colege01,5.0,2018-05-06,2018
VQC,gonzagi01,6.0,2018-05-08,2018
VQC,rodried05,,2018-05-09,2018
VQC,,6.0,2018-05-11,2018
VQC,colege01,6.0,2018-05-12,2018
VQC,gonzagi01,5.0,2018-05-13,2018
VQC,rodried05,,2018-05-15,2018
VQC,rutleja01,5.0,2018-05-16,2018
VQC,colege01,5.0,2018-05-17,2018
VQC,gonzagi01,5.0,2018-05-18,2018
VQC,knackla01,15.0,2018-05-19,2018
VQC,rodried05,5.0,2018-05-20,2018
VQC,rutleja01,6.0,2018-05-22,2018
VQC,colege01,6.0,2018-05-23,2018
VQC,gonzagi01,6.0,2018-05-24,2018
VQC,hoeinbr01,,2018-05-25,2018
VQC,rodried05,6.0,2018-05-26,2018
VQC,rutleja01,5.0,2018-05-27,2018
VQC,colege01,5.0,2018-05-28,2018
VQC,knackla01,10.0,2018-05-29,2018
VQC,,5.0,2018-05-30,2018
VQC,rodried05,5.0,2018-05-31,2018
VQC,rutleja01,5.0,2018-06-01,2018
VQC,colege01,5.0,2018-06-02,2018
VQC,knackla01,5.0,2018-06-03,2018
VQC,hoeinbr01,6.0,2018-06-05,2018
VQC,rodried05,6.0,2018-06-06,2018
VQC,rutleja01,6.0,2018-06-07,2018
VQC,colege01,6.0,2018-06-08,2018
VQC,knackla01,6.0,2018-06-09,2018
VQC,gonzagi01,17.0,2018-06-10,2018
VQC,hoeinbr01,6.0,2018-06-11,2018
VQC,rodried05,6.0,2018-06-12,2018
VQC,rutleja01,6.0,2018-06-13,2018
VQC,colege01,7.0,2018-06-15,2018
VQC,gonzagi01,6.0,2018-06-16,2018
VQC,hoeinbr01,6.0,2018-06-17,2018
VQC,rodried05,,2018-06-18,2018
VQC,rutleja01,6.0,2018-06-19,2018
VQC,colege01,6.0,2018-06-21,2018
VQC,gonzagi01,6.0,2018-06-22,2018
VQC,hoeinbr01,6.0,2018-06-23,2018
VQC,rodried05,,2018-06-24,2018
VQC,,6.0,2018-06-25,2018
VQC,colege01,5.0,2018-06-26,2018
VQC,gonzagi01,5.0,2018-06-27,2018
VQC,hoeinbr01,6.0,2018-06-29,2018
VQC,rodried05,6.0,2018-06-30,2018
VQC,rutleja01,6.0,2018-07-01,2018
VQC,knackla01,23.0,2018-07-02,2018
VQC,gonzagi01,6.0,2018-07-03,2018
VQC,whitlga01,,2018-07-04,2018
VQC,rodried05,6.0,2018-07-06,2018
VQC,rutleja01,6.0,2018-07-07,2018
VQC,knackla01,,2018-07-08,2018
VQC,gonzagi01,6.0,2018-07-09,2018
VQC,hoeinbr01,11.0,2018-07-10,2018
VQC,rodried05,5.0,2018-07-11,2018
VQC,rutleja01,5.0,2018-07-12,2018
VQC,,5.0,2018-07-13,2018
VQC,whitlga01,10.0,2018-07-14,2018
VQC,gonzagi01,5.0,2018-07-14,2018
VQC,hoeinbr01,5.0,2018-07-15,2018
VQC,rutleja01,8.0,2018-07-20,2018
VQC,knackla01,8.0,2018-07-21,2018
VQC,gonzagi01,8.0,2018-07-22,2018
VQC,rodried05,,2018-07-23,2018
VQC,hoeinbr01,9.0,2018-07-24,2018
VQC,rutleja01,5.0,2018-07-25,2018
VQC,knackla01,5.0,2018-07-26,2018
VQC,gonzagi01,5.0,2018-07-27,2018
VQC,rodried05,5.0,2018-07-28,2018
VQC,hoeinbr01,5.0,2018-07-29,2018
VQC,rutleja01,6.0,2018-07-31,2018
VQC,rutleja01,,2019-03-28,2019
VQC,rodried05,,2019-03-31,2019
VQC,middlke01,,2019-04-01,2019
VQC,rutleja01,6.0,2019-04-03,2019
VQC,woodtr01,,2019-04-04,2019
VQC,hoeinbr01,,2019-04-05,2019
VQC,rodried05,6.0,2019-04-06,2019
VQC,middlke01,6.0,2019-04-07,2019
VQC,rutleja01,5.0,2019-04-08,2019
VQC,woodtr01,6.0,2019-04-10,2019
VQC,hoeinbr01,6.0,2019-04-11,2019
VQC,rodried05,6.0,2019-04-12,2019
VQC,middlke01,6.0,2019-04-13,2019
VQC,rutleja01,,2019-04-14,2019
VQC,hoeinbr01,5.0,2019-04-16,2019
VQC,rodried05,5.0,2019-04-17,2019
VQC,woodtr01,9.0,2019-04-19,2019
VQC,rutleja01,6.0,2019-04-20,2019
VQC,middlke01,8.0,2019-04-21,2019
VQC,hoeinbr01,6.0,2019-04-22,2019
VQC,rodried05,6.0,2019-04-23,2019
VQC,woodtr01,5.0,2019-04-24,2019
VQC,rutleja01,5.0,2019-04-25,2019
VQC,middlke01,5.0,2019-04-26,2019
VQC,,5.0,2019-04-27,2019
VQC,rodried05,5.0,2019-04-28,2019
VQC,woodtr01,6.0,2019-04-30,2019
VQC,rutleja01,,2019-05-01,2019
VQC,hoeinbr01,6.0,2019-05-03,2019
VQC,rodried05,6.0,2019-05-04,2019
VQC,woodtr01,5.0,2019-05-05,2019
VQC,ynoaga01,,2019-05-07,2019
VQC,knackla01,,2019-05-08,2019
VQC,hoeinbr01,6.0,2019-05-09,2019
VQC,rodried05,,2019-05-10,2019
VQC,woodtr01,6.0,2019-05-11,2019
VQC,ynoaga01,5.0,2019-05-12,2019
VQC,knackla01,5.0,2019-05-13,2019
VQC,hoeinbr01,5.0,2019-05-14,2019
VQC,middlke01,19.0,2019-05-15,2019
VQC,rodried05,6.0,2019-05-16,2019
VQC,woodtr01,6.0,2019-05-17,2019
VQC,scribtr01,,2019-05-18,2019
VQC,hoeinbr01,5.0,2019-05-19,2019
VQC,middlke01,6.0,2019-05-21,2019
VQC,scribtr01,4.0,2019-05-22,2019
VQC,woodtr01,6.0,2019-05-23,2019
VQC,greensh02,,2019-05-24,2019
VQC,hoeinbr01,6.0,2019-05-25,2019
VQC,middlke01,5.0,2019-05-26,2019
VQC,knackla01,14.0,2019-05-27,2019
VQC,asheral01,,2019-05-27,2019
VQC,woodtr01,5.0,2019-05-28,2019
VQC,ynoaga01,17.0,2019-05-29,2019
VQC,hoeinbr01,5.0,2019-05-30,2019
VQC,,5.0,2019-05-31,2019
VQC,knackla01,5.0,2019-06-01,2019
VQC,woodtr01,5.0,2019-06-02,2019
VQC,ynoaga01,6.0,2019-06-04,2019
VQC,hoeinbr01,6.0,2019-06-05,2019
VQC,middlke01,6.0,2019-06-06,2019
VQC,tylerky01,,2019-06-07,2019
VQC,,6.0,2019-06-08,2019
VQC,ynoaga01,5.0,2019-06-09,2019
VQC,hoeinbr01,5.0,2019-06-10,2019
VQC,middlke01,5.0,2019-06-11,2019
VQC,asheral01,16.0,2019-06-12,2019
VQC,hoeinbr01,3.0,2019-06-13,2019
VQC,ynoaga01,5.0,2019-06-14,2019
VQC,moorema02,,2019-06-15,2019
VQC,middlke01,5.0,2019-06-16,2019
VQC,,6.0,2019-06-18,2019
VQC,,34.0,2019-06-19,2019
VQC,hoeinbr01,8.0,2019-06-21,2019
VQC,middlke01,6.0,2019-06-22,2019
VQC,ynoaga01,9.0,2019-06-23,2019
VQC,rodried05,6.0,2019-06-25,2019
VQC,moorema02,11.0,2019-06-26,2019
VQC,hoeinbr01,6.0,2019-06-27,2019
VQC,middlke01,,2019-06-28,2019
VQC,woodtr01,21.0,2019-06-29,2019
VQC,ynoaga01,7.0,2019-06-30,2019
VQC,rodried05,,2019-07-01,2019
VQC,hoeinbr01,5.0,2019-07-02,2019
VQC,middlke01,5.0,2019-07-03,2019
VQC,woodtr01,5.0,2019-07-04,2019
VQC,ynoaga01,5.0,2019-07-05,2019
VQC,moorema02,10.0,2019-07-06,2019
VQC,hoeinbr01,5.0,2019-07-07,2019
VQC,middlke01,9.0,2019-07-12,2019
VQC,woodtr01,,2019-07-13,2019
VQC,rodried05,13.0,2019-07-14,2019
VQC,hoeinbr01,8.0,2019-07-15,2019
VQC,moorema02,,2019-07-16,2019
VQC,middlke01,5.0,2019-07-17,2019
VQC,woodtr01,6.0,2019-07-19,2019
VQC,hoeinbr01,5.0,2019-07-20,2019
VQC,moorema02,5.0,2019-07-21,2019
VQC,rodried05,8.0,2019-07-22,2019
VQC,middlke01,6.0,2019-07-23,2019
VQC,woodtr01,5.0,2019-07-24,2019
VQC,,5.0,2019-07-25,2019
VQC,moorema02,5.0,2019-07-26,2019
VQC,rodried05,5.0,2019-07-27,2019
VQC,middlke01,5.0,2019-07-28,2019
VQC,bridwpa01,,2019-07-29,2019
VQC,hoeinbr01,,2019-07-30,2019
VQC,moorema02,5.0,2019-07-31,2019
VQC,colege01,,2021-04-01,2021
VQC,parkebl01,,2021-04-03,2021
VQC,asheral01,,2021-04-04,2021
VQC,mcclare01,,2021-04-05,2021
VQC,,,2021-04-06,2021
VQC,colege01,6.0,2021-04-07,2021
VQC,parkebl01,5.0,2021-04-08,2021
VQC,asheral01,6.0,2021-04-10,2021
VQC,mcclare01,,2021-04-11,2021
VQC,ramirer02,6.0,2021-04-12,2021
VQC,colege01,6.0,2021-04-13,2021
VQC,parkebl01,6.0,2021-04-14,2021
VQC,asheral01,5.0,2021-04-15,2021
VQC,mcclare01,5.0,2021-04-16,2021
VQC,ramirer02,5.0,2021-04-17,2021
VQC,colege01,5.0,2021-04-18,2021
VQC,lawreca01,,2021-04-21,2021
VQC,parkebl01,7.0,2021-04-21,2021
VQC,asheral01,7.0,2021-04-22,2021
VQC,,7.0,2021-04-23,2021
VQC,ramirer02,7.0,2021-04-24,2021
VQC,ponceco01,,2021-04-25,2021
VQC,parkebl01,6.0,2021-04-27,2021
VQC,asheral01,6.0,2021-04-28,2021
VQC,mcclare01,7.0,2021-04-30,2021
VQC,,7.0,2021-05-01,2021
VQC,ponceco01,7.0,2021-05-02,2021
VQC,parkebl01,6.0,2021-05-03,2021
VQC,asheral01,6.0,2021-05-04,2021
VQC,mcclare01,5.0,2021-05-05,2021
VQC,ramirer02,6.0,2021-05-07,2021
VQC,ponceco01,6.0,2021-05-08,2021
VQC,parkebl01,6.0,2021-05-09,2021
VQC,asheral01,6.0,2021-05-10,2021
VQC,mcclare01,6.0,2021-05-11,2021
VQC,ramirer02,5.0,2021-05-12,2021
VQC,ponceco01,5.0,2021-05-13,2021
VQC,lawreca01,23.0,2021-05-14,2021
VQC,parkebl01,6.0,2021-05-15,2021
VQC,asheral01,,2021-05-16,2021
VQC,mcclare01,7.0,2021-05-18,2021
VQC,ramirer02,7.0,2021-05-19,2021
VQC,ponceco01,7.0,2021-05-20,2021
VQC,parkebl01,6.0,2021-05-21,2021
VQC,asheral01,6.0,2021-05-22,2021
VQC,mcclare01,5.0,2021-05-23,2021
VQC,yajurmi01,,2021-05-25,2021
VQC,ponceco01,6.0,2021-05-26,2021
VQC,parkebl01,6.0,2021-05-27,2021
VQC,asheral01,7.0,2021-05-29,2021
VQC,mcclare01,6.0,2021-05-29,2021
VQC,,,2021-05-30,2021
VQC,colege01,43.0,2021-05-31,2021
VQC,ponceco01,6.0,2021-06-01,2021
VQC,parkebl01,7.0,2021-06-03,2021
VQC,asheral01,6.0,2021-06-04,2021
VQC,thompja03,6.0,2021-06-05,2021
VQC,colege01,6.0,2021-06-06,2021
VQC,mcclare01,10.0,2021-06-08,2021
VQC,parkebl01,6.0,2021-06-09,2021
VQC,asheral01,6.0,2021-06-10,2021
VQC,thompja03,6.0,2021-06-11,2021
VQC,colege01,6.0,2021-06-12,2021
VQC,ponceco01,12.0,2021-06-13,2021
VQC,mcclare01,6.0,2021-06-14,2021
VQC,parkebl01,6.0,2021-06-15,2021
VQC,thompja03,5.0,2021-06-16,2021
VQC,,6.0,2021-06-18,2021
VQC,ponceco01,6.0,2021-06-19,2021
VQC,mcclare01,,2021-06-20,2021
VQC,parkebl01,7.0,2021-06-22,2021
VQC,thompja03,7.0,2021-06-23,2021
VQC,colege01,6.0,2021-06-24,2021
VQC,ponceco01,6.0,2021-06-25,2021
VQC,mcclare01,6.0,2021-06-26,2021
VQC,ferguca01,,2021-06-27,2021
VQC,,6.0,2021-06-28,2021
VQC,thompja03,6.0,2021-06-29,2021
VQC,,6.0,2021-06-30,2021
VQC,ponceco01,6.0,2021-07-01,2021
VQC,mcclare01,6.0,2021-07-02,2021
VQC,yajurmi01,39.0,2021-07-03,2021
VQC,parkebl01,6.0,2021-07-04,2021
VQC,,6.0,2021-07-05,2021
VQC,colege01,,2021-07-06,2021
VQC,ponceco01,6.0,2021-07-07,2021
VQC,mcclare01,7.0,2021-07-09,2021
VQC,ferguca01,,2021-07-10,2021
VQC,parkebl01,6.0,2021-07-10,2021
VQC,thompja03,6.0,2021-07-11,2021
VQC,colege01,10.0,2021-07-16,2021
VQC,ponceco01,,2021-07-17,2021
VQC,mcclare01,9.0,2021-07-18,2021
VQC,thompja03,8.0,2021-07-19,2021
VQC,parkebl01,10.0,2021-07-20,2021
VQC,ferguca01,11.0,2021-07-21,2021
VQC,colege01,7.0,2021-07-23,2021
VQC,ponceco01,7.0,2021-07-24,2021
VQC,mcclare01,7.0,2021-07-25,2021
VQC,scherma01,,2021-07-27,2021
VQC,ferguca01,7.0,2021-07-28,2021
VQC,colege01,6.0,2021-07-29,2021
VQC,ponceco01,6.0,2021-07-30,2021
VQC,mcclare01,6.0,2021-07-31,2021
VQC,mcclare01,,2022-04-07,2022
VQC,asheral01,,2022-04-09,2022
VQC,gonsoto01,,2022-04-10,2022
VQC,johnser04,,2022-04-12,2022
VQC,cashnan01,,2022-04-13,2022
VQC,mcclare01,7.0,2022-04-14,2022
VQC,asheral01,6.0,2022-04-15,2022
VQC,,6.0,2022-04-16,2022
VQC,,5.0,2022-04-17,2022
VQC,cashnan01,5.0,2022-04-18,2022
VQC,mcclare01,5.0,2022-04-19,2022
VQC,asheral01,5.0,2022-04-20,2022
VQC,gonsoto01,,2022-04-21,2022
VQC,johnser04,5.0,2022-04-22,2022
VQC,cashnan01,5.0,2022-04-23,2022
VQC,,5.0,2022-04-24,2022
VQC,asheral01,6.0,2022-04-26,2022
VQC,bradlta01,,2022-04-27,2022
VQC,johnser04,6.0,2022-04-28,2022
VQC,cashnan01,6.0,2022-04-29,2022
VQC,mcclare01,,2022-04-30,2022
VQC,asheral01,5.0,2022-05-01,2022
VQC,johnser04,6.0,2022-05-04,2022
VQC,bradlta01,7.0,2022-05-04,2022
VQC,mcclare01,7.0,2022-05-07,2022
VQC,asheral01,6.0,2022-05-07,2022
VQC,cashnan01,9.0,2022-05-08,2022
VQC,johnser04,5.0,2022-05-09,2022
VQC,gonsoto01,19.0,2022-05-10,2022
VQC,bradlta01,7.0,2022-05-11,2022
VQC,mcclare01,5.0,2022-05-12,2022
VQC,asheral01,6.0,2022-05-13,2022
VQC,cashnan01,6.0,2022-05-14,2022
VQC,johnser04,6.0,2022-05-15,2022
VQC,bradlta01,5.0,2022-05-16,2022
VQC,mcclare01,5.0,2022-05-17,2022
VQC,ponceco01,,2022-05-18,2022
VQC,cashnan01,6.0,2022-05-20,2022
VQC,johnser04,6.0,2022-05-21,2022
VQC,gonsoto01,12.0,2022-05-22,2022
VQC,,6.0,2022-05-23,2022
VQC,morejad01,,2022-05-24,2022
VQC,cashnan01,5.0,2022-05-25,2022
VQC,johnser04,6.0,2022-05-27,2022
VQC,mcclare01,5.0,2022-05-28,2022
VQC,morejad01,5.0,2022-05-29,2022
VQC,cashnan01,5.0,2022-05-30,2022
VQC,asheral01,18.0,2022-05-31,2022
VQC,johnser04,5.0,2022-06-01,2022
VQC,mcclare01,6.0,2022-06-03,2022
VQC,morejad01,6.0,2022-06-04,2022
VQC,cashnan01,6.0,2022-06-05,2022
VQC,johnser04,6.0,2022-06-07,2022
VQC,asheral01,8.0,2022-06-08,2022
VQC,mcclare01,6.0,2022-06-09,2022
VQC,morejad01,6.0,2022-06-10,2022
VQC,cashnan01,6.0,2022-06-11,2022
VQC,johnser04,5.0,2022-06-12,2022
VQC,asheral01,5.0,2022-06-13,2022
VQC,gonsoto01,23.0,2022-06-14,2022
VQC,mcclare01,5.0,2022-06-14,2022
VQC,morejad01,5.0,2022-06-15,2022
VQC,cashnan01,6.0,2022-06-17,2022
VQC,johnser04,6.0,2022-06-18,2022
VQC,asheral01,6.0,2022-06-19,2022
VQC,mcclare01,6.0,2022-06-20,2022
VQC,morejad01,6.0,2022-06-21,2022
VQC,abbotan01,,2022-06-22,2022
VQC,johnser04,5.0,2022-06-23,2022
VQC,asheral01,,2022-06-24,2022
VQC,mcclare01,5.0,2022-06-25,2022
VQC,morejad01,,2022-06-26,2022
VQC,lawreca01,,2022-06-27,2022
VQC,johnser04,5.0,2022-06-28,2022
VQC,asheral01,5.0,2022-06-29,2022
VQC,mcclare01,5.0,2022-06-30,2022
VQC,morejad01,5.0,2022-07-01,2022
VQC,gonsoto01,18.0,2022-07-02,2022
VQC,cashnan01,16.0,2022-07-03,2022
VQC,johnser04,7.0,2022-07-05,2022
VQC,,7.0,2022-07-06,2022
VQC,morejad01,6.0,2022-07-07,2022
VQC,gonsoto01,5.0,2022-07-07,2022
VQC,mcclare01,8.0,2022-07-08,2022
VQC,cashnan01,6.0,2022-07-09,2022
VQC,johnser04,5.0,2022-07-10,2022
VQC,asheral01,5.0,2022-07-11,2022
VQC,mcraeal01,,2022-07-12,2022
VQC,,5.0,2022-07-13,2022
VQC,cashnan01,5.0,2022-07-14,2022
VQC,johnser04,5.0,2022-07-15,2022
VQC,asheral01,5.0,2022-07-16,2022
VQC,gonsoto01,10.0,2022-07-17,2022
VQC,cashnan01,8.0,2022-07-22,2022
VQC,johnser04,8.0,2022-07-23,2022
VQC,asheral01,8.0,2022-07-24,2022
VQC,mcclare01,12.0,2022-07-25,2022
VQC,gonsoto01,9.0,2022-07-26,2022
VQC,cashnan01,6.0,2022-07-28,2022
VQC,johnser04,6.0,2022-07-29,2022
VQC,asheral01,6.0,2022-07-30,2022
VQC,mcclare01,6.0,2022-07-31,2022
VQC,asheral01,,2023-03-30,2023
VQC,willitr01,,2023-04-01,2023
VQC,kaprija01,,2023-04-02,2023
VQC,ginnjt01,,2023-04-03,2023
VQC,morejad01,,2023-04-04,2023
VQC,asheral01,6.0,2023-04-05,2023
VQC,willitr01,6.0,2023-04-07,2023
VQC,kaprija01,6.0,2023-04-08,2023
VQC,ginnjt01,6.0,2023-04-09,2023
VQC,morejad01,6.0,2023-04-10,2023
VQC,asheral01,6.0,2023-04-11,2023
VQC,willitr01,5.0,2023-04-12,2023
VQC,kaprija01,5.0,2023-04-13,2023
VQC,ginnjt01,,2023-04-14,2023
VQC,morejad01,5.0,2023-04-15,2023
VQC,asheral01,5.0,2023-04-16,2023
VQC,willitr01,5.0,2023-04-17,2023
VQC,kaprija01,5.0,2023-04-18,2023
VQC,ginnjt01,5.0,2023-04-19,2023
VQC,morejad01,5.0,2023-04-20,2023
VQC,asheral01,5.0,2023-04-21,2023
VQC,willitr01,5.0,2023-04-22,2023
VQC,kaprija01,5.0,2023-04-23,2023
VQC,ginnjt01,6.0,2023-04-25,2023
VQC,morejad01,6.0,2023-04-26,2023
VQC,asheral01,6.0,2023-04-27,2023
VQC,willitr01,7.0,2023-04-29,2023
VQC,kaprija01,6.0,2023-04-29,2023
VQC,ginnjt01,5.0,2023-04-30,2023
VQC,morejad01,6.0,2023-05-02,2023
VQC,asheral01,6.0,2023-05-03,2023
VQC,kaprija01,5.0,2023-05-04,2023
VQC,willitr01,6.0,2023-05-05,2023
VQC,ginnjt01,6.0,2023-05-06,2023
VQC,morejad01,,2023-05-07,2023
VQC,asheral01,5.0,2023-05-08,2023
VQC,sparkgl01,,2023-05-09,2023
VQC,willitr01,5.0,2023-05-10,2023
VQC,ginnjt01,6.0,2023-05-12,2023
VQC,morejad01,6.0,2023-05-13,2023
VQC,asheral01,,2023-05-14,2023
VQC,sparkgl01,7.0,2023-05-16,2023
VQC,willitr01,7.0,2023-05-17,2023
VQC,ginnjt01,7.0,2023-05-19,2023
VQC,asheral01,6.0,2023-05-20,2023
VQC,morejad01,8.0,2023-05-21,2023
VQC,sparkgl01,6.0,2023-05-22,2023
VQC,willitr01,6.0,2023-05-23,2023
VQC,ginnjt01,5.0,2023-05-24,2023
VQC,asheral01,6.0,2023-05-26,2023
VQC,kaprija01,23.0,2023-05-27,2023
VQC,,6.0,2023-05-28,2023
VQC,willitr01,6.0,2023-05-29,2023
VQC,ginnjt01,6.0,2023-05-30,2023
VQC,asheral01,5.0,2023-05-31,2023
VQC,morejad01,12.0,2023-06-02,2023
VQC,,6.0,2023-06-03,2023
VQC,willitr01,6.0,2023-06-04,2023
VQC,ginnjt01,6.0,2023-06-05,2023
VQC,asheral01,6.0,2023-06-06,2023
VQC,morejad01,5.0,2023-06-07,2023
VQC,willitr01,5.0,2023-06-09,2023
VQC,ginnjt01,5.0,2023-06-10,2023
VQC,asheral01,5.0,2023-06-11,2023
VQC,sparkgl01,10.0,2023-06-13,2023
VQC,flaheja01,,2023-06-14,2023
VQC,ginnjt01,5.0,2023-06-15,2023
VQC,,7.0,2023-06-16,2023
VQC,asheral01,6.0,2023-06-17,2023
VQC,sparkgl01,5.0,2023-06-18,2023
VQC,flaheja01,5.0,2023-06-19,2023
VQC,ginnjt01,5.0,2023-06-20,2023
VQC,,5.0,2023-06-21,2023
VQC,asheral01,5.0,2023-06-22,2023
VQC,sparkgl01,5.0,2023-06-23,2023
VQC,flaheja01,5.0,2023-06-24,2023
VQC,ginnjt01,5.0,2023-06-25,2023
VQC,willitr01,6.0,2023-06-27,2023
VQC,asheral01,6.0,2023-06-28,2023
VQC,sparkgl01,6.0,2023-06-29,2023
VQC,flaheja01,6.0,2023-06-30,2023
VQC,ginnjt01,6.0,2023-07-01,2023
VQC,willitr01,5.0,2023-07-02,2023
VQC,asheral01,5.0,2023-07-03,2023
VQC,sparkgl01,5.0,2023-07-04,2023
VQC,flaheja01,,2023-07-05,2023
VQC,ginnjt01,5.0,2023-07-06,2023
VQC,willitr01,5.0,2023-07-07,2023
VQC,asheral01,,2023-07-08,2023
VQC,eschja01,,2023-07-09,2023
VQC,willitr01,7.0,2023-07-14,2023
VQC,ginnjt01,9.0,2023-07-15,2023
VQC,flaheja01,11.0,2023-07-16,2023
VQC,,,2023-07-17,2023
VQC,asheral01,10.0,2023-07-18,2023
VQC,willitr01,5.0,2023-07-19,2023
VQC,ginnjt01,6.0,2023-07-21,2023
VQC,sotogr01,,2023-07-22,2023
VQC,asheral01,5.0,2023-07-23,2023
VQC,feierry01,7.0,2023-07-24,2023
VQC,willitr01,6.0,2023-07-25,2023
VQC,ginnjt01,5.0,2023-07-26,2023
VQC,asheral01,5.0,2023-07-28,2023
VQC,feierry01,5.0,2023-07-29,2023
VQC,willitr01,5.0,2023-07-30,2023
XFB,rodriya01,,2016-04-04,2016
XFB,feddeer01,,2016-04-05,2016
XFB,iveyty01,,2016-04-06,2016
XFB,ramosce01,,2016-04-07,2016
XFB,mazurad01,,2016-04-08,2016
XFB,rodriya01,5.0,2016-04-09,2016
XFB,feddeer01,5.0,2016-04-10,2016
XFB,iveyty01,6.0,2016-04-12,2016
XFB,ramosce01,6.0,2016-04-13,2016
XFB,mazurad01,6.0,2016-04-14,2016
XFB,rodriya01,6.0,2016-04-15,2016
XFB,feddeer01,6.0,2016-04-16,2016
XFB,,5.0,2016-04-17,2016
XFB,arrigsp01,,2016-04-18,2016
XFB,mazurad01,5.0,2016-04-19,2016
XFB,rodriya01,5.0,2016-04-20,2016
XFB,feddeer01,5.0,2016-04-21,2016
XFB,iveyty01,5.0,2016-04-22,2016
XFB,ramosce01,10.0,2016-04-23,2016
XFB,mazurad01,5.0,2016-04-24,2016
XFB,rodriya01,5.0,2016-04-25,2016
XFB,feddeer01,5.0,2016-04-26,2016
XFB,iveyty01,5.0,2016-04-27,2016
XFB,ramosce01,5.0,2016-04-28,2016
XFB,mazurad01,5.0,2016-04-29,2016
XFB,rodriya01,5.0,2016-04-30,2016
XFB,feddeer01,,2016-05-01,2016
XFB,iveyty01,6.0,2016-05-03,2016
XFB,ramosce01,6.0,2016-05-04,2016
XFB,mazurad01,6.0,2016-05-05,2016
XFB,rodriya01,6.0,2016-05-06,2016
XFB,,6.0,2016-05-07,2016
XFB,iveyty01,,2016-05-08,2016
XFB,arrigsp01,,2016-05-09,2016
XFB,ramosce01,6.0,2016-05-10,2016
XFB,mazurad01,6.0,2016-05-11,2016
XFB,rodriya01,6.0,2016-05-12,2016
XFB,feddeer01,6.0,2016-05-13,2016
XFB,iveyty01,6.0,2016-05-14,2016
XFB,ramosce01,5.0,2016-05-15,2016
XFB,mazurad01,5.0,2016-05-16,2016
XFB,rodriya01,5.0,2016-05-17,2016
XFB,feddeer01,5.0,2016-05-18,2016
XFB,iveyty01,6.0,2016-05-20,2016
XFB,mazurad01,5.0,2016-05-21,2016
XFB,rodriya01,5.0,2016-05-22,2016
XFB,feddeer01,6.0,2016-05-24,2016
XFB,ramosce01,10.0,2016-05-25,2016
XFB,iveyty01,6.0,2016-05-26,2016
XFB,mazurad01,6.0,2016-05-27,2016
XFB,rodriya01,6.0,2016-05-28,2016
XFB,arrigsp01,20.0,2016-05-29,2016
XFB,cabreed02,,2016-05-30,2016
XFB,iveyty01,5.0,2016-05-31,2016
XFB,mazurad01,5.0,2016-06-01,2016
XFB,rodriya01,5.0,2016-06-02,2016
XFB,arrigsp01,5.0,2016-06-03,2016
XFB,cabreed02,,2016-06-04,2016
XFB,iveyty01,5.0,2016-06-05,2016
XFB,mazurad01,5.0,2016-06-06,2016
XFB,rodriya01,5.0,2016-06-07,2016
XFB,arrigsp01,5.0,2016-06-08,2016
XFB,iveyty01,5.0,2016-06-10,2016
XFB,montafr02,,2016-06-11,2016
XFB,mazurad01,6.0,2016-06-12,2016
XFB,rodriya01,6.0,2016-06-13,2016
XFB,arrigsp01,6.0,2016-06-14,2016
XFB,iveyty01,5.0,2016-06-15,2016
XFB,mazurad01,5.0,2016-06-17,2016
XFB,rodriya01,5.0,2016-06-18,2016
XFB,arrigsp01,5.0,2016-06-19,2016
XFB,feddeer01,27.0,2016-06-20,2016
XFB,iveyty01,6.0,2016-06-21,2016
XFB,mazurad01,5.0,2016-06-22,2016
XFB,rodriya01,,2016-06-23,2016
XFB,arrigsp01,5.0,2016-06-24,2016
XFB,feddeer01,5.0,2016-06-25,2016
XFB,iveyty01,5.0,2016-06-26,2016
XFB,mazurad01,5.0,2016-06-27,2016
XFB,rodriya01,5.0,2016-06-28,2016
XFB,,5.0,2016-06-29,2016
XFB,feddeer01,6.0,2016-07-01,2016
XFB,iveyty01,6.0,2016-07-02,2016
XFB,mazurad01,6.0,2016-07-03,2016
XFB,,5.0,2016-07-04,2016
XFB,montafr02,24.0,2016-07-05,2016
XFB,feddeer01,5.0,2016-07-06,2016
XFB,iveyty01,6.0,2016-07-08,2016
XFB,mazurad01,6.0,2016-07-09,2016
XFB,arrigsp01,6.0,2016-07-10,2016
XFB,iveyty01,7.0,2016-07-15,2016
XFB,arrigsp01,6.0,2016-07-16,2016
XFB,mazurad01,8.0,2016-07-17,2016
XFB,montafr02,14.0,2016-07-19,2016
XFB,iveyty01,5.0,2016-07-20,2016
XFB,arrigsp01,6.0,2016-07-22,2016
XFB,mazurad01,6.0,2016-07-23,2016
XFB,montafr02,5.0,2016-07-24,2016
XFB,sheehem01,,2016-07-25,2016
XFB,iveyty01,6.0,2016-07-26,2016
XFB,arrigsp01,5.0,2016-07-27,2016
XFB,mazurad01,5.0,2016-07-28,2016
XFB,montafr02,5.0,2016-07-29,2016
XFB,sheehem01,5.0,2016-07-30,2016
XFB,iveyty01,5.0,2016-07-31,2016
XFB,rodriya01,,2017-04-02,2017
XFB,iveyty01,,2017-04-04,2017
XFB,wrighda04,,2017-04-05,2017
XFB,mazurad01,,2017-04-06,2017
XFB,feddeer01,,2017-04-07,2017
XFB,rodriya01,6.0,2017-04-08,2017
XFB,iveyty01,5.0,2017-04-09,2017
XFB,wrighda04,5.0,2017-04-10,2017
XFB,mazurad01,5.0,2017-04-11,2017
XFB,,5.0,2017-04-12,2017
XFB,rodriya01,6.0,2017-04-14,2017
XFB,iveyty01,6.0,2017-04-15,2017
XFB,wrighda04,6.0,2017-04-16,2017
XFB,mazurad01,6.0,2017-04-17,2017
XFB,feddeer01,6.0,2017-04-18,2017
XFB,rodriya01,5.0,2017-04-19,2017
XFB,iveyty01,5.0,2017-04-20,2017
XFB,wrighda04,5.0,2017-04-21,2017
XFB,mazurad01,,2017-04-22,2017
XFB,feddeer01,5.0,2017-04-23,2017
XFB,rodriya01,5.0,2017-04-24,2017
XFB,iveyty01,5.0,2017-04-25,2017
XFB,montafr02,,2017-04-26,2017
XFB,wrighda04,6.0,2017-04-27,2017
XFB,mazurad01,6.0,2017-04-28,2017
XFB,rodriya01,5.0,2017-04-29,2017
XFB,iveyty01,5.0,2017-04-30,2017
XFB,wrighda04,5.0,2017-05-02,2017
XFB,mazurad01,5.0,2017-05-03,2017
XFB,sheehem01,,2017-05-04,2017
XFB,rodriya01,6.0,2017-05-05,2017
XFB,iveyty01,6.0,2017-05-06,2017
XFB,wrighda04,5.0,2017-05-07,2017
XFB,mazurad01,6.0,2017-05-09,2017
XFB,montafr02,14.0,2017-05-10,2017
XFB,rodriya01,6.0,2017-05-11,2017
XFB,iveyty01,6.0,2017-05-12,2017
XFB,wrighda04,6.0,2017-05-13,2017
XFB,,5.0,2017-05-14,2017
XFB,montafr02,,2017-05-15,2017
XFB,rodriya01,5.0,2017-05-16,2017
XFB,iveyty01,5.0,2017-05-17,2017
XFB,wrighda04,6.0,2017-05-19,2017
XFB,mazurad01,6.0,2017-05-20,2017
XFB,,6.0,2017-05-21,2017
XFB,rodriya01,6.0,2017-05-22,2017
XFB,iveyty01,6.0,2017-05-23,2017
XFB,santito01,,2017-05-24,2017
XFB,mazurad01,5.0,2017-05-25,2017
XFB,montafr02,5.0,2017-05-26,2017
XFB,rodriya01,5.0,2017-05-27,2017
XFB,iveyty01,5.0,2017-05-28,2017
XFB,santito01,5.0,2017-05-29,2017
XFB,mazurad01,5.0,2017-05-30,2017
XFB,,5.0,2017-05-31,2017
XFB,rodriya01,5.0,2017-06-01,2017
XFB,iveyty01,5.0,2017-06-02,2017
XFB,santito01,5.0,2017-06-03,2017
XFB,sheehem01,31.0,2017-06-04,2017
XFB,mazurad01,7.0,2017-06-06,2017
XFB,rodriya01,6.0,2017-06-07,2017
XFB,iveyty01,6.0,2017-06-08,2017
XFB,santito01,6.0,2017-06-09,2017
XFB,montafr02,10.0,2017-06-10,2017
XFB,mazurad01,5.0,2017-06-11,2017
XFB,rodriya01,6.0,2017-06-13,2017
XFB,wrighda04,26.0,2017-06-14,2017
XFB,iveyty01,8.0,2017-06-16,2017
XFB,montafr02,7.0,2017-06-17,2017
XFB,,7.0,2017-06-18,2017
XFB,rodriya01,,2017-06-20,2017
XFB,wrighda04,7.0,2017-06-21,2017
XFB,montafr02,5.0,2017-06-22,2017
XFB,iveyty01,,2017-06-23,2017
XFB,mazurad01,6.0,2017-06-24,2017
XFB,santito01,16.0,2017-06-25,2017
XFB,rodriya01,,2017-06-26,2017
XFB,wrighda04,6.0,2017-06-27,2017
XFB,montafr02,6.0,2017-06-28,2017
XFB,iveyty01,6.0,2017-06-29,2017
XFB,mazurad01,6.0,2017-06-30,2017
XFB,rodriya01,5.0,2017-07-01,2017
XFB,wrighda04,,2017-07-02,2017
XFB,iveyty01,5.0,2017-07-04,2017
XFB,montafr02,7.0,2017-07-05,2017
XFB,mazurad01,6.0,2017-07-06,2017
XFB,rodriya01,6.0,2017-07-07,2017
XFB,wrighda04,6.0,2017-07-08,2017
XFB,iveyty01,5.0,2017-07-09,2017
XFB,,6.0,2017-07-14,2017
XFB,iveyty01,6.0,2017-07-15,2017
XFB,montafr02,,2017-07-16,2017
XFB,mazurad01,12.0,2017-07-18,2017
XFB,rodriya01,12.0,2017-07-19,2017
XFB,iveyty01,5.0,2017-07-20,2017
XFB,montafr02,5.0,2017-07-21,2017
XFB,benjawe01,,2017-07-22,2017
XFB,mazurad01,5.0,2017-07-23,2017
XFB,rodriya01,5.0,2017-07-24,2017
XFB,wrighda04,11.0,2017-07-25,2017
XFB,iveyty01,6.0,2017-07-26,2017
XFB,montafr02,6.0,2017-07-27,2017
XFB,mazurad01,5.0,2017-07-28,2017
XFB,rodriya01,5.0,2017-07-29,2017
XFB,wrighda04,5.0,2017-07-30,2017
XFB,iveyty01,,2018-03-29,2018
XFB,mazurad01,,2018-03-30,2018
XFB,rodriya01,,2018-03-31,2018
XFB,wrighda04,,2018-04-02,2018
XFB,montafr02,,2018-04-03,2018
XFB,iveyty01,6.0,2018-04-04,2018
XFB,mazurad01,6.0,2018-04-05,2018
XFB,rodriya01,7.0,2018-04-07,2018
XFB,wrighda04,,2018-04-08,2018
XFB,montafr02,6.0,2018-04-09,2018
XFB,iveyty01,6.0,2018-04-10,2018
XFB,mazurad01,6.0,2018-04-11,2018
XFB,rodriya01,6.0,2018-04-13,2018
XFB,wrighda04,6.0,2018-04-14,2018
XFB,montafr02,6.0,2018-04-15,2018
XFB,iveyty01,7.0,2018-04-17,2018
XFB,mazurad01,7.0,2018-04-18,2018
XFB,rodriya01,6.0,2018-04-19,2018
XFB,kenneia01,,2018-04-20,2018
XFB,montafr02,6.0,2018-04-21,2018
XFB,iveyty01,5.0,2018-04-22,2018
XFB,mazurad01,6.0,2018-04-24,2018
XFB,rodriya01,6.0,2018-04-25,2018
XFB,kenneia01,6.0,2018-04-26,2018
XFB,montafr02,6.0,2018-04-27,2018
XFB,iveyty01,6.0,2018-04-28,2018
XFB,mazurad01,5.0,2018-04-29,2018
XFB,rodriya01,5.0,2018-04-30,2018
XFB,kenneia01,5.0,2018-05-01,2018
XFB,montafr02,5.0,2018-05-02,2018
XFB,iveyty01,5.0,2018-05-03,2018
XFB,,,2018-05-04,2018
XFB,rodriya01,5.0,2018-05-05,2018
XFB,kenneia01,5.0,2018-05-06,2018
XFB,montafr02,6.0,2018-05-08,2018
XFB,iveyty01,6.0,2018-05-09,2018
XFB,rodriya01,5.0,2018-05-10,2018
XFB,kenneia01,5.0,2018-05-11,2018
XFB,sanchaa01,,2018-05-12,2018
XFB,montafr02,5.0,2018-05-13,2018
XFB,iveyty01,5.0,2018-05-14,2018
XFB,rodriya01,5.0,2018-05-15,2018
XFB,kenneia01,5.0,2018-05-16,2018
XFB,montafr02,5.0,2018-05-18,2018
XFB,iveyty01,5.0,2018-05-19,2018
XFB,cabrege01,,2018-05-20,2018
XFB,rodriya01,6.0,2018-05-21,2018
XFB,,6.0,2018-05-22,2018
XFB,montafr02,5.0,2018-05-23,2018
XFB,iveyty01,6.0,2018-05-25,2018
XFB,cabrege01,,2018-05-26,2018
XFB,rodriya01,6.0,2018-05-27,2018
XFB,kenneia01,6.0,2018-05-28,2018
XFB,montafr02,6.0,2018-05-29,2018
XFB,iveyty01,5.0,2018-05-30,2018
XFB,cabrege01,6.0,2018-06-01,2018
XFB,rodriya01,6.0,2018-06-02,2018
XFB,kenneia01,6.0,2018-06-03,2018
XFB,montafr02,6.0,2018-06-04,2018
XFB,iveyty01,6.0,2018-06-05,2018
XFB,cabrege01,5.0,2018-06-06,2018
XFB,rodriya01,6.0,2018-06-08,2018
XFB,kenneia01,6.0,2018-06-09,2018
XFB,montafr02,6.0,2018-06-10,2018
XFB,iveyty01,6.0,2018-06-11,2018
XFB,cabrege01,6.0,2018-06-12,2018
XFB,rodriya01,5.0,2018-06-13,2018
XFB,kenneia01,5.0,2018-06-14,2018
XFB,montafr02,5.0,2018-06-15,2018
XFB,iveyty01,5.0,2018-06-16,2018
XFB,cabrege01,5.0,2018-06-17,2018
XFB,rodriya01,5.0,2018-06-18,2018
XFB,kenneia01,,2018-06-19,2018
XFB,montafr02,6.0,2018-06-21,2018
XFB,iveyty01,6.0,2018-06-22,2018
XFB,,5.0,2018-06-23,2018
XFB,cabrege01,7.0,2018-06-24,2018
XFB,feddeer01,,2018-06-25,2018
XFB,montafr02,5.0,2018-06-26,2018
XFB,mazurad01,59.0,2018-06-27,2018
XFB,rodriya01,5.0,2018-06-28,2018
XFB,iveyty01,,2018-06-29,2018
XFB,feddeer01,5.0,2018-06-30,2018
XFB,montafr02,5.0,2018-07-01,2018
XFB,mazurad01,5.0,2018-07-02,2018
XFB,rodriya01,5.0,2018-07-03,2018
XFB,iveyty01,5.0,2018-07-04,2018
XFB,feddeer01,5.0,2018-07-05,2018
XFB,montafr02,5.0,2018-07-06,2018
XFB,mazurad01,5.0,2018-07-07,2018
XFB,rodriya01,,2018-07-08,2018
XFB,iveyty01,6.0,2018-07-10,2018
XFB,feddeer01,6.0,2018-07-11,2018
XFB,mazurad01,5.0,2018-07-12,2018
XFB,montafr02,7.0,2018-07-13,2018
XFB,rodriya01,6.0,2018-07-14,2018
XFB,iveyty01,5.0,2018-07-15,2018
XFB,mazurad01,8.0,2018-07-20,2018
XFB,montafr02,8.0,2018-07-21,2018
XFB,rodriya01,8.0,2018-07-22,2018
XFB,iveyty01,8.0,2018-07-23,2018
XFB,cabrege01,30.0,2018-07-24,2018
XFB,mazurad01,5.0,2018-07-25,2018
XFB,,5.0,2018-07-26,2018
XFB,rodriya01,5.0,2018-07-27,2018
XFB,iveyty01,5.0,2018-07-28,2018
XFB,cabrege01,5.0,2018-07-29,2018
XFB,mazurad01,5.0,2018-07-30,2018
XFB,montafr02,5.0,2018-07-31,2018
XFB,rodriya01,,2019-03-28,2019
XFB,mazurad01,,2019-03-29,2019
XFB,montafr02,,2019-03-30,2019
XFB,,,2019-03-31,2019
XFB,robleha01,,2019-04-01,2019
XFB,rodriya01,5.0,2019-04-02,2019
XFB,,5.0,2019-04-03,2019
XFB,montafr02,6.0,2019-04-05,2019
XFB,bendean01,6.0,2019-04-06,2019
XFB,robleha01,6.0,2019-04-07,2019
XFB,rodriya01,7.0,2019-04-09,2019
XFB,mazurad01,7.0,2019-04-10,2019
XFB,montafr02,6.0,2019-04-11,2019
XFB,bendean01,6.0,2019-04-12,2019
XFB,robleha01,6.0,2019-04-13,2019
XFB,rodriya01,5.0,2019-04-14,2019
XFB,mazurad01,6.0,2019-04-16,2019
XFB,montafr02,6.0,2019-04-17,2019
XFB,bendean01,6.0,2019-04-18,2019
XFB,,6.0,2019-04-19,2019
XFB,rodriya01,6.0,2019-04-20,2019
XFB,mazurad01,5.0,2019-04-21,2019
XFB,montafr02,5.0,2019-04-22,2019
XFB,bendean01,5.0,2019-04-23,2019
XFB,robleha01,5.0,2019-04-24,2019
XFB,rodriya01,5.0,2019-04-25,2019
XFB,mazurad01,5.0,2019-04-26,2019
XFB,montafr02,5.0,2019-04-27,2019
XFB,bendean01,,2019-04-28,2019
XFB,rodriya01,5.0,2019-04-30,2019
XFB,robleha01,7.0,2019-05-01,2019
XFB,mazurad01,7.0,2019-05-03,2019
XFB,bendean01,6.0,2019-05-04,2019
XFB,rodriya01,5.0,2019-05-05,2019
XFB,robleha01,5.0,2019-05-06,2019
XFB,assadja01,,2019-05-07,2019
XFB,mazurad01,5.0,2019-05-08,2019
XFB,bendean01,5.0,2019-05-09,2019
XFB,rodriya01,5.0,2019-05-10,2019
XFB,robleha01,5.0,2019-05-11,2019
XFB,montafr02,15.0,2019-05-12,2019
XFB,mazurad01,5.0,2019-05-13,2019
XFB,bendean01,5.0,2019-05-14,2019
XFB,rodriya01,5.0,2019-05-15,2019
XFB,robleha01,6.0,2019-05-17,2019
XFB,montafr02,6.0,2019-05-18,2019
XFB,mazurad01,6.0,2019-05-19,2019
XFB,bendean01,6.0,2019-05-20,2019
XFB,rodriya01,6.0,2019-05-21,2019
XFB,robleha01,5.0,2019-05-22,2019
XFB,mazurad01,5.0,2019-05-24,2019
XFB,assadja01,18.0,2019-05-25,2019
XFB,bendean01,6.0,2019-05-26,2019
XFB,rodriya01,6.0,2019-05-27,2019
XFB,robleha01,6.0,2019-05-28,2019
XFB,mazurad01,5.0,2019-05-29,2019
XFB,assadja01,5.0,2019-05-30,2019
XFB,walkery01,,2019-05-31,2019
XFB,rodriya01,5.0,2019-06-01,2019
XFB,robleha01,5.0,2019-06-02,2019
XFB,mazurad01,5.0,2019-06-03,2019
XFB,assadja01,5.0,2019-06-04,2019
XFB,,5.0,2019-06-05,2019
XFB,robleha01,5.0,2019-06-07,2019
XFB,rodriya01,7.0,2019-06-08,2019
XFB,mazurad01,6.0,2019-06-09,2019
XFB,assadja01,6.0,2019-06-10,2019
XFB,walkery01,6.0,2019-06-11,2019
XFB,robleha01,5.0,2019-06-12,2019
XFB,rodriya01,,2019-06-13,2019
XFB,mazurad01,5.0,2019-06-14,2019
XFB,assadja01,5.0,2019-06-15,2019
XFB,arrigsp01,,2019-06-16,2019
XFB,robleha01,6.0,2019-06-18,2019
XFB,rodriya01,6.0,2019-06-19,2019
XFB,mazurad01,6.0,2019-06-20,2019
XFB,assadja01,6.0,2019-06-21,2019
XFB,montafr02,35.0,2019-06-22,2019
XFB,robleha01,5.0,2019-06-23,2019
XFB,rodriya01,5.0,2019-06-24,2019
XFB,mazurad01,5.0,2019-06-25,2019
XFB,assadja01,5.0,2019-06-26,2019
XFB,andrima01,,2019-06-27,2019
XFB,robleha01,5.0,2019-06-28,2019
XFB,rodriya01,5.0,2019-06-29,2019
XFB,,5.0,2019-06-30,2019
XFB,assadja01,6.0,2019-07-02,2019
XFB,robleha01,5.0,2019-07-03,2019
XFB,rodriya01,6.0,2019-07-05,2019
XFB,,6.0,2019-07-06,2019
XFB,andrima01,,2019-07-07,2019
XFB,,6.0,2019-07-12,2019
XFB,robleha01,10.0,2019-07-13,2019
XFB,rodriya01,9.0,2019-07-14,2019
XFB,andrima01,9.0,2019-07-16,2019
XFB,mazurad01,5.0,2019-07-17,2019
XFB,robleha01,5.0,2019-07-18,2019
XFB,assadja01,17.0,2019-07-19,2019
XFB,rodriya01,6.0,2019-07-20,2019
XFB,andrima01,5.0,2019-07-21,2019
XFB,mazurad01,5.0,2019-07-22,2019
XFB,robleha01,5.0,2019-07-23,2019
XFB,assadja01,5.0,2019-07-24,2019
XFB,rodriya01,6.0,2019-07-26,2019
XFB,andrima01,6.0,2019-07-27,2019
XFB,mazurad01,6.0,2019-07-28,2019
XFB,robleha01,6.0,2019-07-29,2019
XFB,assadja01,6.0,2019-07-30,2019
XFB,,5.0,2019-07-31,2019
XFB,nealza01,,2021-04-01,2021
XFB,robleha01,,2021-04-02,2021
XFB,birdja01,,2021-04-03,2021
XFB,latzja01,,2021-04-04,2021
XFB,bendean01,,2021-04-06,2021
XFB,nealza01,6.0,2021-04-07,2021
XFB,robleha01,6.0,2021-04-08,2021
XFB,latzja01,5.0,2021-04-09,2021
XFB,kellyme01,,2021-04-10,2021
XFB,bendean01,5.0,2021-04-11,2021
XFB,nealza01,5.0,2021-04-12,2021
XFB,wilkad01,,2021-04-13,2021
XFB,robleha01,7.0,2021-04-15,2021
XFB,latzja01,7.0,2021-04-16,2021
XFB,bendean01,6.0,2021-04-17,2021
XFB,nealza01,6.0,2021-04-18,2021
XFB,wilkad01,7.0,2021-04-20,2021
XFB,robleha01,6.0,2021-04-21,2021
XFB,latzja01,6.0,2021-04-22,2021
XFB,bendean01,6.0,2021-04-23,2021
XFB,nealza01,7.0,2021-04-25,2021
XFB,wilkad01,5.0,2021-04-25,2021
XFB,robleha01,6.0,2021-04-27,2021
XFB,kellyme01,18.0,2021-04-28,2021
XFB,bendean01,6.0,2021-04-29,2021
XFB,nealza01,5.0,2021-04-30,2021
XFB,wilkad01,6.0,2021-05-01,2021
XFB,robleha01,5.0,2021-05-02,2021
XFB,kellyme01,6.0,2021-05-04,2021
XFB,bendean01,6.0,2021-05-05,2021
XFB,nealza01,6.0,2021-05-06,2021
XFB,wilkad01,6.0,2021-05-07,2021
XFB,,6.0,2021-05-08,2021
XFB,kellyme01,5.0,2021-05-09,2021
XFB,bendean01,,2021-05-10,2021
XFB,nealza01,5.0,2021-05-11,2021
XFB,,,2021-05-12,2021
XFB,robleha01,5.0,2021-05-13,2021
XFB,,5.0,2021-05-14,2021
XFB,,,2021-05-15,2021
XFB,bendean01,6.0,2021-05-16,2021
XFB,nealza01,6.0,2021-05-17,2021
XFB,oberhbr01,,2021-05-18,2021
XFB,lambjo02,7.0,2021-05-19,2021
XFB,robleha01,7.0,2021-05-20,2021
XFB,davisro03,6.0,2021-05-21,2021
XFB,nealza01,5.0,2021-05-22,2021
XFB,latzja01,31.0,2021-05-23,2021
XFB,oberhbr01,7.0,2021-05-25,2021
XFB,robleha01,6.0,2021-05-26,2021
XFB,walkery01,,2021-05-27,2021
XFB,nealza01,6.0,2021-05-28,2021
XFB,davisro03,8.0,2021-05-29,2021
XFB,lambjo02,11.0,2021-05-30,2021
XFB,robleha01,5.0,2021-05-31,2021
XFB,birdja01,59.0,2021-06-01,2021
XFB,nealza01,5.0,2021-06-02,2021
XFB,walkery01,7.0,2021-06-03,2021
XFB,lambjo02,5.0,2021-06-04,2021
XFB,robleha01,5.0,2021-06-05,2021
XFB,birdja01,5.0,2021-06-06,2021
XFB,walkery01,5.0,2021-06-08,2021
XFB,,5.0,2021-06-09,2021
XFB,robleha01,6.0,2021-06-11,2021
XFB,birdja01,6.0,2021-06-12,2021
XFB,walkery01,5.0,2021-06-13,2021
XFB,lambjo02,,2021-06-14,2021
XFB,andrima01,,2021-06-15,2021
XFB,robleha01,5.0,2021-06-16,2021
XFB,wilkad01,41.0,2021-06-17,2021
XFB,birdja01,6.0,2021-06-18,2021
XFB,lambjo02,5.0,2021-06-19,2021
XFB,andrima01,5.0,2021-06-20,2021
XFB,robleha01,5.0,2021-06-21,2021
XFB,wilkad01,5.0,2021-06-22,2021
XFB,birdja01,5.0,2021-06-23,2021
XFB,oberhbr01,31.0,2021-06-25,2021
XFB,robleha01,5.0,2021-06-26,2021
XFB,wilkad01,5.0,2021-06-27,2021
XFB,kinghni01,,2021-06-28,2021
XFB,birdja01,6.0,2021-06-29,2021
XFB,kellyme01,47.0,2021-06-30,2021
XFB,robleha01,5.0,2021-07-01,2021
XFB,wilkad01,5.0,2021-07-02,2021
XFB,kinghni01,5.0,2021-07-03,2021
XFB,birdja01,5.0,2021-07-04,2021
XFB,robleha01,5.0,2021-07-06,2021
XFB,sampsad01,,2021-07-07,2021
XFB,kinghni01,,2021-07-08,2021
XFB,latzja01,47.0,2021-07-09,2021
XFB,birdja01,6.0,2021-07-10,2021
XFB,robleha01,5.0,2021-07-11,2021
XFB,nealza01,44.0,2021-07-16,2021
XFB,wilkad01,15.0,2021-07-17,2021
XFB,robleha01,7.0,2021-07-18,2021
XFB,birdja01,9.0,2021-07-19,2021
XFB,latzja01,11.0,2021-07-20,2021
XFB,nealza01,5.0,2021-07-21,2021
XFB,wilkad01,6.0,2021-07-23,2021
XFB,,6.0,2021-07-24,2021
XFB,birdja01,6.0,2021-07-25,2021
XFB,latzja01,7.0,2021-07-27,2021
XFB,nealza01,7.0,2021-07-28,2021
XFB,,7.0,2021-07-30,2021
XFB,robleha01,7.0,2021-07-31,2021
XFB,nealza01,,2022-04-07,2022
XFB,robleha01,,2022-04-08,2022
XFB,kerrra01,,2022-04-09,2022
XFB,birdja01,,2022-04-10,2022
XFB,nealza01,5.0,2022-04-12,2022
XFB,robleha01,5.0,2022-04-13,2022
XFB,kerrra01,6.0,2022-04-15,2022
XFB,wilkad01,,2022-04-16,2022
XFB,sampsad01,,2022-04-17,2022
XFB,,,2022-04-19,2022
XFB,nealza01,7.0,2022-04-19,2022
XFB,robleha01,7.0,2022-04-20,2022
XFB,kerrra01,6.0,2022-04-21,2022
XFB,wilkad01,6.0,2022-04-22,2022
XFB,,,2022-04-23,2022
XFB,nealza01,5.0,2022-04-24,2022
XFB,robleha01,5.0,2022-04-25,2022
XFB,kerrra01,5.0,2022-04-26,2022
XFB,,5.0,2022-04-27,2022
XFB,sampsad01,5.0,2022-04-28,2022
XFB,nealza01,5.0,2022-04-29,2022
XFB,,5.0,2022-04-30,2022
XFB,kerrra01,5.0,2022-05-01,2022
XFB,wilkad01,,2022-05-02,2022
XFB,sampsad01,5.0,2022-05-03,2022
XFB,nealza01,5.0,2022-05-04,2022
XFB,,6.0,2022-05-06,2022
XFB,kerrra01,6.0,2022-05-07,2022
XFB,wilkad01,6.0,2022-05-08,2022
XFB,sampsad01,6.0,2022-05-09,2022
XFB,nealza01,6.0,2022-05-10,2022
XFB,robleha01,,2022-05-11,2022
XFB,kerrra01,6.0,2022-05-13,2022
XFB,wilkad01,6.0,2022-05-14,2022
XFB,sampsad01,6.0,2022-05-15,2022
XFB,nealza01,6.0,2022-05-16,2022
XFB,robleha01,6.0,2022-05-17,2022
XFB,rusinch01,,2022-05-17,2022
XFB,kerrra01,5.0,2022-05-18,2022
XFB,wilkad01,5.0,2022-05-19,2022
XFB,sampsad01,5.0,2022-05-20,2022
XFB,nealza01,5.0,2022-05-21,2022
XFB,robleha01,5.0,2022-05-22,2022
XFB,kerrra01,5.0,2022-05-23,2022
XFB,wilkad01,5.0,2022-05-24,2022
XFB,sampsad01,6.0,2022-05-26,2022
XFB,nealza01,,2022-05-27,2022
XFB,robleha01,6.0,2022-05-28,2022
XFB,kerrra01,6.0,2022-05-29,2022
XFB,wilkad01,6.0,2022-05-30,2022
XFB,sampsad01,5.0,2022-05-31,2022
XFB,nealza01,5.0,2022-06-01,2022
XFB,robleha01,6.0,2022-06-03,2022
XFB,kerrra01,6.0,2022-06-04,2022
XFB,wilkad01,6.0,2022-06-05,2022
XFB,nealza01,5.0,2022-06-06,2022
XFB,rusinch01,,2022-06-07,2022
XFB,robleha01,5.0,2022-06-08,2022
XFB,kerrra01,5.0,2022-06-09,2022
XFB,wilkad01,5.0,2022-06-10,2022
XFB,nealza01,5.0,2022-06-11,2022
XFB,deleojo03,,2022-06-12,2022
XFB,robleha01,5.0,2022-06-13,2022
XFB,kerrra01,5.0,2022-06-14,2022
XFB,wilkad01,,2022-06-15,2022
XFB,nealza01,6.0,2022-06-17,2022
XFB,bendean01,,2022-06-18,2022
XFB,robleha01,6.0,2022-06-19,2022
XFB,kerrra01,6.0,2022-06-20,2022
XFB,wilkad01,6.0,2022-06-21,2022
XFB,nealza01,5.0,2022-06-22,2022
XFB,robleha01,5.0,2022-06-24,2022
XFB,,5.0,2022-06-25,2022
XFB,effrosc01,31.0,2022-06-26,2022
XFB,wilkad01,7.0,2022-06-28,2022
XFB,nealza01,7.0,2022-06-29,2022
XFB,robleha01,7.0,2022-07-01,2022
XFB,effrosc01,6.0,2022-07-02,2022
XFB,wilkad01,5.0,2022-07-03,2022
XFB,nealza01,,2022-07-04,2022
XFB,rusinch01,28.0,2022-07-05,2022
XFB,robleha01,5.0,2022-07-06,2022
XFB,,5.0,2022-07-07,2022
XFB,wilkad01,5.0,2022-07-08,2022
XFB,nealza01,5.0,2022-07-09,2022
XFB,rusinch01,5.0,2022-07-10,2022
XFB,robleha01,5.0,2022-07-11,2022
XFB,effrosc01,5.0,2022-07-12,2022
XFB,wilkad01,5.0,2022-07-13,2022
XFB,nealza01,6.0,2022-07-15,2022
XFB,rusinch01,6.0,2022-07-16,2022
XFB,robleha01,6.0,2022-07-17,2022
XFB,wilkad01,9.0,2022-07-22,2022
XFB,nealza01,8.0,2022-07-23,2022
XFB,oberhbr01,,2022-07-24,2022
XFB,robleha01,8.0,2022-07-25,2022
XFB,rusinch01,10.0,2022-07-26,2022
XFB,wilkad01,5.0,2022-07-27,2022
XFB,nealza01,6.0,2022-07-29,2022
XFB,oberhbr01,6.0,2022-07-30,2022
XFB,robleha01,6.0,2022-07-31,2022
XFB,wilkad01,,2023-03-30,2023
XFB,robleha01,,2023-03-31,2023
XFB,nealza01,,2023-04-01,2023
XFB,kerrra01,,2023-04-02,2023
XFB,matthze01,,2023-04-03,2023
XFB,wilkad01,5.0,2023-04-04,2023
XFB,robleha01,6.0,2023-04-06,2023
XFB,nealza01,6.0,2023-04-07,2023
XFB,kerrra01,6.0,2023-04-08,2023
XFB,matthze01,6.0,2023-04-09,2023
XFB,wilkad01,6.0,2023-04-10,2023
XFB,robleha01,5.0,2023-04-11,2023
XFB,phelpda01,,2023-04-12,2023
XFB,nealza01,7.0,2023-04-14,2023
XFB,matthze01,6.0,2023-04-15,2023
XFB,wilkad01,6.0,2023-04-16,2023
XFB,robleha01,6.0,2023-04-17,2023
XFB,phelpda01,6.0,2023-04-18,2023
XFB,nealza01,5.0,2023-04-19,2023
XFB,matthze01,5.0,2023-04-20,2023
XFB,wilkad01,5.0,2023-04-21,2023
XFB,robleha01,5.0,2023-04-22,2023
XFB,phelpda01,5.0,2023-04-23,2023
XFB,hutchdr01,,2023-04-24,2023
XFB,matthze01,5.0,2023-04-25,2023
XFB,wilkad01,5.0,2023-04-26,2023
XFB,robleha01,6.0,2023-04-28,2023
XFB,hutchdr01,5.0,2023-04-29,2023
XFB,matthze01,5.0,2023-04-30,2023
XFB,wilkad01,,2023-05-02,2023
XFB,bellobr01,,2023-05-03,2023
XFB,robleha01,7.0,2023-05-05,2023
XFB,hutchdr01,7.0,2023-05-06,2023
XFB,matthze01,7.0,2023-05-07,2023
XFB,wilkad01,6.0,2023-05-08,2023
XFB,bellobr01,6.0,2023-05-09,2023
XFB,robleha01,5.0,2023-05-10,2023
XFB,hutchdr01,5.0,2023-05-11,2023
XFB,matthze01,5.0,2023-05-12,2023
XFB,wilkad01,5.0,2023-05-13,2023
XFB,bellobr01,5.0,2023-05-14,2023
XFB,robleha01,5.0,2023-05-15,2023
XFB,hutchdr01,5.0,2023-05-16,2023
XFB,matthze01,5.0,2023-05-17,2023
XFB,wilkad01,,2023-05-19,2023
XFB,bellobr01,6.0,2023-05-20,2023
XFB,robleha01,6.0,2023-05-21,2023
XFB,hutchdr01,6.0,2023-05-22,2023
XFB,matthze01,6.0,2023-05-23,2023
XFB,wilkad01,5.0,2023-05-24,2023
XFB,bellobr01,6.0,2023-05-26,2023
XFB,kerrra01,49.0,2023-05-27,2023
XFB,robleha01,7.0,2023-05-28,2023
XFB,matthze01,6.0,2023-05-29,2023
XFB,wilkad01,6.0,2023-05-30,2023
XFB,hutchdr01,9.0,2023-05-31,2023
XFB,kerrra01,5.0,2023-06-01,2023
XFB,robleha01,5.0,2023-06-02,2023
XFB,matthze01,5.0,2023-06-03,2023
XFB,,5.0,2023-06-04,2023
XFB,hutchdr01,6.0,2023-06-06,2023
XFB,kerrra01,6.0,2023-06-07,2023
XFB,,7.0,2023-06-09,2023
XFB,matthze01,7.0,2023-06-10,2023
XFB,wilkad01,7.0,2023-06-11,2023
XFB,hutchdr01,6.0,2023-06-12,2023
XFB,kerrra01,,2023-06-13,2023
XFB,robleha01,5.0,2023-06-14,2023
XFB,,5.0,2023-06-15,2023
XFB,wilkad01,5.0,2023-06-16,2023
XFB,hutchdr01,5.0,2023-06-17,2023
XFB,kerrra01,5.0,2023-06-18,2023
XFB,robleha01,5.0,2023-06-19,2023
XFB,matthze01,5.0,2023-06-20,2023
XFB,wilkad01,5.0,2023-06-21,2023
XFB,hutchdr01,5.0,2023-06-22,2023
XFB,kerrra01,,2023-06-23,2023
XFB,,5.0,2023-06-24,2023
XFB,matthze01,5.0,2023-06-25,2023
XFB,wilkad01,6.0,2023-06-27,2023
XFB,kerrra01,5.0,2023-06-28,2023
XFB,bellobr01,34.0,2023-06-29,2023
XFB,hutchdr01,8.0,2023-06-30,2023
XFB,matthze01,6.0,2023-07-01,2023
XFB,wilkad01,5.0,2023-07-02,2023
XFB,kerrra01,6.0,2023-07-04,2023
XFB,hutchdr01,5.0,2023-07-05,2023
XFB,matthze01,5.0,2023-07-06,2023
XFB,wilkad01,5.0,2023-07-07,2023
XFB,deleojo03,,2023-07-08,2023
XFB,kerrra01,5.0,2023-07-09,2023
XFB,matthze01,8.0,2023-07-14,2023
XFB,wilkad01,8.0,2023-07-15,2023
XFB,hutchdr01,11.0,2023-07-16,2023
XFB,kerrra01,9.0,2023-07-18,2023
XFB,,5.0,2023-07-19,2023
XFB,wilkad01,5.0,2023-07-20,2023
XFB,hutchdr01,5.0,2023-07-21,2023
XFB,bellobr01,23.0,2023-07-22,2023
XFB,milneho01,,2023-07-23,2023
XFB,matthze01,5.0,2023-07-24,2023
XFB,,31.0,2023-07-25,2023
XFB,wilkad01,6.0,2023-07-26,2023
XFB,hutchdr01,7.0,2023-07-28,2023
XFB,bellobr01,7.0,2023-07-29,2023
XFB,robleha01,5.0,2023-07-30,2023
XFB,matthze01,7.0,2023-07-31,2023
YHA,burrobe01,,2016-04-04,2016
YHA,kochaja01,,2016-04-05,2016
YHA,diazmi02,,2016-04-06,2016
YHA,coveydy01,,2016-04-08,2016
YHA,honeybr01,,2016-04-09,2016
YHA,kochaja01,5.0,2016-04-10,2016
YHA,diazmi02,,2016-04-11,2016
YHA,meyerma01,,2016-04-12,2016
YHA,coveydy01,5.0,2016-04-13,2016
YHA,honeybr01,5.0,2016-04-14,2016
YHA,kochaja01,5.0,2016-04-15,2016
YHA,diazmi02,5.0,2016-04-16,2016
YHA,meyerma01,5.0,2016-04-17,2016
YHA,coveydy01,6.0,2016-04-19,2016
YHA,honeybr01,6.0,2016-04-20,2016
YHA,kochaja01,6.0,2016-04-21,2016
YHA,diazmi02,6.0,2016-04-22,2016
YHA,andersh01,,2016-04-23,2016
YHA,coveydy01,5.0,2016-04-24,2016
YHA,honeybr01,5.0,2016-04-25,2016
YHA,kochaja01,5.0,2016-04-26,2016
YHA,diazmi02,5.0,2016-04-27,2016
YHA,andersh01,6.0,2016-04-29,2016
YHA,coveydy01,6.0,2016-04-30,2016
YHA,honeybr01,6.0,2016-05-01,2016
YHA,kochaja01,6.0,2016-05-02,2016
YHA,diazmi02,6.0,2016-05-03,2016
YHA,andersh01,5.0,2016-05-04,2016
YHA,coveydy01,5.0,2016-05-05,2016
YHA,honeybr01,5.0,2016-05-06,2016
YHA,kochaja01,5.0,2016-05-07,2016
YHA,diazmi02,5.0,2016-05-08,2016
YHA,andersh01,6.0,2016-05-10,2016
YHA,honeybr01,5.0,2016-05-11,2016
YHA,coveydy01,6.0,2016-05-11,2016
YHA,kochaja01,5.0,2016-05-12,2016
YHA,reidfse01,,2016-05-13,2016
YHA,plesaza01,,2016-05-14,2016
YHA,andersh01,5.0,2016-05-15,2016
YHA,coveydy01,6.0,2016-05-17,2016
YHA,honeybr01,7.0,2016-05-18,2016
YHA,kochaja01,7.0,2016-05-19,2016
YHA,reidfse01,7.0,2016-05-20,2016
YHA,andersh01,6.0,2016-05-21,2016
YHA,coveydy01,5.0,2016-05-22,2016
YHA,honeybr01,5.0,2016-05-23,2016
YHA,diazmi02,16.0,2016-05-24,2016
YHA,kochaja01,6.0,2016-05-25,2016
YHA,reidfse01,7.0,2016-05-27,2016
YHA,andersh01,7.0,2016-05-28,2016
YHA,honeybr01,6.0,2016-05-29,2016
YHA,diazmi02,6.0,2016-05-30,2016
YHA,kochaja01,6.0,2016-05-31,2016
YHA,reidfse01,5.0,2016-06-01,2016
YHA,coveydy01,11.0,2016-06-02,2016
YHA,honeybr01,5.0,2016-06-03,2016
YHA,diazmi02,5.0,2016-06-04,2016
YHA,plesaza01,22.0,2016-06-05,2016
YHA,reidfse01,5.0,2016-06-06,2016
YHA,coveydy01,5.0,2016-06-07,2016
YHA,honeybr01,5.0,2016-06-08,2016
YHA,diazmi02,6.0,2016-06-10,2016
YHA,alexyaj01,19.0,2016-06-11,2016
YHA,reidfse01,6.0,2016-06-12,2016
YHA,coveydy01,6.0,2016-06-13,2016
YHA,,6.0,2016-06-14,2016
YHA,plesaza01,10.0,2016-06-15,2016
YHA,alexyaj01,,2016-06-16,2016
YHA,reidfse01,5.0,2016-06-17,2016
YHA,coveydy01,5.0,2016-06-18,2016
YHA,honeybr01,5.0,2016-06-19,2016
YHA,plesaza01,6.0,2016-06-21,2016
YHA,alexyaj01,,2016-06-22,2016
YHA,reidfse01,6.0,2016-06-23,2016
YHA,coveydy01,6.0,2016-06-24,2016
YHA,honeybr01,6.0,2016-06-25,2016
YHA,plesaza01,5.0,2016-06-26,2016
YHA,alexyaj01,6.0,2016-06-28,2016
YHA,reidfse01,6.0,2016-06-29,2016
YHA,coveydy01,7.0,2016-07-01,2016
YHA,honeybr01,7.0,2016-07-02,2016
YHA,diazmi02,23.0,2016-07-03,2016
YHA,plesaza01,8.0,2016-07-04,2016
YHA,reidfse01,6.0,2016-07-05,2016
YHA,coveydy01,5.0,2016-07-06,2016
YHA,honeybr01,5.0,2016-07-07,2016
YHA,diazmi02,5.0,2016-07-08,2016
YHA,plesaza01,5.0,2016-07-09,2016
YHA,reidfse01,5.0,2016-07-10,2016
YHA,diazmi02,7.0,2016-07-15,2016
YHA,plesaza01,7.0,2016-07-16,2016
YHA,mckaybr01,,2016-07-17,2016
YHA,reidfse01,8.0,2016-07-18,2016
YHA,alvarjo03,25.0,2016-07-20,2016
YHA,coveydy01,,2016-07-20,2016
YHA,diazmi02,6.0,2016-07-21,2016
YHA,plesaza01,6.0,2016-07-22,2016
YHA,mckaybr01,6.0,2016-07-23,2016
YHA,reidfse01,6.0,2016-07-24,2016
YHA,coveydy01,5.0,2016-07-25,2016
YHA,diazmi02,5.0,2016-07-26,2016
YHA,plesaza01,5.0,2016-07-27,2016
YHA,mckaybr01,6.0,2016-07-29,2016
YHA,reidfse01,6.0,2016-07-30,2016
YHA,alvarjo03,11.0,2016-07-31,2016
YHA,schulja02,,2017-04-03,2017
YHA,kiliaca01,,2017-04-04,2017
YHA,ramirer02,,2017-04-05,2017
YHA,clemepa02,,2017-04-06,2017
YHA,plesaza01,,2017-04-07,2017
YHA,schulja02,5.0,2017-04-08,2017
YHA,kiliaca01,5.0,2017-04-09,2017
YHA,birdsha01,,2017-04-10,2017
YHA,clemepa02,5.0,2017-04-11,2017
YHA,grayso01,,2017-04-12,2017
YHA,schulja02,6.0,2017-04-14,2017
YHA,kiliaca01,6.0,2017-04-15,2017
YHA,ramirer02,11.0,2017-04-16,2017
YHA,clemepa02,6.0,2017-04-17,2017
YHA,birdsha01,8.0,2017-04-18,2017
YHA,schulja02,5.0,2017-04-19,2017
YHA,,5.0,2017-04-20,2017
YHA,ramirer02,5.0,2017-04-21,2017
YHA,,5.0,2017-04-22,2017
YHA,plesaza01,16.0,2017-04-23,2017
YHA,,5.0,2017-04-24,2017
YHA,kiliaca01,5.0,2017-04-25,2017
YHA,ramirer02,5.0,2017-04-26,2017
YHA,clemepa02,5.0,2017-04-27,2017
YHA,plesaza01,5.0,2017-04-28,2017
YHA,schulja02,5.0,2017-04-29,2017
YHA,kiliaca01,5.0,2017-04-30,2017
YHA,,6.0,2017-05-02,2017
YHA,clemepa02,6.0,2017-05-03,2017
YHA,plesaza01,6.0,2017-05-04,2017
YHA,schulja02,6.0,2017-05-05,2017
YHA,kiliaca01,6.0,2017-05-06,2017
YHA,ramirer02,6.0,2017-05-08,2017
YHA,clemepa02,6.0,2017-05-09,2017
YHA,plesaza01,6.0,2017-05-10,2017
YHA,kiliaca01,5.0,2017-05-11,2017
YHA,schulja02,7.0,2017-05-12,2017
YHA,ramirer02,5.0,2017-05-13,2017
YHA,clemepa02,5.0,2017-05-14,2017
YHA,plesaza01,5.0,2017-05-15,2017
YHA,kiliaca01,5.0,2017-05-16,2017
YHA,,,2017-05-17,2017
YHA,birdsha01,30.0,2017-05-18,2017
YHA,clemepa02,5.0,2017-05-19,2017
YHA,plesaza01,5.0,2017-05-20,2017
YHA,kiliaca01,5.0,2017-05-21,2017
YHA,schulja02,6.0,2017-05-23,2017
YHA,birdsha01,6.0,2017-05-24,2017
YHA,triggan01,,2017-05-25,2017
YHA,plesaza01,6.0,2017-05-26,2017
YHA,kiliaca01,6.0,2017-05-27,2017
YHA,schulja02,5.0,2017-05-28,2017
YHA,birdsha01,5.0,2017-05-29,2017
YHA,triggan01,5.0,2017-05-30,2017
YHA,plesaza01,5.0,2017-05-31,2017
YHA,kiliaca01,6.0,2017-06-02,2017
YHA,,6.0,2017-06-03,2017
YHA,birdsha01,6.0,2017-06-04,2017
YHA,triggan01,7.0,2017-06-06,2017
YHA,plesaza01,7.0,2017-06-07,2017
YHA,kiliaca01,6.0,2017-06-08,2017
YHA,schulja02,6.0,2017-06-09,2017
YHA,waldrhu01,,2017-06-10,2017
YHA,triggan01,5.0,2017-06-11,2017
YHA,plesaza01,5.0,2017-06-12,2017
YHA,kiliaca01,5.0,2017-06-13,2017
YHA,schulja02,5.0,2017-06-14,2017
YHA,waldrhu01,6.0,2017-06-16,2017
YHA,triggan01,6.0,2017-06-17,2017
YHA,plesaza01,6.0,2017-06-18,2017
YHA,kiliaca01,6.0,2017-06-19,2017
YHA,schulja02,6.0,2017-06-20,2017
YHA,waldrhu01,5.0,2017-06-21,2017
YHA,plesaza01,5.0,2017-06-23,2017
YHA,triggan01,7.0,2017-06-24,2017
YHA,,6.0,2017-06-25,2017
YHA,schulja02,7.0,2017-06-27,2017
YHA,plesaza01,5.0,2017-06-28,2017
YHA,triggan01,,2017-06-29,2017
YHA,kiliaca01,,2017-06-30,2017
YHA,rasmudr01,55.0,2017-07-01,2017
YHA,schulja02,5.0,2017-07-02,2017
YHA,ramirer02,52.0,2017-07-04,2017
YHA,plesaza01,7.0,2017-07-05,2017
YHA,triggan01,7.0,2017-07-06,2017
YHA,kiliaca01,7.0,2017-07-07,2017
YHA,schulja02,6.0,2017-07-08,2017
YHA,ramirer02,,2017-07-09,2017
YHA,kiliaca01,7.0,2017-07-14,2017
YHA,,7.0,2017-07-15,2017
YHA,ramirer02,7.0,2017-07-16,2017
YHA,plesaza01,12.0,2017-07-17,2017
YHA,triggan01,12.0,2017-07-18,2017
YHA,kiliaca01,5.0,2017-07-19,2017
YHA,schulja02,5.0,2017-07-20,2017
YHA,ramirer02,5.0,2017-07-21,2017
YHA,plesaza01,5.0,2017-07-22,2017
YHA,triggan01,5.0,2017-07-23,2017
YHA,kiliaca01,5.0,2017-07-24,2017
YHA,,,2017-07-25,2017
YHA,schulja02,6.0,2017-07-26,2017
YHA,plesaza01,5.0,2017-07-27,2017
YHA,maytr01,5.0,2017-07-28,2017
YHA,triggan01,6.0,2017-07-29,2017
YHA,kiliaca01,6.0,2017-07-30,2017
YHA,kiliaca01,,2018-03-29,2018
YHA,,,2018-03-30,2018
YHA,plesaza01,,2018-03-31,2018
YHA,jimenda01,,2018-04-02,2018
YHA,burrobe01,,2018-04-03,2018
YHA,kiliaca01,6.0,2018-04-04,2018
YHA,diazda01,6.0,2018-04-05,2018
YHA,plesaza01,6.0,2018-04-06,2018
YHA,jimenda01,5.0,2018-04-07,2018
YHA,burrobe01,5.0,2018-04-08,2018
YHA,kiliaca01,5.0,2018-04-09,2018
YHA,diazda01,5.0,2018-04-10,2018
YHA,plesaza01,5.0,2018-04-11,2018
YHA,jimenda01,5.0,2018-04-12,2018
YHA,burrobe01,5.0,2018-04-13,2018
YHA,kiliaca01,5.0,2018-04-14,2018
YHA,diazda01,5.0,2018-04-15,2018
YHA,meyerma01,,2018-04-16,2018
YHA,jimenda01,5.0,2018-04-17,2018
YHA,plesaza01,7.0,2018-04-18,2018
YHA,burrobe01,7.0,2018-04-20,2018
YHA,kiliaca01,7.0,2018-04-21,2018
YHA,diazda01,7.0,2018-04-22,2018
YHA,jimenda01,6.0,2018-04-23,2018
YHA,stanery01,,2018-04-24,2018
YHA,burrobe01,5.0,2018-04-25,2018
YHA,kiliaca01,6.0,2018-04-27,2018
YHA,diazda01,6.0,2018-04-28,2018
YHA,jimenda01,6.0,2018-04-29,2018
YHA,stanery01,6.0,2018-04-30,2018
YHA,burrobe01,,2018-05-01,2018
YHA,kiliaca01,5.0,2018-05-02,2018
YHA,diazda01,6.0,2018-05-04,2018
YHA,jimenda01,6.0,2018-05-05,2018
YHA,stanery01,6.0,2018-05-06,2018
YHA,burrobe01,6.0,2018-05-07,2018
YHA,,6.0,2018-05-08,2018
YHA,diazda01,5.0,2018-05-09,2018
YHA,woodtr01,,2018-05-10,2018
YHA,stanery01,5.0,2018-05-11,2018
YHA,burrobe01,5.0,2018-05-12,2018
YHA,kiliaca01,5.0,2018-05-13,2018
YHA,diazda01,5.0,2018-05-14,2018
YHA,woodtr01,5.0,2018-05-15,2018
YHA,stanery01,6.0,2018-05-17,2018
YHA,burrobe01,6.0,2018-05-18,2018
YHA,kiliaca01,6.0,2018-05-19,2018
YHA,woodtr01,5.0,2018-05-20,2018
YHA,meyerma01,35.0,2018-05-21,2018
YHA,stanery01,5.0,2018-05-22,2018
YHA,burrobe01,5.0,2018-05-23,2018
YHA,kiliaca01,6.0,2018-05-25,2018
YHA,woodtr01,6.0,2018-05-26,2018
YHA,brasiry01,,2018-05-27,2018
YHA,stanery01,6.0,2018-05-28,2018
YHA,burrobe01,6.0,2018-05-29,2018
YHA,,5.0,2018-05-30,2018
YHA,woodtr01,,2018-05-31,2018
YHA,pukaj01,,2018-06-01,2018
YHA,stanery01,5.0,2018-06-02,2018
YHA,burrobe01,5.0,2018-06-03,2018
YHA,kiliaca01,5.0,2018-06-04,2018
YHA,woodtr01,5.0,2018-06-05,2018
YHA,brasiry01,10.0,2018-06-06,2018
YHA,stanery01,6.0,2018-06-08,2018
YHA,burrobe01,6.0,2018-06-09,2018
YHA,kiliaca01,6.0,2018-06-10,2018
YHA,woodtr01,6.0,2018-06-11,2018
YHA,brasiry01,6.0,2018-06-12,2018
YHA,stanery01,5.0,2018-06-13,2018
YHA,burrobe01,,2018-06-14,2018
YHA,kiliaca01,5.0,2018-06-15,2018
YHA,woodtr01,5.0,2018-06-16,2018
YHA,brasiry01,5.0,2018-06-17,2018
YHA,stanery01,6.0,2018-06-19,2018
YHA,diazda01,37.0,2018-06-20,2018
YHA,burrobe01,7.0,2018-06-21,2018
YHA,kiliaca01,7.0,2018-06-22,2018
YHA,brasiry01,6.0,2018-06-23,2018
YHA,stanery01,5.0,2018-06-24,2018
YHA,diazda01,,2018-06-25,2018
YHA,burrobe01,5.0,2018-06-26,2018
YHA,kiliaca01,5.0,2018-06-27,2018
YHA,stanery01,5.0,2018-06-29,2018
YHA,diazda01,5.0,2018-06-30,2018
YHA,burrobe01,5.0,2018-07-01,2018
YHA,kiliaca01,6.0,2018-07-03,2018
YHA,plesaza01,77.0,2018-07-04,2018
YHA,stanery01,6.0,2018-07-05,2018
YHA,diazda01,6.0,2018-07-06,2018
YHA,burrobe01,6.0,2018-07-07,2018
YHA,kiliaca01,5.0,2018-07-08,2018
YHA,plesaza01,5.0,2018-07-09,2018
YHA,stanery01,5.0,2018-07-10,2018
YHA,diazda01,5.0,2018-07-11,2018
YHA,burrobe01,5.0,2018-07-12,2018
YHA,kiliaca01,5.0,2018-07-13,2018
YHA,plesaza01,5.0,2018-07-14,2018
YHA,stanery01,5.0,2018-07-15,2018
YHA,kiliaca01,7.0,2018-07-20,2018
YHA,,8.0,2018-07-22,2018
YHA,,10.0,2018-07-22,2018
YHA,diazda01,12.0,2018-07-23,2018
YHA,stanery01,9.0,2018-07-24,2018
YHA,kiliaca01,5.0,2018-07-25,2018
YHA,plesaza01,5.0,2018-07-27,2018
YHA,burrobe01,6.0,2018-07-28,2018
YHA,diazda01,6.0,2018-07-29,2018
YHA,stanery01,,2018-07-30,2018
YHA,kiliaca01,6.0,2018-07-31,2018
YHA,stanery01,,2019-03-28,2019
YHA,diazda01,,2019-03-29,2019
YHA,greinza01,,2019-03-30,2019
YHA,eflinza01,,2019-03-31,2019
YHA,brasiry01,,2019-04-01,2019
YHA,stanery01,5.0,2019-04-02,2019
YHA,diazda01,5.0,2019-04-03,2019
YHA,greinza01,6.0,2019-04-05,2019
YHA,eflinza01,6.0,2019-04-06,2019
YHA,brasiry01,6.0,2019-04-07,2019
YHA,stanery01,6.0,2019-04-08,2019
YHA,diazda01,6.0,2019-04-09,2019
YHA,greinza01,5.0,2019-04-10,2019
YHA,buchaja01,,2019-04-11,2019
YHA,eflinza01,6.0,2019-04-12,2019
YHA,brasiry01,,2019-04-13,2019
YHA,stanery01,6.0,2019-04-14,2019
YHA,diazda01,6.0,2019-04-15,2019
YHA,greinza01,6.0,2019-04-16,2019
YHA,eflinza01,6.0,2019-04-18,2019
YHA,brasiry01,6.0,2019-04-19,2019
YHA,stanery01,6.0,2019-04-20,2019
YHA,diazda01,6.0,2019-04-21,2019
YHA,greinza01,7.0,2019-04-23,2019
YHA,eflinza01,6.0,2019-04-24,2019
YHA,brasiry01,7.0,2019-04-26,2019
YHA,stanery01,7.0,2019-04-27,2019
YHA,diazda01,7.0,2019-04-28,2019
YHA,greinza01,6.0,2019-04-29,2019
YHA,eflinza01,6.0,2019-04-30,2019
YHA,hellije01,,2019-05-01,2019
YHA,brasiry01,6.0,2019-05-02,2019
YHA,,6.0,2019-05-03,2019
YHA,diazda01,6.0,2019-05-04,2019
YHA,greinza01,6.0,2019-05-05,2019
YHA,eflinza01,6.0,2019-05-06,2019
YHA,hellije01,6.0,2019-05-07,2019
YHA,brasiry01,6.0,2019-05-08,2019
YHA,stanery01,7.0,2019-05-10,2019
YHA,diazda01,7.0,2019-05-11,2019
YHA,greinza01,,2019-05-12,2019
YHA,eflinza01,,2019-05-14,2019
YHA,brasiry01,7.0,2019-05-15,2019
YHA,stanery01,,2019-05-16,2019
YHA,diazda01,6.0,2019-05-17,2019
YHA,greinza01,6.0,2019-05-18,2019
YHA,hellije01,12.0,2019-05-19,2019
YHA,,6.0,2019-05-20,2019
YHA,brasiry01,6.0,2019-05-21,2019
YHA,stanery01,6.0,2019-05-22,2019
YHA,diazda01,7.0,2019-05-24,2019
YHA,hellije01,6.0,2019-05-25,2019
YHA,meyerma01,,2019-05-26,2019
YHA,brasiry01,6.0,2019-05-27,2019
YHA,,6.0,2019-05-28,2019
YHA,eflinza01,9.0,2019-05-29,2019
YHA,diazda01,7.0,2019-05-31,2019
YHA,greinza01,14.0,2019-06-01,2019
YHA,brasiry01,6.0,2019-06-02,2019
YHA,stanery01,6.0,2019-06-03,2019
YHA,eflinza01,6.0,2019-06-04,2019
YHA,hellije01,11.0,2019-06-05,2019
YHA,diazda01,6.0,2019-06-06,2019
YHA,greinza01,6.0,2019-06-07,2019
YHA,stanery01,5.0,2019-06-08,2019
YHA,plesaza01,,2019-06-09,2019
YHA,eflinza01,7.0,2019-06-11,2019
YHA,diazda01,6.0,2019-06-12,2019
YHA,brasiry01,11.0,2019-06-13,2019
YHA,hellije01,,2019-06-14,2019
YHA,stanery01,7.0,2019-06-15,2019
YHA,,9.0,2019-06-16,2019
YHA,diazda01,5.0,2019-06-17,2019
YHA,,,2019-06-18,2019
YHA,brasiry01,6.0,2019-06-19,2019
YHA,stanery01,6.0,2019-06-21,2019
YHA,eflinza01,11.0,2019-06-22,2019
YHA,diazda01,6.0,2019-06-23,2019
YHA,chatwty01,7.0,2019-06-25,2019
YHA,brasiry01,7.0,2019-06-26,2019
YHA,stanery01,7.0,2019-06-28,2019
YHA,eflinza01,7.0,2019-06-29,2019
YHA,diazda01,7.0,2019-06-30,2019
YHA,chatwty01,6.0,2019-07-01,2019
YHA,brasiry01,6.0,2019-07-02,2019
YHA,hellije01,19.0,2019-07-03,2019
YHA,triggan01,,2019-07-04,2019
YHA,stanery01,,2019-07-05,2019
YHA,eflinza01,7.0,2019-07-06,2019
YHA,diazda01,7.0,2019-07-07,2019
YHA,triggan01,8.0,2019-07-12,2019
YHA,diazda01,6.0,2019-07-13,2019
YHA,hellije01,11.0,2019-07-14,2019
YHA,,15.0,2019-07-16,2019
YHA,eflinza01,11.0,2019-07-17,2019
YHA,triggan01,6.0,2019-07-18,2019
YHA,stanery01,14.0,2019-07-19,2019
YHA,diazda01,7.0,2019-07-20,2019
YHA,matzst01,,2019-07-21,2019
YHA,eflinza01,6.0,2019-07-23,2019
YHA,triggan01,6.0,2019-07-24,2019
YHA,stanery01,6.0,2019-07-25,2019
YHA,diazda01,6.0,2019-07-26,2019
YHA,,13.0,2019-07-27,2019
YHA,matzst01,7.0,2019-07-28,2019
YHA,eflinza01,6.0,2019-07-29,2019
YHA,triggan01,6.0,2019-07-30,2019
YHA,campbpa02,,2021-04-01,2021
YHA,waldike01,,2021-04-02,2021
YHA,hoeinbr01,,2021-04-03,2021
YHA,eflinza01,,2021-04-04,2021
YHA,matzst01,,2021-04-05,2021
YHA,campbpa02,5.0,2021-04-06,2021
YHA,waldike01,5.0,2021-04-07,2021
YHA,hoeinbr01,6.0,2021-04-09,2021
YHA,eflinza01,6.0,2021-04-10,2021
YHA,matzst01,6.0,2021-04-11,2021
YHA,campbpa02,6.0,2021-04-12,2021
YHA,waldike01,6.0,2021-04-13,2021
YHA,hoeinbr01,5.0,2021-04-14,2021
YHA,eflinza01,5.0,2021-04-15,2021
YHA,gonzame01,,2021-04-16,2021
YHA,campbpa02,5.0,2021-04-17,2021
YHA,waldike01,5.0,2021-04-18,2021
YHA,hoeinbr01,5.0,2021-04-19,2021
YHA,eflinza01,5.0,2021-04-20,2021
YHA,triggan01,,2021-04-21,2021
YHA,gonzame01,6.0,2021-04-22,2021
YHA,campbpa02,6.0,2021-04-23,2021
YHA,waldike01,6.0,2021-04-24,2021
YHA,hoeinbr01,6.0,2021-04-25,2021
YHA,eflinza01,7.0,2021-04-27,2021
YHA,gonzame01,6.0,2021-04-28,2021
YHA,campbpa02,7.0,2021-04-30,2021
YHA,waldike01,7.0,2021-05-01,2021
YHA,hoeinbr01,7.0,2021-05-02,2021
YHA,waldrhu01,,2021-05-03,2021
YHA,triggan01,13.0,2021-05-04,2021
YHA,,5.0,2021-05-05,2021
YHA,waldike01,6.0,2021-05-07,2021
YHA,hoeinbr01,6.0,2021-05-08,2021
YHA,eflinza01,12.0,2021-05-09,2021
YHA,triggan01,7.0,2021-05-11,2021
YHA,,7.0,2021-05-12,2021
YHA,waldike01,,2021-05-12,2021
YHA,hoeinbr01,6.0,2021-05-14,2021
YHA,eflinza01,6.0,2021-05-15,2021
YHA,gonzame01,18.0,2021-05-16,2021
YHA,campbpa02,5.0,2021-05-17,2021
YHA,waldike01,6.0,2021-05-18,2021
YHA,hoeinbr01,5.0,2021-05-19,2021
YHA,,6.0,2021-05-21,2021
YHA,gonzame01,,2021-05-22,2021
YHA,campbpa02,6.0,2021-05-23,2021
YHA,,6.0,2021-05-24,2021
YHA,hoeinbr01,6.0,2021-05-25,2021
YHA,,5.0,2021-05-26,2021
YHA,gonzame01,5.0,2021-05-27,2021
YHA,triggan01,17.0,2021-05-28,2021
YHA,campbpa02,6.0,2021-05-29,2021
YHA,waldike01,6.0,2021-05-30,2021
YHA,eflinza01,5.0,2021-05-31,2021
YHA,gonzame01,5.0,2021-06-01,2021
YHA,triggan01,5.0,2021-06-02,2021
YHA,campbpa02,5.0,2021-06-03,2021
YHA,waldike01,5.0,2021-06-04,2021
YHA,hoeinbr01,11.0,2021-06-05,2021
YHA,eflinza01,6.0,2021-06-06,2021
YHA,gonzame01,6.0,2021-06-07,2021
YHA,triggan01,6.0,2021-06-08,2021
YHA,campbpa02,6.0,2021-06-09,2021
YHA,waldike01,7.0,2021-06-11,2021
YHA,hoeinbr01,7.0,2021-06-12,2021
YHA,eflinza01,7.0,2021-06-13,2021
YHA,triggan01,6.0,2021-06-14,2021
YHA,campbpa02,6.0,2021-06-15,2021
YHA,waldike01,5.0,2021-06-16,2021
YHA,,5.0,2021-06-17,2021
YHA,eflinza01,5.0,2021-06-18,2021
YHA,waldrhu01,47.0,2021-06-19,2021
YHA,triggan01,6.0,2021-06-20,2021
YHA,campbpa02,6.0,2021-06-21,2021
YHA,waldike01,6.0,2021-06-22,2021
YHA,hoeinbr01,6.0,2021-06-23,2021
YHA,eflinza01,7.0,2021-06-25,2021
YHA,triggan01,6.0,2021-06-26,2021
YHA,campbpa02,6.0,2021-06-27,2021
YHA,rodriye01,,2021-06-29,2021
YHA,hoeinbr01,7.0,2021-06-30,2021
YHA,gonzame01,24.0,2021-07-01,2021
YHA,eflinza01,7.0,2021-07-02,2021
YHA,campbpa02,6.0,2021-07-03,2021
YHA,waldike01,12.0,2021-07-04,2021
YHA,hoeinbr01,5.0,2021-07-05,2021
YHA,gonzame01,5.0,2021-07-06,2021
YHA,eflinza01,5.0,2021-07-07,2021
YHA,campbpa02,5.0,2021-07-08,2021
YHA,coxau01,,2021-07-09,2021
YHA,hoeinbr01,5.0,2021-07-10,2021
YHA,gonzame01,5.0,2021-07-11,2021
YHA,eflinza01,9.0,2021-07-16,2021
YHA,waldike01,13.0,2021-07-17,2021
YHA,hoeinbr01,8.0,2021-07-18,2021
YHA,campbpa02,12.0,2021-07-20,2021
YHA,eflinza01,5.0,2021-07-21,2021
YHA,coxau01,12.0,2021-07-21,2021
YHA,waldike01,5.0,2021-07-22,2021
YHA,hoeinbr01,5.0,2021-07-23,2021
YHA,gonzame01,13.0,2021-07-24,2021
YHA,campbpa02,5.0,2021-07-25,2021
YHA,eflinza01,6.0,2021-07-27,2021
YHA,waldike01,6.0,2021-07-28,2021
YHA,hoeinbr01,6.0,2021-07-29,2021
YHA,gonzame01,6.0,2021-07-30,2021
YHA,campbpa02,6.0,2021-07-31,2021
YHA,campbpa02,,2022-04-07,2022
YHA,livelbe01,,2022-04-08,2022
YHA,hoeinbr01,,2022-04-09,2022
YHA,waldike01,,2022-04-10,2022
YHA,adlemti01,,2022-04-11,2022
YHA,campbpa02,5.0,2022-04-12,2022
YHA,livelbe01,5.0,2022-04-13,2022
YHA,hoeinbr01,5.0,2022-04-14,2022
YHA,lucchjo01,,2022-04-15,2022
YHA,adlemti01,5.0,2022-04-16,2022
YHA,campbpa02,5.0,2022-04-17,2022
YHA,livelbe01,5.0,2022-04-18,2022
YHA,hoeinbr01,5.0,2022-04-19,2022
YHA,lucchjo01,5.0,2022-04-20,2022
YHA,adlemti01,6.0,2022-04-22,2022
YHA,campbpa02,6.0,2022-04-23,2022
YHA,livelbe01,6.0,2022-04-24,2022
YHA,hoeinbr01,7.0,2022-04-26,2022
YHA,lucchjo01,7.0,2022-04-27,2022
YHA,adlemti01,6.0,2022-04-28,2022
YHA,campbpa02,6.0,2022-04-29,2022
YHA,livelbe01,6.0,2022-04-30,2022
YHA,hoeinbr01,5.0,2022-05-01,2022
YHA,baumami01,,2022-05-04,2022
YHA,lucchjo01,7.0,2022-05-04,2022
YHA,adlemti01,7.0,2022-05-05,2022
YHA,campbpa02,7.0,2022-05-06,2022
YHA,livelbe01,7.0,2022-05-07,2022
YHA,hoeinbr01,7.0,2022-05-08,2022
YHA,lucchjo01,5.0,2022-05-09,2022
YHA,baumami01,6.0,2022-05-10,2022
YHA,adlemti01,6.0,2022-05-11,2022
YHA,campbpa02,7.0,2022-05-13,2022
YHA,livelbe01,7.0,2022-05-14,2022
YHA,hoeinbr01,7.0,2022-05-15,2022
YHA,baumami01,7.0,2022-05-17,2022
YHA,waldike01,38.0,2022-05-18,2022
YHA,campbpa02,6.0,2022-05-19,2022
YHA,livelbe01,6.0,2022-05-20,2022
YHA,,6.0,2022-05-21,2022
YHA,lucchjo01,13.0,2022-05-22,2022
YHA,adlemti01,12.0,2022-05-23,2022
YHA,waldike01,6.0,2022-05-24,2022
YHA,campbpa02,6.0,2022-05-25,2022
YHA,livelbe01,7.0,2022-05-27,2022
YHA,hoeinbr01,7.0,2022-05-28,2022
YHA,lucchjo01,7.0,2022-05-29,2022
YHA,adlemti01,7.0,2022-05-30,2022
YHA,waldike01,7.0,2022-05-31,2022
YHA,campbpa02,7.0,2022-06-01,2022
YHA,livelbe01,6.0,2022-06-02,2022
YHA,hoeinbr01,6.0,2022-06-03,2022
YHA,,6.0,2022-06-04,2022
YHA,baumami01,19.0,2022-06-05,2022
YHA,waldike01,6.0,2022-06-06,2022
YHA,campbpa02,6.0,2022-06-07,2022
YHA,livelbe01,6.0,2022-06-08,2022
YHA,hoeinbr01,7.0,2022-06-10,2022
YHA,adlemti01,12.0,2022-06-11,2022
YHA,,7.0,2022-06-11,2022
YHA,waldike01,6.0,2022-06-12,2022
YHA,campbpa02,6.0,2022-06-13,2022
YHA,livelbe01,6.0,2022-06-14,2022
YHA,gonzame01,,2022-06-15,2022
YHA,hoeinbr01,6.0,2022-06-16,2022
YHA,lucchjo01,6.0,2022-06-17,2022
YHA,adlemti01,,2022-06-18,2022
YHA,waldike01,7.0,2022-06-19,2022
YHA,campbpa02,7.0,2022-06-20,2022
YHA,livelbe01,7.0,2022-06-21,2022
YHA,baumami01,17.0,2022-06-22,2022
YHA,hoeinbr01,7.0,2022-06-23,2022
YHA,,7.0,2022-06-24,2022
YHA,waldike01,6.0,2022-06-25,2022
YHA,campbpa02,6.0,2022-06-26,2022
YHA,livelbe01,,2022-06-28,2022
YHA,baumami01,7.0,2022-06-29,2022
YHA,hoeinbr01,7.0,2022-06-30,2022
YHA,waldike01,6.0,2022-07-01,2022
YHA,campbpa02,6.0,2022-07-02,2022
YHA,lucchjo01,9.0,2022-07-03,2022
YHA,livelbe01,,2022-07-04,2022
YHA,baumami01,6.0,2022-07-05,2022
YHA,hoeinbr01,7.0,2022-07-07,2022
YHA,waldike01,,2022-07-08,2022
YHA,campbpa02,7.0,2022-07-09,2022
YHA,lucchjo01,7.0,2022-07-10,2022
YHA,livelbe01,7.0,2022-07-11,2022
YHA,baumami01,7.0,2022-07-12,2022
YHA,hoeinbr01,6.0,2022-07-13,2022
YHA,waldike01,6.0,2022-07-14,2022
YHA,campbpa02,6.0,2022-07-15,2022
YHA,livelbe01,5.0,2022-07-16,2022
YHA,baumami01,5.0,2022-07-17,2022
YHA,campbpa02,7.0,2022-07-22,2022
YHA,waldike01,9.0,2022-07-23,2022
YHA,hoeinbr01,,2022-07-24,2022
YHA,livelbe01,9.0,2022-07-25,2022
YHA,baumami01,9.0,2022-07-26,2022
YHA,campbpa02,5.0,2022-07-27,2022
YHA,waldike01,6.0,2022-07-29,2022
YHA,hoeinbr01,6.0,2022-07-30,2022
YHA,livelbe01,,2022-07-31,2022
YHA,waldike01,,2023-03-30,2023
YHA,adlemti01,,2023-03-31,2023
YHA,smithaj01,,2023-04-01,2023
YHA,freelky01,,2023-04-02,2023
YHA,gonzame01,,2023-04-03,2023
YHA,campbpa02,,2023-04-04,2023
YHA,waldike01,7.0,2023-04-06,2023
YHA,adlemti01,7.0,2023-04-07,2023
YHA,smithaj01,7.0,2023-04-08,2023
YHA,freelky01,7.0,2023-04-09,2023
YHA,campbpa02,6.0,2023-04-10,2023
YHA,gonzame01,8.0,2023-04-11,2023
YHA,waldike01,6.0,2023-04-12,2023
YHA,adlemti01,6.0,2023-04-13,2023
YHA,smithaj01,6.0,2023-04-14,2023
YHA,freelky01,6.0,2023-04-15,2023
YHA,campbpa02,6.0,2023-04-16,2023
YHA,gonzame01,6.0,2023-04-17,2023
YHA,waldike01,6.0,2023-04-18,2023
YHA,adlemti01,6.0,2023-04-19,2023
YHA,smithaj01,6.0,2023-04-20,2023
YHA,freelky01,6.0,2023-04-21,2023
YHA,hoeinbr01,,2023-04-22,2023
YHA,campbpa02,7.0,2023-04-23,2023
YHA,waldike01,7.0,2023-04-25,2023
YHA,smithaj01,6.0,2023-04-26,2023
YHA,freelky01,6.0,2023-04-27,2023
YHA,hoeinbr01,7.0,2023-04-29,2023
YHA,campbpa02,7.0,2023-04-30,2023
YHA,,6.0,2023-05-01,2023
YHA,smithaj01,6.0,2023-05-02,2023
YHA,freelky01,6.0,2023-05-03,2023
YHA,campbpa02,5.0,2023-05-05,2023
YHA,waldike01,,2023-05-06,2023
YHA,hoeinbr01,8.0,2023-05-07,2023
YHA,smithaj01,7.0,2023-05-09,2023
YHA,freelky01,7.0,2023-05-10,2023
YHA,campbpa02,6.0,2023-05-11,2023
YHA,waldike01,,2023-05-12,2023
YHA,hoeinbr01,6.0,2023-05-13,2023
YHA,gonzame01,27.0,2023-05-14,2023
YHA,smithaj01,6.0,2023-05-15,2023
YHA,freelky01,6.0,2023-05-16,2023
YHA,campbpa02,6.0,2023-05-17,2023
YHA,waldike01,7.0,2023-05-19,2023
YHA,hoeinbr01,7.0,2023-05-20,2023
YHA,smithaj01,6.0,2023-05-21,2023
YHA,campbpa02,6.0,2023-05-23,2023
YHA,gonzame01,10.0,2023-05-24,2023
YHA,waldike01,6.0,2023-05-25,2023
YHA,hoeinbr01,6.0,2023-05-26,2023
YHA,smithaj01,6.0,2023-05-27,2023
YHA,campbpa02,5.0,2023-05-28,2023
YHA,gonzame01,,2023-05-30,2023
YHA,waldike01,6.0,2023-05-31,2023
YHA,hoeinbr01,,2023-06-01,2023
YHA,smithaj01,6.0,2023-06-02,2023
YHA,campbpa02,6.0,2023-06-03,2023
YHA,gonzame01,5.0,2023-06-04,2023
YHA,waldike01,5.0,2023-06-05,2023
YHA,hoeinbr01,5.0,2023-06-06,2023
YHA,,5.0,2023-06-07,2023
YHA,campbpa02,6.0,2023-06-09,2023
YHA,gonzame01,6.0,2023-06-10,2023
YHA,,6.0,2023-06-11,2023
YHA,hoeinbr01,7.0,2023-06-13,2023
YHA,smithaj01,,2023-06-14,2023
YHA,gonzame01,5.0,2023-06-15,2023
YHA,campbpa02,7.0,2023-06-16,2023
YHA,waldike01,6.0,2023-06-17,2023
YHA,hoeinbr01,5.0,2023-06-18,2023
YHA,smithaj01,5.0,2023-06-19,2023
YHA,freelky01,35.0,2023-06-20,2023
YHA,campbpa02,5.0,2023-06-21,2023
YHA,waldike01,5.0,2023-06-22,2023
YHA,hoeinbr01,5.0,2023-06-23,2023
YHA,penafe01,,2023-06-24,2023
YHA,,5.0,2023-06-25,2023
YHA,coxau01,,2023-06-27,2023
YHA,,6.0,2023-06-28,2023
YHA,hoeinbr01,6.0,2023-06-29,2023
YHA,freelky01,5.0,2023-06-30,2023
YHA,smithaj01,12.0,2023-07-01,2023
YHA,matzst01,,2023-07-02,2023
YHA,waldike01,5.0,2023-07-03,2023
YHA,hoeinbr01,5.0,2023-07-04,2023
YHA,freelky01,5.0,2023-07-05,2023
YHA,campbpa02,16.0,2023-07-07,2023
YHA,waldike01,,2023-07-08,2023
YHA,hoeinbr01,5.0,2023-07-09,2023
YHA,campbpa02,7.0,2023-07-14,2023
YHA,waldike01,7.0,2023-07-15,2023
YHA,gonzame01,30.0,2023-07-15,2023
YHA,freelky01,11.0,2023-07-16,2023
YHA,hoeinbr01,9.0,2023-07-18,2023
YHA,campbpa02,5.0,2023-07-19,2023
YHA,waldike01,5.0,2023-07-20,2023
YHA,freelky01,5.0,2023-07-21,2023
YHA,newsolj01,,2023-07-22,2023
YHA,,5.0,2023-07-23,2023
YHA,campbpa02,5.0,2023-07-24,2023
YHA,waldike01,5.0,2023-07-25,2023
YHA,freelky01,5.0,2023-07-26,2023
YHA,hoeinbr01,5.0,2023-07-28,2023
YHA,campbpa02,5.0,2023-07-29,2023
YHA,waldike01,5.0,2023-07-30,2023
YHA,freelky01,5.0,2023-07-31,2023
ZQF,rogertr01,,2016-04-04,2016
ZQF,rucindr01,,2016-04-06,2016
ZQF,kingmi01,,2016-04-07,2016
ZQF,rogertr01,4.0,2016-04-08,2016
ZQF,francjp01,,2016-04-09,2016
ZQF,ramirne01,,2016-04-10,2016
ZQF,rucindr01,5.0,2016-04-11,2016
ZQF,kingmi01,6.0,2016-04-13,2016
ZQF,rogertr01,6.0,2016-04-14,2016
ZQF,francjp01,6.0,2016-04-15,2016
ZQF,ramirne01,6.0,2016-04-16,2016
ZQF,rucindr01,6.0,2016-04-17,2016
ZQF,kingmi01,5.0,2016-04-18,2016
ZQF,rogertr01,5.0,2016-04-19,2016
ZQF,francjp01,5.0,2016-04-20,2016
ZQF,ramirne01,5.0,2016-04-21,2016
ZQF,rucindr01,5.0,2016-04-22,2016
ZQF,kingmi01,5.0,2016-04-23,2016
ZQF,hernaca04,,2016-04-24,2016
ZQF,francjp01,5.0,2016-04-25,2016
ZQF,ramirne01,5.0,2016-04-26,2016
ZQF,leonedo01,,2016-04-27,2016
ZQF,kingmi01,6.0,2016-04-29,2016
ZQF,hernaca04,6.0,2016-04-30,2016
ZQF,ramirne01,,2016-05-01,2016
ZQF,,5.0,2016-05-02,2016
ZQF,greenco01,,2016-05-03,2016
ZQF,kingmi01,5.0,2016-05-04,2016
ZQF,ramirne01,5.0,2016-05-06,2016
ZQF,rogertr01,,2016-05-07,2016
ZQF,hernaca04,8.0,2016-05-08,2016
ZQF,leonedo01,8.0,2016-05-10,2016
ZQF,kingmi01,7.0,2016-05-11,2016
ZQF,ramirne01,7.0,2016-05-13,2016
ZQF,rogertr01,7.0,2016-05-14,2016
ZQF,hernaca04,7.0,2016-05-15,2016
ZQF,leonedo01,6.0,2016-05-16,2016
ZQF,kingmi01,6.0,2016-05-17,2016
ZQF,ramirne01,5.0,2016-05-18,2016
ZQF,rogertr01,5.0,2016-05-19,2016
ZQF,hernaca04,5.0,2016-05-20,2016
ZQF,mercami01,,2016-05-21,2016
ZQF,kingmi01,5.0,2016-05-22,2016
ZQF,ramirne01,5.0,2016-05-23,2016
ZQF,rogertr01,5.0,2016-05-24,2016
ZQF,hernaca04,5.0,2016-05-25,2016
ZQF,mercami01,6.0,2016-05-27,2016
ZQF,kingmi01,6.0,2016-05-28,2016
ZQF,ramirne01,6.0,2016-05-29,2016
ZQF,rogertr01,6.0,2016-05-30,2016
ZQF,,6.0,2016-05-31,2016
ZQF,mercami01,5.0,2016-06-01,2016
ZQF,kingmi01,5.0,2016-06-02,2016
ZQF,ramirne01,5.0,2016-06-03,2016
ZQF,rogertr01,5.0,2016-06-04,2016
ZQF,hernaca04,5.0,2016-06-05,2016
ZQF,mercami01,6.0,2016-06-07,2016
ZQF,ramirne01,5.0,2016-06-08,2016
ZQF,rogertr01,5.0,2016-06-09,2016
ZQF,hernaca04,5.0,2016-06-10,2016
ZQF,rucindr01,,2016-06-11,2016
ZQF,mercami01,5.0,2016-06-12,2016
ZQF,ramirne01,5.0,2016-06-13,2016
ZQF,rogertr01,5.0,2016-06-14,2016
ZQF,hernaca04,5.0,2016-06-15,2016
ZQF,rucindr01,5.0,2016-06-16,2016
ZQF,mercami01,5.0,2016-06-17,2016
ZQF,ramirne01,5.0,2016-06-18,2016
ZQF,rogertr01,5.0,2016-06-19,2016
ZQF,hernaca04,6.0,2016-06-21,2016
ZQF,rucindr01,6.0,2016-06-22,2016
ZQF,ramirne01,5.0,2016-06-23,2016
ZQF,francjp01,60.0,2016-06-24,2016
ZQF,rogertr01,6.0,2016-06-25,2016
ZQF,hernaca04,5.0,2016-06-26,2016
ZQF,rucindr01,6.0,2016-06-28,2016
ZQF,ramirne01,6.0,2016-06-29,2016
ZQF,francjp01,6.0,2016-06-30,2016
ZQF,rogertr01,6.0,2016-07-01,2016
ZQF,hernaca04,6.0,2016-07-02,2016
ZQF,rucindr01,5.0,2016-07-03,2016
ZQF,ramirne01,5.0,2016-07-04,2016
ZQF,francjp01,,2016-07-05,2016
ZQF,rogertr01,5.0,2016-07-06,2016
ZQF,hernaca04,5.0,2016-07-07,2016
ZQF,rucindr01,5.0,2016-07-08,2016
ZQF,ramirne01,5.0,2016-07-09,2016
ZQF,francjp01,5.0,2016-07-10,2016
ZQF,rogertr01,9.0,2016-07-15,2016
ZQF,hernaca04,9.0,2016-07-16,2016
ZQF,rucindr01,9.0,2016-07-17,2016
ZQF,ramirne01,,2016-07-18,2016
ZQF,francjp01,9.0,2016-07-19,2016
ZQF,rogertr01,5.0,2016-07-20,2016
ZQF,hernaca04,5.0,2016-07-21,2016
ZQF,rucindr01,5.0,2016-07-22,2016
ZQF,ramirne01,5.0,2016-07-23,2016
ZQF,francjp01,5.0,2016-07-24,2016
ZQF,rogertr01,6.0,2016-07-26,2016
ZQF,hernaca04,6.0,2016-07-27,2016
ZQF,rucindr01,6.0,2016-07-28,2016
ZQF,ramirne01,6.0,2016-07-29,2016
ZQF,francjp01,6.0,2016-07-30,2016
ZQF,rogertr01,5.0,2016-07-31,2016
ZQF,rogertr01,,2017-04-03,2017
ZQF,davisau01,,2017-04-05,2017
ZQF,rucindr01,,2017-04-06,2017
ZQF,kingmi01,,2017-04-07,2017
ZQF,feyerjo01,,2017-04-08,2017
ZQF,rogertr01,6.0,2017-04-09,2017
ZQF,davisau01,6.0,2017-04-11,2017
ZQF,rucindr01,6.0,2017-04-12,2017
ZQF,kingmi01,6.0,2017-04-13,2017
ZQF,feyerjo01,6.0,2017-04-14,2017
ZQF,rogertr01,6.0,2017-04-15,2017
ZQF,davisau01,5.0,2017-04-16,2017
ZQF,rucindr01,5.0,2017-04-17,2017
ZQF,kingmi01,5.0,2017-04-18,2017
ZQF,rogertr01,5.0,2017-04-20,2017
ZQF,davisau01,5.0,2017-04-21,2017
ZQF,feyerjo01,8.0,2017-04-22,2017
ZQF,rucindr01,6.0,2017-04-23,2017
ZQF,kingmi01,6.0,2017-04-24,2017
ZQF,rogertr01,5.0,2017-04-25,2017
ZQF,davisau01,5.0,2017-04-26,2017
ZQF,rucindr01,5.0,2017-04-28,2017
ZQF,kingmi01,6.0,2017-04-30,2017
ZQF,rogertr01,,2017-05-02,2017
ZQF,davisau01,7.0,2017-05-03,2017
ZQF,rucindr01,6.0,2017-05-04,2017
ZQF,kingmi01,5.0,2017-05-05,2017
ZQF,thorple01,,2017-05-06,2017
ZQF,rogertr01,5.0,2017-05-07,2017
ZQF,davisau01,6.0,2017-05-09,2017
ZQF,kingmi01,6.0,2017-05-11,2017
ZQF,rogertr01,5.0,2017-05-12,2017
ZQF,leonedo01,,2017-05-13,2017
ZQF,davisau01,5.0,2017-05-14,2017
ZQF,kingmi01,5.0,2017-05-16,2017
ZQF,rogertr01,6.0,2017-05-18,2017
ZQF,leonedo01,5.0,2017-05-18,2017
ZQF,davisau01,5.0,2017-05-19,2017
ZQF,feyerjo01,29.0,2017-05-21,2017
ZQF,kingmi01,5.0,2017-05-21,2017
ZQF,rucindr01,18.0,2017-05-22,2017
ZQF,rogertr01,5.0,2017-05-23,2017
ZQF,leonedo01,6.0,2017-05-24,2017
ZQF,davisau01,7.0,2017-05-26,2017
ZQF,feyerjo01,6.0,2017-05-27,2017
ZQF,rucindr01,6.0,2017-05-28,2017
ZQF,rogertr01,6.0,2017-05-29,2017
ZQF,leonedo01,6.0,2017-05-30,2017
ZQF,davisau01,5.0,2017-05-31,2017
ZQF,feyerjo01,5.0,2017-06-01,2017
ZQF,rucindr01,5.0,2017-06-02,2017
ZQF,rogertr01,5.0,2017-06-03,2017
ZQF,leonedo01,5.0,2017-06-04,2017
ZQF,davisau01,6.0,2017-06-06,2017
ZQF,feyerjo01,,2017-06-07,2017
ZQF,rucindr01,6.0,2017-06-08,2017
ZQF,rogertr01,6.0,2017-06-09,2017
ZQF,leonedo01,6.0,2017-06-10,2017
ZQF,scottta02,,2017-06-11,2017
ZQF,feyerjo01,5.0,2017-06-12,2017
ZQF,rucindr01,5.0,2017-06-13,2017
ZQF,rogertr01,5.0,2017-06-14,2017
ZQF,leonedo01,5.0,2017-06-15,2017
ZQF,scottta02,5.0,2017-06-16,2017
ZQF,eickhje01,41.0,2017-06-17,2017
ZQF,feyerjo01,5.0,2017-06-17,2017
ZQF,rucindr01,5.0,2017-06-18,2017
ZQF,rogertr01,6.0,2017-06-20,2017
ZQF,leonedo01,6.0,2017-06-21,2017
ZQF,scottta02,6.0,2017-06-22,2017
ZQF,feyerjo01,6.0,2017-06-23,2017
ZQF,rucindr01,6.0,2017-06-24,2017
ZQF,rogertr01,5.0,2017-06-25,2017
ZQF,leonedo01,5.0,2017-06-26,2017
ZQF,davisau01,21.0,2017-06-27,2017
ZQF,feyerjo01,5.0,2017-06-28,2017
ZQF,rucindr01,5.0,2017-06-29,2017
ZQF,rogertr01,5.0,2017-06-30,2017
ZQF,,5.0,2017-07-01,2017
ZQF,castrmi01,,2017-07-01,2017
ZQF,davisau01,5.0,2017-07-02,2017
ZQF,feyerjo01,5.0,2017-07-03,2017
ZQF,rucindr01,5.0,2017-07-04,2017
ZQF,rogertr01,5.0,2017-07-05,2017
ZQF,leonedo01,5.0,2017-07-06,2017
ZQF,castrmi01,6.0,2017-07-07,2017
ZQF,feyerjo01,5.0,2017-07-08,2017
ZQF,rucindr01,5.0,2017-07-09,2017
ZQF,leonedo01,8.0,2017-07-14,2017
ZQF,rogertr01,10.0,2017-07-15,2017
ZQF,rucindr01,7.0,2017-07-16,2017
ZQF,feyerjo01,9.0,2017-07-17,2017
ZQF,alexaty01,20.0,2017-07-18,2017
ZQF,leonedo01,5.0,2017-07-19,2017
ZQF,rogertr01,6.0,2017-07-21,2017
ZQF,rucindr01,6.0,2017-07-22,2017
ZQF,feyerjo01,6.0,2017-07-23,2017
ZQF,alexaty01,6.0,2017-07-24,2017
ZQF,leonedo01,6.0,2017-07-25,2017
ZQF,rogertr01,5.0,2017-07-26,2017
ZQF,richaly01,7.0,2017-07-28,2017
ZQF,,6.0,2017-07-29,2017
ZQF,alexaty01,6.0,2017-07-30,2017
ZQF,adamsau02,,2018-03-29,2018
ZQF,rucindr01,,2018-03-31,2018
ZQF,leonedo01,,2018-04-01,2018
ZQF,howarsa01,,2018-04-02,2018
ZQF,adamsau02,6.0,2018-04-04,2018
ZQF,rucindr01,5.0,2018-04-05,2018
ZQF,leonedo01,6.0,2018-04-07,2018
ZQF,howarsa01,7.0,2018-04-09,2018
ZQF,adamsau02,6.0,2018-04-10,2018
ZQF,,6.0,2018-04-11,2018
ZQF,leonedo01,5.0,2018-04-12,2018
ZQF,adamsau02,7.0,2018-04-17,2018
ZQF,leonedo01,6.0,2018-04-18,2018
ZQF,howarsa01,11.0,2018-04-20,2018
ZQF,rucindr01,10.0,2018-04-21,2018
ZQF,kingmi01,,2018-04-22,2018
ZQF,adamsau02,6.0,2018-04-23,2018
ZQF,leonedo01,6.0,2018-04-24,2018
ZQF,howarsa01,5.0,2018-04-25,2018
ZQF,rucindr01,5.0,2018-04-26,2018
ZQF,kingmi01,5.0,2018-04-27,2018
ZQF,adamsau02,5.0,2018-04-28,2018
ZQF,leonedo01,5.0,2018-04-29,2018
ZQF,howarsa01,5.0,2018-04-30,2018
ZQF,rucindr01,5.0,2018-05-01,2018
ZQF,cahiltr01,,2018-05-02,2018
ZQF,adamsau02,5.0,2018-05-03,2018
ZQF,leonedo01,5.0,2018-05-04,2018
ZQF,howarsa01,5.0,2018-05-05,2018
ZQF,rucindr01,5.0,2018-05-06,2018
ZQF,cahiltr01,5.0,2018-05-07,2018
ZQF,adamsau02,5.0,2018-05-08,2018
ZQF,leonedo01,6.0,2018-05-10,2018
ZQF,howarsa01,6.0,2018-05-11,2018
ZQF,rucindr01,6.0,2018-05-12,2018
ZQF,cahiltr01,6.0,2018-05-13,2018
ZQF,adamsau02,6.0,2018-05-14,2018
ZQF,leonedo01,5.0,2018-05-15,2018
ZQF,howarsa01,,2018-05-16,2018
ZQF,rucindr01,6.0,2018-05-18,2018
ZQF,cahiltr01,6.0,2018-05-19,2018
ZQF,adamsau02,,2018-05-20,2018
ZQF,leonedo01,6.0,2018-05-21,2018
ZQF,howarsa01,6.0,2018-05-22,2018
ZQF,rucindr01,5.0,2018-05-23,2018
ZQF,cahiltr01,6.0,2018-05-25,2018
ZQF,adamsau02,6.0,2018-05-26,2018
ZQF,leonedo01,6.0,2018-05-27,2018
ZQF,,6.0,2018-05-28,2018
ZQF,rucindr01,6.0,2018-05-29,2018
ZQF,cahiltr01,5.0,2018-05-30,2018
ZQF,adamsau02,,2018-05-31,2018
ZQF,leonedo01,5.0,2018-06-01,2018
ZQF,howarsa01,5.0,2018-06-02,2018
ZQF,rucindr01,5.0,2018-06-03,2018
ZQF,ortka01,,2018-06-05,2018
ZQF,cahiltr01,6.0,2018-06-05,2018
ZQF,adamsau02,6.0,2018-06-06,2018
ZQF,leonedo01,6.0,2018-06-07,2018
ZQF,howarsa01,6.0,2018-06-08,2018
ZQF,rucindr01,6.0,2018-06-09,2018
ZQF,cahiltr01,5.0,2018-06-10,2018
ZQF,adamsau02,,2018-06-12,2018
ZQF,leonedo01,6.0,2018-06-13,2018
ZQF,howarsa01,6.0,2018-06-14,2018
ZQF,rucindr01,6.0,2018-06-15,2018
ZQF,cahiltr01,6.0,2018-06-16,2018
ZQF,adamsau02,5.0,2018-06-17,2018
ZQF,leonedo01,6.0,2018-06-19,2018
ZQF,howarsa01,6.0,2018-06-20,2018
ZQF,,6.0,2018-06-21,2018
ZQF,cahiltr01,6.0,2018-06-22,2018
ZQF,adamsau02,6.0,2018-06-23,2018
ZQF,leonedo01,5.0,2018-06-24,2018
ZQF,howarsa01,6.0,2018-06-26,2018
ZQF,rucindr01,6.0,2018-06-27,2018
ZQF,adamsau02,5.0,2018-06-28,2018
ZQF,leonedo01,5.0,2018-06-29,2018
ZQF,,,2018-06-30,2018
ZQF,howarsa01,5.0,2018-07-01,2018
ZQF,rucindr01,5.0,2018-07-02,2018
ZQF,adamsau02,5.0,2018-07-03,2018
ZQF,leonedo01,5.0,2018-07-04,2018
ZQF,kleinph01,,2018-07-05,2018
ZQF,howarsa01,5.0,2018-07-06,2018
ZQF,rucindr01,5.0,2018-07-07,2018
ZQF,adamsau02,5.0,2018-07-08,2018
ZQF,leonedo01,5.0,2018-07-09,2018
ZQF,kleinph01,5.0,2018-07-10,2018
ZQF,,5.0,2018-07-11,2018
ZQF,rucindr01,,2018-07-12,2018
ZQF,adamsau02,5.0,2018-07-13,2018
ZQF,leonedo01,5.0,2018-07-14,2018
ZQF,cahiltr01,23.0,2018-07-15,2018
ZQF,rucindr01,8.0,2018-07-20,2018
ZQF,howarsa01,10.0,2018-07-21,2018
ZQF,adamsau02,9.0,2018-07-22,2018
ZQF,feyerjo01,23.0,2018-07-23,2018
ZQF,leonedo01,10.0,2018-07-24,2018
ZQF,rogertr01,,2018-07-25,2018
ZQF,rucindr01,6.0,2018-07-26,2018
ZQF,,6.0,2018-07-27,2018
ZQF,adamsau02,6.0,2018-07-28,2018
ZQF,leonedo01,5.0,2018-07-29,2018
ZQF,rogertr01,5.0,2018-07-30,2018
ZQF,rucindr01,5.0,2018-07-31,2018
ZQF,leonedo01,,2019-03-28,2019
ZQF,adamsau02,,2019-03-30,2019
ZQF,maldoan01,,2019-03-31,2019
ZQF,,5.0,2019-04-02,2019
ZQF,,,2019-04-03,2019
ZQF,adamsau02,6.0,2019-04-05,2019
ZQF,maldoan01,6.0,2019-04-06,2019
ZQF,leonedo01,5.0,2019-04-07,2019
ZQF,rucindr01,6.0,2019-04-09,2019
ZQF,adamsau02,5.0,2019-04-10,2019
ZQF,maldoan01,7.0,2019-04-13,2019
ZQF,leonedo01,7.0,2019-04-14,2019
ZQF,couloda01,,2019-04-15,2019
ZQF,rucindr01,7.0,2019-04-16,2019
ZQF,adamsau02,7.0,2019-04-17,2019
ZQF,maldoan01,5.0,2019-04-18,2019
ZQF,leonedo01,6.0,2019-04-20,2019
ZQF,couloda01,5.0,2019-04-20,2019
ZQF,rucindr01,5.0,2019-04-21,2019
ZQF,adamsau02,5.0,2019-04-22,2019
ZQF,maldoan01,,2019-04-23,2019
ZQF,lopezja04,,2019-04-24,2019
ZQF,couloda01,,2019-04-26,2019
ZQF,leonedo01,7.0,2019-04-27,2019
ZQF,rucindr01,7.0,2019-04-28,2019
ZQF,adamsau02,7.0,2019-04-29,2019
ZQF,maldoan01,7.0,2019-04-30,2019
ZQF,couloda01,5.0,2019-05-01,2019
ZQF,leonedo01,5.0,2019-05-02,2019
ZQF,rucindr01,,2019-05-03,2019
ZQF,adamsau02,5.0,2019-05-04,2019
ZQF,maldoan01,5.0,2019-05-05,2019
ZQF,couloda01,5.0,2019-05-06,2019
ZQF,leonedo01,5.0,2019-05-07,2019
ZQF,rucindr01,5.0,2019-05-08,2019
ZQF,adamsau02,6.0,2019-05-10,2019
ZQF,lopezja04,17.0,2019-05-11,2019
ZQF,maldoan01,6.0,2019-05-11,2019
ZQF,couloda01,6.0,2019-05-12,2019
ZQF,leonedo01,6.0,2019-05-13,2019
ZQF,rucindr01,6.0,2019-05-14,2019
ZQF,adamsau02,5.0,2019-05-15,2019
ZQF,maldoan01,5.0,2019-05-16,2019
ZQF,couloda01,5.0,2019-05-17,2019
ZQF,leonedo01,5.0,2019-05-18,2019
ZQF,rucindr01,5.0,2019-05-19,2019
ZQF,adamsau02,5.0,2019-05-20,2019
ZQF,maldoan01,5.0,2019-05-21,2019
ZQF,couloda01,6.0,2019-05-23,2019
ZQF,leonedo01,6.0,2019-05-24,2019
ZQF,rucindr01,6.0,2019-05-25,2019
ZQF,adamsau02,6.0,2019-05-26,2019
ZQF,maldoan01,6.0,2019-05-27,2019
ZQF,lametdi01,,2019-05-28,2019
ZQF,couloda01,7.0,2019-05-30,2019
ZQF,leonedo01,7.0,2019-05-31,2019
ZQF,rucindr01,7.0,2019-06-01,2019
ZQF,adamsau02,7.0,2019-06-02,2019
ZQF,lametdi01,7.0,2019-06-04,2019
ZQF,couloda01,6.0,2019-06-05,2019
ZQF,leonedo01,6.0,2019-06-06,2019
ZQF,maldoan01,11.0,2019-06-07,2019
ZQF,rucindr01,7.0,2019-06-08,2019
ZQF,adamsau02,7.0,2019-06-09,2019
ZQF,couloda01,6.0,2019-06-11,2019
ZQF,leonedo01,,2019-06-12,2019
ZQF,maldoan01,,2019-06-13,2019
ZQF,rucindr01,6.0,2019-06-14,2019
ZQF,adamsau02,6.0,2019-06-15,2019
ZQF,couloda01,5.0,2019-06-16,2019
ZQF,leonedo01,5.0,2019-06-17,2019
ZQF,maldoan01,5.0,2019-06-18,2019
ZQF,rucindr01,5.0,2019-06-19,2019
ZQF,adamsau02,5.0,2019-06-20,2019
ZQF,couloda01,5.0,2019-06-21,2019
ZQF,leonedo01,,2019-06-22,2019
ZQF,maldoan01,5.0,2019-06-23,2019
ZQF,rucindr01,6.0,2019-06-25,2019
ZQF,adamsau02,6.0,2019-06-26,2019
ZQF,couloda01,6.0,2019-06-27,2019
ZQF,leonedo01,6.0,2019-06-28,2019
ZQF,maldoan01,6.0,2019-06-29,2019
ZQF,hillga02,,2019-06-30,2019
ZQF,adamsau02,6.0,2019-07-02,2019
ZQF,rucindr01,8.0,2019-07-03,2019
ZQF,leonedo01,6.0,2019-07-04,2019
ZQF,couloda01,8.0,2019-07-05,2019
ZQF,maldoan01,7.0,2019-07-06,2019
ZQF,rucindr01,4.0,2019-07-07,2019
ZQF,rucindr01,5.0,2019-07-12,2019
ZQF,adamsau02,11.0,2019-07-13,2019
ZQF,leonedo01,10.0,2019-07-14,2019
ZQF,maldoan01,10.0,2019-07-16,2019
ZQF,couloda01,12.0,2019-07-17,2019
ZQF,rucindr01,6.0,2019-07-18,2019
ZQF,adamsau02,6.0,2019-07-19,2019
ZQF,leonedo01,6.0,2019-07-20,2019
ZQF,maldoan01,5.0,2019-07-21,2019
ZQF,couloda01,5.0,2019-07-22,2019
ZQF,rucindr01,5.0,2019-07-23,2019
ZQF,adamsau02,5.0,2019-07-24,2019
ZQF,leonedo01,5.0,2019-07-25,2019
ZQF,,5.0,2019-07-26,2019
ZQF,couloda01,5.0,2019-07-27,2019
ZQF,rucindr01,5.0,2019-07-28,2019
ZQF,adamsau02,6.0,2019-07-30,2019
ZQF,,6.0,2019-07-31,2019
ZQF,castehu01,,2021-04-01,2021
ZQF,leonedo01,,2021-04-03,2021
ZQF,maldoan01,,2021-04-04,2021
ZQF,oviedjo01,,2021-04-05,2021
ZQF,cuevawi01,,2021-04-06,2021
ZQF,castehu01,6.0,2021-04-07,2021
ZQF,leonedo01,5.0,2021-04-08,2021
ZQF,maldoan01,6.0,2021-04-10,2021
ZQF,oviedjo01,6.0,2021-04-11,2021
ZQF,cuevawi01,7.0,2021-04-13,2021
ZQF,castehu01,7.0,2021-04-14,2021
ZQF,leonedo01,6.0,2021-04-14,2021
ZQF,maldoan01,,2021-04-15,2021
ZQF,hillga02,,2021-04-16,2021
ZQF,oviedjo01,9.0,2021-04-20,2021
ZQF,leonedo01,6.0,2021-04-20,2021
ZQF,castehu01,7.0,2021-04-21,2021
ZQF,cuevawi01,10.0,2021-04-23,2021
ZQF,maldoan01,9.0,2021-04-24,2021
ZQF,oviedjo01,5.0,2021-04-25,2021
ZQF,leonedo01,,2021-04-26,2021
ZQF,,6.0,2021-04-27,2021
ZQF,cuevawi01,5.0,2021-04-28,2021
ZQF,maldoan01,6.0,2021-04-30,2021
ZQF,oviedjo01,6.0,2021-05-01,2021
ZQF,leonedo01,6.0,2021-05-02,2021
ZQF,,6.0,2021-05-03,2021
ZQF,cuevawi01,6.0,2021-05-04,2021
ZQF,hillga02,19.0,2021-05-05,2021
ZQF,maldoan01,6.0,2021-05-06,2021
ZQF,oviedjo01,6.0,2021-05-07,2021
ZQF,leonedo01,6.0,2021-05-08,2021
ZQF,castehu01,8.0,2021-05-11,2021
ZQF,cuevawi01,8.0,2021-05-12,2021
ZQF,maldoan01,7.0,2021-05-13,2021
ZQF,oviedjo01,7.0,2021-05-14,2021
ZQF,leonedo01,7.0,2021-05-15,2021
ZQF,castehu01,5.0,2021-05-16,2021
ZQF,cuevawi01,5.0,2021-05-17,2021
ZQF,sadzeco01,,2021-05-18,2021
ZQF,oviedjo01,5.0,2021-05-19,2021
ZQF,hillga02,15.0,2021-05-20,2021
ZQF,leonedo01,5.0,2021-05-20,2021
ZQF,mcderch01,,2021-05-21,2021
ZQF,castehu01,6.0,2021-05-22,2021
ZQF,cuevawi01,6.0,2021-05-23,2021
ZQF,oviedjo01,5.0,2021-05-24,2021
ZQF,leonedo01,5.0,2021-05-25,2021
ZQF,maldoan01,,2021-05-26,2021
ZQF,mcderch01,7.0,2021-05-28,2021
ZQF,cuevawi01,6.0,2021-05-29,2021
ZQF,oviedjo01,6.0,2021-05-30,2021
ZQF,leonedo01,6.0,2021-05-31,2021
ZQF,maldoan01,6.0,2021-06-01,2021
ZQF,mcderch01,5.0,2021-06-02,2021
ZQF,cuevawi01,5.0,2021-06-03,2021
ZQF,oviedjo01,5.0,2021-06-04,2021
ZQF,leonedo01,5.0,2021-06-05,2021
ZQF,sadzeco01,19.0,2021-06-06,2021
ZQF,maldoan01,,2021-06-08,2021
ZQF,mcderch01,7.0,2021-06-09,2021
ZQF,cuevawi01,7.0,2021-06-10,2021
ZQF,sadzeco01,5.0,2021-06-11,2021
ZQF,leonedo01,7.0,2021-06-12,2021
ZQF,maldoan01,5.0,2021-06-13,2021
ZQF,castehu01,23.0,2021-06-14,2021
ZQF,cuevawi01,5.0,2021-06-15,2021
ZQF,sadzeco01,5.0,2021-06-16,2021
ZQF,leonedo01,6.0,2021-06-18,2021
ZQF,mcderch01,10.0,2021-06-19,2021
ZQF,castehu01,6.0,2021-06-20,2021
ZQF,cuevawi01,6.0,2021-06-21,2021
ZQF,sadzeco01,6.0,2021-06-22,2021
ZQF,leonedo01,6.0,2021-06-24,2021
ZQF,paxtoja01,,2021-06-25,2021
ZQF,cuevawi01,6.0,2021-06-27,2021
ZQF,castehu01,9.0,2021-06-29,2021
ZQF,sadzeco01,8.0,2021-06-30,2021
ZQF,leonedo01,7.0,2021-07-01,2021
ZQF,cuevawi01,5.0,2021-07-02,2021
ZQF,,,2021-07-03,2021
ZQF,castehu01,5.0,2021-07-04,2021
ZQF,,5.0,2021-07-05,2021
ZQF,leonedo01,5.0,2021-07-06,2021
ZQF,maldoan01,24.0,2021-07-07,2021
ZQF,cuevawi01,6.0,2021-07-08,2021
ZQF,castehu01,5.0,2021-07-09,2021
ZQF,sadzeco01,5.0,2021-07-10,2021
ZQF,leonedo01,5.0,2021-07-11,2021
ZQF,peralfr01,,2021-07-17,2021
ZQF,castehu01,8.0,2021-07-17,2021
ZQF,cuevawi01,10.0,2021-07-18,2021
ZQF,leonedo01,8.0,2021-07-19,2021
ZQF,ryanjo04,,2021-07-19,2021
ZQF,sadzeco01,10.0,2021-07-20,2021
ZQF,maldoan01,14.0,2021-07-21,2021
ZQF,castehu01,5.0,2021-07-22,2021
ZQF,cuevawi01,5.0,2021-07-23,2021
ZQF,leonedo01,5.0,2021-07-24,2021
ZQF,sadzeco01,5.0,2021-07-25,2021
ZQF,maldoan01,,2021-07-26,2021
ZQF,castehu01,5.0,2021-07-27,2021
ZQF,cuevawi01,5.0,2021-07-28,2021
ZQF,ryanjo04,11.0,2021-07-30,2021
ZQF,sadzeco01,6.0,2021-07-31,2021
ZQF,wrighst01,,2022-04-08,2022
ZQF,walstbl01,,2022-04-09,2022
ZQF,sadzeco01,,2022-04-10,2022
ZQF,antonte01,,2022-04-11,2022
ZQF,middlke01,,2022-04-12,2022
ZQF,eflinza01,,2022-04-13,2022
ZQF,wrighst01,7.0,2022-04-15,2022
ZQF,walstbl01,7.0,2022-04-16,2022
ZQF,sadzeco01,7.0,2022-04-17,2022
ZQF,antonte01,7.0,2022-04-18,2022
ZQF,middlke01,7.0,2022-04-19,2022
ZQF,eflinza01,7.0,2022-04-20,2022
ZQF,wrighst01,6.0,2022-04-21,2022
ZQF,sadzeco01,5.0,2022-04-22,2022
ZQF,antonte01,5.0,2022-04-23,2022
ZQF,middlke01,5.0,2022-04-24,2022
ZQF,eflinza01,6.0,2022-04-26,2022
ZQF,wrighst01,6.0,2022-04-27,2022
ZQF,sadzeco01,6.0,2022-04-28,2022
ZQF,antonte01,6.0,2022-04-29,2022
ZQF,middlke01,6.0,2022-04-30,2022
ZQF,holmbda01,,2022-05-01,2022
ZQF,eflinza01,6.0,2022-05-02,2022
ZQF,wrighst01,6.0,2022-05-03,2022
ZQF,antonte01,5.0,2022-05-04,2022
ZQF,middlke01,5.0,2022-05-05,2022
ZQF,holmbda01,5.0,2022-05-06,2022
ZQF,walstbl01,21.0,2022-05-07,2022
ZQF,eflinza01,6.0,2022-05-08,2022
ZQF,wrighst01,7.0,2022-05-10,2022
ZQF,middlke01,6.0,2022-05-11,2022
ZQF,holmbda01,6.0,2022-05-12,2022
ZQF,walstbl01,6.0,2022-05-13,2022
ZQF,lametdi01,,2022-05-14,2022
ZQF,wrighst01,5.0,2022-05-15,2022
ZQF,middlke01,5.0,2022-05-16,2022
ZQF,antonte01,13.0,2022-05-17,2022
ZQF,walstbl01,5.0,2022-05-18,2022
ZQF,lametdi01,6.0,2022-05-20,2022
ZQF,wrighst01,6.0,2022-05-21,2022
ZQF,sadzeco01,24.0,2022-05-22,2022
ZQF,middlke01,7.0,2022-05-23,2022
ZQF,walstbl01,6.0,2022-05-24,2022
ZQF,antonte01,,2022-05-25,2022
ZQF,lametdi01,6.0,2022-05-26,2022
ZQF,sadzeco01,5.0,2022-05-27,2022
ZQF,middlke01,5.0,2022-05-28,2022
ZQF,walstbl01,5.0,2022-05-29,2022
ZQF,,5.0,2022-05-30,2022
ZQF,lametdi01,5.0,2022-05-31,2022
ZQF,stewabr01,,2022-05-31,2022
ZQF,sadzeco01,5.0,2022-06-01,2022
ZQF,middlke01,5.0,2022-06-02,2022
ZQF,garcija04,,2022-06-03,2022
ZQF,antonte01,5.0,2022-06-04,2022
ZQF,lametdi01,5.0,2022-06-05,2022
ZQF,stewabr01,7.0,2022-06-07,2022
ZQF,middlke01,6.0,2022-06-08,2022
ZQF,antonte01,5.0,2022-06-09,2022
ZQF,lametdi01,5.0,2022-06-10,2022
ZQF,garcija04,8.0,2022-06-11,2022
ZQF,stewabr01,5.0,2022-06-12,2022
ZQF,middlke01,5.0,2022-06-13,2022
ZQF,wrighst01,,2022-06-14,2022
ZQF,,,2022-06-15,2022
ZQF,lametdi01,7.0,2022-06-17,2022
ZQF,antonte01,9.0,2022-06-18,2022
ZQF,middlke01,6.0,2022-06-19,2022
ZQF,wrighst01,7.0,2022-06-21,2022
ZQF,walstbl01,7.0,2022-06-22,2022
ZQF,lametdi01,6.0,2022-06-23,2022
ZQF,antonte01,6.0,2022-06-24,2022
ZQF,middlke01,6.0,2022-06-25,2022
ZQF,wrighst01,5.0,2022-06-26,2022
ZQF,walstbl01,5.0,2022-06-27,2022
ZQF,holmbda01,47.0,2022-06-28,2022
ZQF,lametdi01,5.0,2022-06-28,2022
ZQF,,5.0,2022-06-29,2022
ZQF,middlke01,5.0,2022-06-30,2022
ZQF,wrighst01,5.0,2022-07-01,2022
ZQF,walstbl01,5.0,2022-07-02,2022
ZQF,lametdi01,5.0,2022-07-03,2022
ZQF,antonte01,5.0,2022-07-04,2022
ZQF,holmbda01,7.0,2022-07-05,2022
ZQF,wrighst01,5.0,2022-07-06,2022
ZQF,walstbl01,6.0,2022-07-08,2022
ZQF,lametdi01,6.0,2022-07-09,2022
ZQF,antonte01,6.0,2022-07-10,2022
ZQF,holmbda01,7.0,2022-07-12,2022
ZQF,wrighst01,7.0,2022-07-13,2022
ZQF,walstbl01,6.0,2022-07-14,2022
ZQF,lametdi01,6.0,2022-07-15,2022
ZQF,antonte01,6.0,2022-07-16,2022
ZQF,middlke01,17.0,2022-07-17,2022
ZQF,wrighst01,10.0,2022-07-23,2022
ZQF,walstbl01,10.0,2022-07-24,2022
ZQF,antonte01,10.0,2022-07-26,2022
ZQF,middlke01,10.0,2022-07-27,2022
ZQF,wrighst01,6.0,2022-07-29,2022
ZQF,walstbl01,6.0,2022-07-30,2022
ZQF,antonte01,5.0,2022-07-31,2022
ZQF,raganco01,,2023-03-30,2023
ZQF,walstbl01,,2023-04-01,2023
ZQF,wrighst01,,2023-04-02,2023
ZQF,shephch01,,2023-04-03,2023
ZQF,castehu01,,2023-04-04,2023
ZQF,raganco01,6.0,2023-04-05,2023
ZQF,walstbl01,6.0,2023-04-07,2023
ZQF,wrighst01,6.0,2023-04-08,2023
ZQF,shephch01,6.0,2023-04-09,2023
ZQF,castehu01,6.0,2023-04-10,2023
ZQF,raganco01,6.0,2023-04-11,2023
ZQF,walstbl01,5.0,2023-04-12,2023
ZQF,wrighst01,5.0,2023-04-13,2023
ZQF,boydma01,,2023-04-14,2023
ZQF,shephch01,6.0,2023-04-15,2023
ZQF,raganco01,5.0,2023-04-16,2023
ZQF,walstbl01,6.0,2023-04-18,2023
ZQF,wrighst01,6.0,2023-04-19,2023
ZQF,castehu01,10.0,2023-04-20,2023
ZQF,shephch01,6.0,2023-04-21,2023
ZQF,,6.0,2023-04-22,2023
ZQF,,,2023-04-23,2023
ZQF,walstbl01,6.0,2023-04-24,2023
ZQF,wrighst01,6.0,2023-04-25,2023
ZQF,castehu01,6.0,2023-04-26,2023
ZQF,shephch01,6.0,2023-04-27,2023
ZQF,raganco01,6.0,2023-04-28,2023
ZQF,sadzeco01,6.0,2023-04-29,2023
ZQF,walstbl01,6.0,2023-04-30,2023
ZQF,wrighst01,7.0,2023-05-02,2023
ZQF,boydma01,19.0,2023-05-03,2023
ZQF,raganco01,6.0,2023-05-04,2023
ZQF,sadzeco01,6.0,2023-05-05,2023
ZQF,walstbl01,6.0,2023-05-06,2023
ZQF,wrighst01,5.0,2023-05-07,2023
ZQF,boydma01,6.0,2023-05-09,2023
ZQF,raganco01,6.0,2023-05-10,2023
ZQF,sadzeco01,6.0,2023-05-11,2023
ZQF,walstbl01,6.0,2023-05-12,2023
ZQF,wrighst01,6.0,2023-05-13,2023
ZQF,,5.0,2023-05-14,2023
ZQF,raganco01,5.0,2023-05-15,2023
ZQF,sadzeco01,5.0,2023-05-16,2023
ZQF,walstbl01,5.0,2023-05-17,2023
ZQF,wrighst01,6.0,2023-05-19,2023
ZQF,boydma01,6.0,2023-05-20,2023
ZQF,raganco01,6.0,2023-05-21,2023
ZQF,sadzeco01,6.0,2023-05-22,2023
ZQF,walstbl01,6.0,2023-05-23,2023
ZQF,wrighst01,5.0,2023-05-24,2023
ZQF,boydma01,6.0,2023-05-26,2023
ZQF,raganco01,6.0,2023-05-27,2023
ZQF,sadzeco01,6.0,2023-05-28,2023
ZQF,walstbl01,6.0,2023-05-29,2023
ZQF,wrighst01,6.0,2023-05-30,2023
ZQF,boydma01,5.0,2023-05-31,2023
ZQF,raganco01,5.0,2023-06-01,2023
ZQF,sadzeco01,5.0,2023-06-02,2023
ZQF,walstbl01,5.0,2023-06-03,2023
ZQF,wrighst01,5.0,2023-06-04,2023
ZQF,boydma01,6.0,2023-06-06,2023
ZQF,raganco01,6.0,2023-06-07,2023
ZQF,sadzeco01,6.0,2023-06-08,2023
ZQF,walstbl01,6.0,2023-06-09,2023
ZQF,wrighst01,6.0,2023-06-10,2023
ZQF,boydma01,5.0,2023-06-11,2023
ZQF,raganco01,6.0,2023-06-13,2023
ZQF,sadzeco01,6.0,2023-06-14,2023
ZQF,walstbl01,6.0,2023-06-15,2023
ZQF,wrighst01,6.0,2023-06-16,2023
ZQF,peacoma01,,2023-06-17,2023
ZQF,boydma01,7.0,2023-06-18,2023
ZQF,raganco01,6.0,2023-06-19,2023
ZQF,sadzeco01,6.0,2023-06-20,2023
ZQF,walstbl01,6.0,2023-06-21,2023
ZQF,wrighst01,6.0,2023-06-22,2023
ZQF,castehu01,58.0,2023-06-23,2023
ZQF,raganco01,5.0,2023-06-24,2023
ZQF,sadzeco01,5.0,2023-06-25,2023
ZQF,walstbl01,5.0,2023-06-26,2023
ZQF,wrighst01,5.0,2023-06-27,2023
ZQF,,5.0,2023-06-28,2023
ZQF,raganco01,6.0,2023-06-30,2023
ZQF,sadzeco01,6.0,2023-07-01,2023
ZQF,walstbl01,6.0,2023-07-02,2023
ZQF,wrighst01,6.0,2023-07-03,2023
ZQF,castehu01,6.0,2023-07-04,2023
ZQF,raganco01,5.0,2023-07-05,2023
ZQF,sadzeco01,6.0,2023-07-07,2023
ZQF,walstbl01,6.0,2023-07-08,2023
ZQF,wrighst01,6.0,2023-07-09,2023
ZQF,castehu01,10.0,2023-07-14,2023
ZQF,raganco01,10.0,2023-07-15,2023
ZQF,wrighst01,7.0,2023-07-16,2023
ZQF,walstbl01,9.0,2023-07-17,2023
ZQF,sadzeco01,11.0,2023-07-18,2023
ZQF,castehu01,5.0,2023-07-19,2023
ZQF,raganco01,5.0,2023-07-20,2023
ZQF,wrighst01,5.0,2023-07-21,2023
ZQF,walstbl01,5.0,2023-07-22,2023
ZQF,,5.0,2023-07-23,2023
ZQF,castehu01,5.0,2023-07-24,2023
ZQF,raganco01,5.0,2023-07-25,2023
ZQF,wrighst01,5.0,2023-07-26,2023
ZQF,walstbl01,,2023-07-28,2023
ZQF,sadzeco01,6.0,2023-07-29,2023
ZQF,castehu01,6.0,2023-07-30,2023
