id,probability,home_team_win
0,0.6348514,TRUE
1,0.49028862,FALSE
2,0.43327782,FALSE
3,0.5761868,TRUE
4,0.30571595,FALSE
5,0.49402305,FALSE
6,0.6644089,TRUE
7,0.44031784,FALSE
8,0.49656183,FALSE
9,0.6044667,TRUE
10,0.5584625,TRUE
11,0.48954228,FALSE
12,0.5149333,TRUE
13,0.688277,TRUE
14,0.51264733,TRUE
15,0.50055254,TRUE
16,0.56999516,TRUE
17,0.5012933,TRUE
18,0.5754615,TRUE
19,0.45675424,FALSE
20,0.75632197,TRUE
21,0.51655054,TRUE
22,0.6421275,TRUE
23,0.55497485,TRUE
24,0.4950412,FALSE
25,0.564919,TRUE
26,0.5304346,TRUE
27,0.5657591,TRUE
28,0.43689677,FALSE
29,0.668696,TRUE
30,0.6272581,TRUE
31,0.5987553,TRUE
32,0.45495763,FALSE
33,0.5376341,TRUE
34,0.6358818,TRUE
35,0.54299426,TRUE
36,0.6097498,TRUE
37,0.7349301,TRUE
38,0.50616455,TRUE
39,0.51816905,TRUE
40,0.5967768,TRUE
41,0.6386773,TRUE
42,0.40843794,FALSE
43,0.50363207,TRUE
44,0.74757826,TRUE
45,0.29143864,FALSE
46,0.50656545,TRUE
47,0.7115689,TRUE
48,0.6086046,TRUE
49,0.5383484,TRUE
50,0.6019966,TRUE
51,0.63767755,TRUE
52,0.3958585,FALSE
53,0.5111653,TRUE
54,0.4481989,FALSE
55,0.6014207,TRUE
56,0.5326416,TRUE
57,0.47689313,FALSE
58,0.5790188,TRUE
59,0.45138788,FALSE
60,0.3349813,FALSE
61,0.66242003,TRUE
62,0.5129533,TRUE
63,0.52458996,TRUE
64,0.4515151,FALSE
65,0.56686485,TRUE
66,0.48035598,FALSE
67,0.5674475,TRUE
68,0.64454204,TRUE
69,0.5523831,TRUE
70,0.56913805,TRUE
71,0.69789195,TRUE
72,0.58965343,TRUE
73,0.5132861,TRUE
74,0.43021786,FALSE
75,0.5606838,TRUE
76,0.7369715,TRUE
77,0.6455246,TRUE
78,0.4651324,FALSE
79,0.5197048,TRUE
80,0.37458074,FALSE
81,0.50044364,TRUE
82,0.5500582,TRUE
83,0.47868007,FALSE
84,0.5270042,TRUE
85,0.46928924,FALSE
86,0.66647345,TRUE
87,0.5661712,TRUE
88,0.5122042,TRUE
89,0.36539817,FALSE
90,0.49220058,FALSE
91,0.54749155,TRUE
92,0.7024812,TRUE
93,0.5162853,TRUE
94,0.5579205,TRUE
95,0.42410362,FALSE
96,0.4325385,FALSE
97,0.62279415,TRUE
98,0.60392493,TRUE
99,0.62394315,TRUE
100,0.577352,TRUE
101,0.6503201,TRUE
102,0.53715026,TRUE
103,0.5570517,TRUE
104,0.5865982,TRUE
105,0.57304084,TRUE
106,0.6508183,TRUE
107,0.53859425,TRUE
108,0.34251043,FALSE
109,0.5412956,TRUE
110,0.44440004,FALSE
111,0.61639214,TRUE
112,0.76019007,TRUE
113,0.37310743,FALSE
114,0.38955492,FALSE
115,0.447726,FALSE
116,0.5483086,TRUE
117,0.6102989,TRUE
118,0.5221992,TRUE
119,0.5979286,TRUE
120,0.5258701,TRUE
121,0.53994846,TRUE
122,0.63431364,TRUE
123,0.31042522,FALSE
124,0.7273097,TRUE
125,0.5886791,TRUE
126,0.4648261,FALSE
127,0.5692224,TRUE
128,0.5912663,TRUE
129,0.5294417,TRUE
130,0.3797002,FALSE
131,0.5501548,TRUE
132,0.6021091,TRUE
133,0.50005704,TRUE
134,0.470804,FALSE
135,0.35998693,FALSE
136,0.4587652,FALSE
137,0.58666325,TRUE
138,0.627856,TRUE
139,0.44166675,FALSE
140,0.49056152,FALSE
141,0.6015258,TRUE
142,0.4607082,FALSE
143,0.64867604,TRUE
144,0.44456378,FALSE
145,0.5842167,TRUE
146,0.6472961,TRUE
147,0.45298207,FALSE
148,0.50217557,TRUE
149,0.40527904,FALSE
150,0.6077933,TRUE
151,0.45098928,FALSE
152,0.70858675,TRUE
153,0.43403712,FALSE
154,0.49296436,FALSE
155,0.6258183,TRUE
156,0.44903418,FALSE
157,0.45457464,FALSE
158,0.5134547,TRUE
159,0.48717582,FALSE
160,0.66237295,TRUE
161,0.6228424,TRUE
162,0.34727302,FALSE
163,0.60311157,TRUE
164,0.5559907,TRUE
165,0.5560492,TRUE
166,0.6496269,TRUE
167,0.47379386,FALSE
168,0.6204335,TRUE
169,0.5230596,TRUE
170,0.6204979,TRUE
171,0.695784,TRUE
172,0.7087889,TRUE
173,0.50830895,TRUE
174,0.45565167,FALSE
175,0.57646245,TRUE
176,0.60924053,TRUE
177,0.42270398,FALSE
178,0.72173655,TRUE
179,0.5753295,TRUE
180,0.592852,TRUE
181,0.5779472,TRUE
182,0.56642413,TRUE
183,0.56211144,TRUE
184,0.72097754,TRUE
185,0.32213157,FALSE
186,0.39394155,FALSE
187,0.7721831,TRUE
188,0.5959205,TRUE
189,0.514783,TRUE
190,0.33739883,FALSE
191,0.5206716,TRUE
192,0.5629618,TRUE
193,0.60752493,TRUE
194,0.54154,TRUE
195,0.37751096,FALSE
196,0.5533677,TRUE
197,0.7199336,TRUE
198,0.3152276,FALSE
199,0.4220637,FALSE
200,0.48287198,FALSE
201,0.7000709,TRUE
202,0.524784,TRUE
203,0.5932426,TRUE
204,0.5468954,TRUE
205,0.6488361,TRUE
206,0.36792365,FALSE
207,0.6929179,TRUE
208,0.6375557,TRUE
209,0.4408708,FALSE
210,0.4490054,FALSE
211,0.54779357,TRUE
212,0.5149611,TRUE
213,0.57571554,TRUE
214,0.4268138,FALSE
215,0.5030095,TRUE
216,0.65222156,TRUE
217,0.6418588,TRUE
218,0.31282598,FALSE
219,0.6271133,TRUE
220,0.6319178,TRUE
221,0.54311997,TRUE
222,0.3972742,FALSE
223,0.56097007,TRUE
224,0.2967934,FALSE
225,0.5122368,TRUE
226,0.41081664,FALSE
227,0.63190234,TRUE
228,0.58638066,TRUE
229,0.55184895,TRUE
230,0.6240519,TRUE
231,0.525328,TRUE
232,0.45039272,FALSE
233,0.70764273,TRUE
234,0.56463206,TRUE
235,0.62995183,TRUE
236,0.52179444,TRUE
237,0.52263945,TRUE
238,0.30250725,FALSE
239,0.59826326,TRUE
240,0.69163805,TRUE
241,0.44384634,FALSE
242,0.48232695,FALSE
243,0.65341365,TRUE
244,0.39524025,FALSE
245,0.6027293,TRUE
246,0.5968135,TRUE
247,0.5243843,TRUE
248,0.4909693,FALSE
249,0.41806978,FALSE
250,0.53697383,TRUE
251,0.33926058,FALSE
252,0.54152924,TRUE
253,0.41904658,FALSE
254,0.53036946,TRUE
255,0.45790353,FALSE
256,0.6092192,TRUE
257,0.4241283,FALSE
258,0.7020362,TRUE
259,0.42256597,FALSE
260,0.4682956,FALSE
261,0.50076133,TRUE
262,0.5982772,TRUE
263,0.41751307,FALSE
264,0.41057903,FALSE
265,0.5373148,TRUE
266,0.6000129,TRUE
267,0.507733,TRUE
268,0.57941157,TRUE
269,0.5787114,TRUE
270,0.678244,TRUE
271,0.5658006,TRUE
272,0.68638676,TRUE
273,0.4346558,FALSE
274,0.74755824,TRUE
275,0.528796,TRUE
276,0.5083498,TRUE
277,0.71485907,TRUE
278,0.36111477,FALSE
279,0.60226226,TRUE
280,0.41869366,FALSE
281,0.7225927,TRUE
282,0.51838154,TRUE
283,0.53064203,TRUE
284,0.6086472,TRUE
285,0.4140027,FALSE
286,0.40507674,FALSE
287,0.64122903,TRUE
288,0.6418174,TRUE
289,0.47685626,FALSE
290,0.7229007,TRUE
291,0.71203804,TRUE
292,0.411601,FALSE
293,0.4648118,FALSE
294,0.588199,TRUE
295,0.40717968,FALSE
296,0.46149448,FALSE
297,0.56360334,TRUE
298,0.53168637,TRUE
299,0.61088175,TRUE
300,0.58087087,TRUE
301,0.7840077,TRUE
302,0.5917443,TRUE
303,0.49693298,FALSE
304,0.5323116,TRUE
305,0.65176976,TRUE
306,0.5489928,TRUE
307,0.499747,FALSE
308,0.55282044,TRUE
309,0.387973,FALSE
310,0.5253576,TRUE
311,0.44316536,FALSE
312,0.29779002,FALSE
313,0.61925846,TRUE
314,0.53267413,TRUE
315,0.61298364,TRUE
316,0.58161825,TRUE
317,0.47003737,FALSE
318,0.5845503,TRUE
319,0.64306086,TRUE
320,0.6048866,TRUE
321,0.46866748,FALSE
322,0.6270743,TRUE
323,0.4561869,FALSE
324,0.44031805,FALSE
325,0.74695635,TRUE
326,0.5140936,TRUE
327,0.63869286,TRUE
328,0.50019884,TRUE
329,0.6478868,TRUE
330,0.48995253,FALSE
331,0.5037108,TRUE
332,0.708198,TRUE
333,0.50360733,TRUE
334,0.5618832,TRUE
335,0.6063262,TRUE
336,0.4647068,FALSE
337,0.6146918,TRUE
338,0.4053207,FALSE
339,0.6422789,TRUE
340,0.6664202,TRUE
341,0.5590406,TRUE
342,0.47052458,FALSE
343,0.56398535,TRUE
344,0.4195596,FALSE
345,0.5793984,TRUE
346,0.68754506,TRUE
347,0.6309424,TRUE
348,0.6622558,TRUE
349,0.48990828,FALSE
350,0.4684773,FALSE
351,0.3290338,FALSE
352,0.54388696,TRUE
353,0.5563745,TRUE
354,0.56112325,TRUE
355,0.48384902,FALSE
356,0.41361445,FALSE
357,0.4695861,FALSE
358,0.6919801,TRUE
359,0.5958909,TRUE
360,0.5731164,TRUE
361,0.39496315,FALSE
362,0.4732892,FALSE
363,0.5999358,TRUE
364,0.6561158,TRUE
365,0.5635826,TRUE
366,0.45350868,FALSE
367,0.4501642,FALSE
368,0.51610315,TRUE
369,0.64480686,TRUE
370,0.5367085,TRUE
371,0.5771055,TRUE
372,0.53249705,TRUE
373,0.38664258,FALSE
374,0.41611108,FALSE
375,0.54713136,TRUE
376,0.489183,FALSE
377,0.48388764,FALSE
378,0.5958997,TRUE
379,0.49598694,FALSE
380,0.37665415,FALSE
381,0.5398828,TRUE
382,0.49486756,FALSE
383,0.7319864,TRUE
384,0.47551352,FALSE
385,0.52224433,TRUE
386,0.46732602,FALSE
387,0.6343323,TRUE
388,0.59807223,TRUE
389,0.5595095,TRUE
390,0.56985223,TRUE
391,0.5757992,TRUE
392,0.6311229,TRUE
393,0.48660377,FALSE
394,0.47366813,FALSE
395,0.6173691,TRUE
396,0.7008933,TRUE
397,0.45806506,FALSE
398,0.47517252,FALSE
399,0.64700156,TRUE
400,0.46549904,FALSE
401,0.605726,TRUE
402,0.37785012,FALSE
403,0.4662352,FALSE
404,0.49559197,FALSE
405,0.6342898,TRUE
406,0.34013364,FALSE
407,0.44030383,FALSE
408,0.51953936,TRUE
409,0.55261844,TRUE
410,0.6666956,TRUE
411,0.4473665,FALSE
412,0.7061688,TRUE
413,0.3136934,FALSE
414,0.6122097,TRUE
415,0.3340919,FALSE
416,0.5331576,TRUE
417,0.61887515,TRUE
418,0.43447155,FALSE
419,0.45638236,FALSE
420,0.7022791,TRUE
421,0.648117,TRUE
422,0.6559061,TRUE
423,0.5904915,TRUE
424,0.47627875,FALSE
425,0.5787301,TRUE
426,0.6042475,TRUE
427,0.5259307,TRUE
428,0.68616885,TRUE
429,0.39331844,FALSE
430,0.4842379,FALSE
431,0.55895525,TRUE
432,0.39906886,FALSE
433,0.59733444,TRUE
434,0.4299843,FALSE
435,0.40913174,FALSE
436,0.63572854,TRUE
437,0.60444033,TRUE
438,0.7114101,TRUE
439,0.48092476,FALSE
440,0.33320287,FALSE
441,0.4788429,FALSE
442,0.37183914,FALSE
443,0.4470065,FALSE
444,0.37033114,FALSE
445,0.60849303,TRUE
446,0.6568682,TRUE
447,0.52291846,TRUE
448,0.688351,TRUE
449,0.60414785,TRUE
450,0.77162415,TRUE
451,0.6130391,TRUE
452,0.6334577,TRUE
453,0.6436151,TRUE
454,0.6348707,TRUE
455,0.66110337,TRUE
456,0.6491431,TRUE
457,0.7240661,TRUE
458,0.7185018,TRUE
459,0.633182,TRUE
460,0.40285617,FALSE
461,0.57583207,TRUE
462,0.57894784,TRUE
463,0.6425384,TRUE
464,0.6390472,TRUE
465,0.5216506,TRUE
466,0.37846413,FALSE
467,0.40678757,FALSE
468,0.5545838,TRUE
469,0.736079,TRUE
470,0.54685926,TRUE
471,0.5418461,TRUE
472,0.48401028,FALSE
473,0.40847045,FALSE
474,0.6832959,TRUE
475,0.613245,TRUE
476,0.476594,FALSE
477,0.4107998,FALSE
478,0.74197537,TRUE
479,0.61815184,TRUE
480,0.49260142,FALSE
481,0.5011779,TRUE
482,0.53944117,TRUE
483,0.2812362,FALSE
484,0.4501812,FALSE
485,0.71070373,TRUE
486,0.52535033,TRUE
487,0.73434234,TRUE
488,0.3975533,FALSE
489,0.5067608,TRUE
490,0.44942915,FALSE
491,0.36787024,FALSE
492,0.69072586,TRUE
493,0.51144934,TRUE
494,0.50119567,TRUE
495,0.53475213,TRUE
496,0.34287244,FALSE
497,0.7287301,TRUE
498,0.55520266,TRUE
499,0.6806922,TRUE
500,0.508973,TRUE
501,0.5041776,TRUE
502,0.6306427,TRUE
503,0.57679725,TRUE
504,0.3639139,FALSE
505,0.42168215,FALSE
506,0.6008337,TRUE
507,0.30609298,FALSE
508,0.46522754,FALSE
509,0.6743118,TRUE
510,0.5469174,TRUE
511,0.4657676,FALSE
512,0.5938551,TRUE
513,0.6297755,TRUE
514,0.44242567,FALSE
515,0.54118145,TRUE
516,0.4964346,FALSE
517,0.38285416,FALSE
518,0.6796995,TRUE
519,0.52373224,TRUE
520,0.55099636,TRUE
521,0.37123176,FALSE
522,0.47417295,FALSE
523,0.6240478,TRUE
524,0.38665336,FALSE
525,0.5319693,TRUE
526,0.75113744,TRUE
527,0.61341405,TRUE
528,0.5526551,TRUE
529,0.54902303,TRUE
530,0.70641595,TRUE
531,0.78503835,TRUE
532,0.4963907,FALSE
533,0.540004,TRUE
534,0.48237708,FALSE
535,0.3678927,FALSE
536,0.6525576,TRUE
537,0.5307578,TRUE
538,0.4719523,FALSE
539,0.6775452,TRUE
540,0.74338454,TRUE
541,0.64608073,TRUE
542,0.602453,TRUE
543,0.4291721,FALSE
544,0.5575409,TRUE
545,0.6785208,TRUE
546,0.49005884,FALSE
547,0.3838238,FALSE
548,0.5353061,TRUE
549,0.53416985,TRUE
550,0.6197311,TRUE
551,0.3401028,FALSE
552,0.67043906,TRUE
553,0.6424079,TRUE
554,0.35216895,FALSE
555,0.5076127,TRUE
556,0.4037117,FALSE
557,0.6888629,TRUE
558,0.51950824,TRUE
559,0.53086483,TRUE
560,0.48509136,FALSE
561,0.27504343,FALSE
562,0.51947373,TRUE
563,0.5755352,TRUE
564,0.55576396,TRUE
565,0.5985187,TRUE
566,0.70887923,TRUE
567,0.53713477,TRUE
568,0.6244863,TRUE
569,0.52813613,TRUE
570,0.52290076,TRUE
571,0.47802728,FALSE
572,0.6306987,TRUE
573,0.5236469,TRUE
574,0.5173846,TRUE
575,0.48605788,FALSE
576,0.42574254,FALSE
577,0.6123969,TRUE
578,0.5988766,TRUE
579,0.6667953,TRUE
580,0.27208748,FALSE
581,0.63394636,TRUE
582,0.66115904,TRUE
583,0.5344781,TRUE
584,0.38891548,FALSE
585,0.62770545,TRUE
586,0.55113876,TRUE
587,0.25726113,FALSE
588,0.315524,FALSE
589,0.49480107,FALSE
590,0.539164,TRUE
591,0.47451276,FALSE
592,0.49523386,FALSE
593,0.6182344,TRUE
594,0.40983334,FALSE
595,0.5795706,TRUE
596,0.6561167,TRUE
597,0.4011905,FALSE
598,0.48538518,FALSE
599,0.4996538,FALSE
600,0.52514124,TRUE
601,0.5864678,TRUE
602,0.50376505,TRUE
603,0.4102999,FALSE
604,0.78121245,TRUE
605,0.49941093,FALSE
606,0.48918575,FALSE
607,0.3594379,FALSE
608,0.4976912,FALSE
609,0.43440133,FALSE
610,0.6834955,TRUE
611,0.56041014,TRUE
612,0.5704456,TRUE
613,0.5169093,TRUE
614,0.53348774,TRUE
615,0.4823669,FALSE
616,0.4475756,FALSE
617,0.5960919,TRUE
618,0.3075165,FALSE
619,0.60619605,TRUE
620,0.68395054,TRUE
621,0.49186793,FALSE
622,0.7366721,TRUE
623,0.5217916,TRUE
624,0.6074626,TRUE
625,0.5778303,TRUE
626,0.54649687,TRUE
627,0.68255,TRUE
628,0.6864831,TRUE
629,0.4762207,FALSE
630,0.42754248,FALSE
631,0.5492286,TRUE
632,0.6994363,TRUE
633,0.667199,TRUE
634,0.4574812,FALSE
635,0.41448033,FALSE
636,0.5446276,TRUE
637,0.4868546,FALSE
638,0.6299869,TRUE
639,0.54468817,TRUE
640,0.5312737,TRUE
641,0.7240958,TRUE
642,0.4361719,FALSE
643,0.4813686,FALSE
644,0.49707723,FALSE
645,0.6189634,TRUE
646,0.7854018,TRUE
647,0.42596474,FALSE
648,0.4881575,FALSE
649,0.65567327,TRUE
650,0.52764666,TRUE
651,0.6386436,TRUE
652,0.43045673,FALSE
653,0.39000717,FALSE
654,0.4513995,FALSE
655,0.6180415,TRUE
656,0.5985331,TRUE
657,0.51324344,TRUE
658,0.66763157,TRUE
659,0.4376095,FALSE
660,0.59107894,TRUE
661,0.52883565,TRUE
662,0.5296063,TRUE
663,0.44857267,FALSE
664,0.6068841,TRUE
665,0.5089717,TRUE
666,0.58155763,TRUE
667,0.5622939,TRUE
668,0.49751866,FALSE
669,0.43243328,FALSE
670,0.6943579,TRUE
671,0.5922911,TRUE
672,0.5727726,TRUE
673,0.556951,TRUE
674,0.5300407,TRUE
675,0.5756804,TRUE
676,0.5013908,TRUE
677,0.49630615,FALSE
678,0.5982581,TRUE
679,0.6106237,TRUE
680,0.5875684,TRUE
681,0.57374513,TRUE
682,0.5124038,TRUE
683,0.7039427,TRUE
684,0.6584301,TRUE
685,0.41542798,FALSE
686,0.37173772,FALSE
687,0.4664593,FALSE
688,0.5645094,TRUE
689,0.5111835,TRUE
690,0.4120058,FALSE
691,0.4994134,FALSE
692,0.57502425,TRUE
693,0.35006857,FALSE
694,0.44398537,FALSE
695,0.48804423,FALSE
696,0.4644732,FALSE
697,0.52414155,TRUE
698,0.60352373,TRUE
699,0.66850907,TRUE
700,0.5163494,TRUE
701,0.44837898,FALSE
702,0.639791,TRUE
703,0.6380169,TRUE
704,0.30569685,FALSE
705,0.7475527,TRUE
706,0.63388544,TRUE
707,0.35310823,FALSE
708,0.62321335,TRUE
709,0.7129728,TRUE
710,0.6850267,TRUE
711,0.38537458,FALSE
712,0.5898717,TRUE
713,0.5923544,TRUE
714,0.4948448,FALSE
715,0.5276717,TRUE
716,0.5421293,TRUE
717,0.54688233,TRUE
718,0.5645394,TRUE
719,0.44123322,FALSE
720,0.5549176,TRUE
721,0.47588244,FALSE
722,0.5198606,TRUE
723,0.5330039,TRUE
724,0.66089004,TRUE
725,0.56638205,TRUE
726,0.61380845,TRUE
727,0.49738476,FALSE
728,0.604953,TRUE
729,0.73961776,TRUE
730,0.65499955,TRUE
731,0.66597074,TRUE
732,0.7036173,TRUE
733,0.4085774,FALSE
734,0.60904384,TRUE
735,0.5262834,TRUE
736,0.6076468,TRUE
737,0.5529318,TRUE
738,0.56580526,TRUE
739,0.48583674,FALSE
740,0.33145848,FALSE
741,0.58483833,TRUE
742,0.4171862,FALSE
743,0.69260466,TRUE
744,0.5764665,TRUE
745,0.6958291,TRUE
746,0.65086484,TRUE
747,0.4294495,FALSE
748,0.634808,TRUE
749,0.48891464,FALSE
750,0.6314801,TRUE
751,0.40719146,FALSE
752,0.49267775,FALSE
753,0.66665983,TRUE
754,0.60659164,TRUE
755,0.3798128,FALSE
756,0.61393267,TRUE
757,0.47651032,FALSE
758,0.7132465,TRUE
759,0.71070415,TRUE
760,0.3733148,FALSE
761,0.4805599,FALSE
762,0.6606586,TRUE
763,0.57628345,TRUE
764,0.7283171,TRUE
765,0.5068368,TRUE
766,0.5826077,TRUE
767,0.37383246,FALSE
768,0.4881965,FALSE
769,0.43717143,FALSE
770,0.61747336,TRUE
771,0.49994883,FALSE
772,0.48981112,FALSE
773,0.41970798,FALSE
774,0.4748517,FALSE
775,0.6239343,TRUE
776,0.5542264,TRUE
777,0.5022148,TRUE
778,0.6609005,TRUE
779,0.51441234,TRUE
780,0.5261806,TRUE
781,0.4981855,FALSE
782,0.62421244,TRUE
783,0.5077465,TRUE
784,0.5847732,TRUE
785,0.54201996,TRUE
786,0.30123666,FALSE
787,0.6438198,TRUE
788,0.58221227,TRUE
789,0.3205376,FALSE
790,0.49697256,FALSE
791,0.7228576,TRUE
792,0.35386753,FALSE
793,0.64538616,TRUE
794,0.45868543,FALSE
795,0.6778697,TRUE
796,0.4894135,FALSE
797,0.48995492,FALSE
798,0.5099242,TRUE
799,0.64693594,TRUE
800,0.49438047,FALSE
801,0.5517561,TRUE
802,0.5888486,TRUE
803,0.48893216,FALSE
804,0.57690156,TRUE
805,0.46972698,FALSE
806,0.41119638,FALSE
807,0.6783624,TRUE
808,0.44035023,FALSE
809,0.73924184,TRUE
810,0.527609,TRUE
811,0.5054508,TRUE
812,0.4233094,FALSE
813,0.5177014,TRUE
814,0.5754281,TRUE
815,0.35879567,FALSE
816,0.5296695,TRUE
817,0.5792267,TRUE
818,0.4765096,FALSE
819,0.76268417,TRUE
820,0.5463432,TRUE
821,0.52181906,TRUE
822,0.5013515,TRUE
823,0.5626931,TRUE
824,0.5459398,TRUE
825,0.59771365,TRUE
826,0.5611647,TRUE
827,0.41077885,FALSE
828,0.3967518,FALSE
829,0.5729757,TRUE
830,0.70917445,TRUE
831,0.40741605,FALSE
832,0.56838953,TRUE
833,0.5844951,TRUE
834,0.33278918,FALSE
835,0.6725618,TRUE
836,0.70376974,TRUE
837,0.6336176,TRUE
838,0.50942636,TRUE
839,0.5496163,TRUE
840,0.6051451,TRUE
841,0.4846626,FALSE
842,0.4332278,FALSE
843,0.5878759,TRUE
844,0.67144907,TRUE
845,0.48018667,FALSE
846,0.6926711,TRUE
847,0.5599129,TRUE
848,0.64977837,TRUE
849,0.47408286,FALSE
850,0.5208982,TRUE
851,0.5615853,TRUE
852,0.60852015,TRUE
853,0.5676639,TRUE
854,0.5176791,TRUE
855,0.5200594,TRUE
856,0.6205908,TRUE
857,0.6609487,TRUE
858,0.5464761,TRUE
859,0.71110004,TRUE
860,0.6220163,TRUE
861,0.6275843,TRUE
862,0.6718308,TRUE
863,0.6815107,TRUE
864,0.50244224,TRUE
865,0.4355842,FALSE
866,0.48408535,FALSE
867,0.625493,TRUE
868,0.38662642,FALSE
869,0.49030924,FALSE
870,0.49633273,FALSE
871,0.6986709,TRUE
872,0.48314536,FALSE
873,0.6110626,TRUE
874,0.47709116,FALSE
875,0.40299785,FALSE
876,0.5939543,TRUE
877,0.38937703,FALSE
878,0.58336645,TRUE
879,0.6250912,TRUE
880,0.44724894,FALSE
881,0.5334233,TRUE
882,0.58122975,TRUE
883,0.5645812,TRUE
884,0.48410416,FALSE
885,0.48805475,FALSE
886,0.5574572,TRUE
887,0.48712113,FALSE
888,0.45014355,FALSE
889,0.5830847,TRUE
890,0.7344417,TRUE
891,0.58473754,TRUE
892,0.51170933,TRUE
893,0.5159131,TRUE
894,0.6605267,TRUE
895,0.547029,TRUE
896,0.49128354,FALSE
897,0.5289211,TRUE
898,0.57369417,TRUE
899,0.64886373,TRUE
900,0.665638,TRUE
901,0.577279,TRUE
902,0.41195798,FALSE
903,0.3623182,FALSE
904,0.45930102,FALSE
905,0.37863785,FALSE
906,0.46737808,FALSE
907,0.6941145,TRUE
908,0.45421886,FALSE
909,0.48453245,FALSE
910,0.436014,FALSE
911,0.6181128,TRUE
912,0.7427487,TRUE
913,0.50372005,TRUE
914,0.5870089,TRUE
915,0.6835141,TRUE
916,0.51110184,TRUE
917,0.5322101,TRUE
918,0.38757327,FALSE
919,0.5607799,TRUE
920,0.59162307,TRUE
921,0.57069135,TRUE
922,0.49567002,FALSE
923,0.6951187,TRUE
924,0.64630276,TRUE
925,0.42808816,FALSE
926,0.71158683,TRUE
927,0.690125,TRUE
928,0.57088244,TRUE
929,0.53061664,TRUE
930,0.56786865,TRUE
931,0.38107315,FALSE
932,0.42345113,FALSE
933,0.6170237,TRUE
934,0.66209733,TRUE
935,0.5363197,TRUE
936,0.646051,TRUE
937,0.69846356,TRUE
938,0.5539583,TRUE
939,0.59530175,TRUE
940,0.56399775,TRUE
941,0.5274155,TRUE
942,0.5136916,TRUE
943,0.77167577,TRUE
944,0.4083599,FALSE
945,0.51019627,TRUE
946,0.7072934,TRUE
947,0.62941545,TRUE
948,0.4895016,FALSE
949,0.38947117,FALSE
950,0.5800168,TRUE
951,0.33469242,FALSE
952,0.6496665,TRUE
953,0.3512135,FALSE
954,0.36581117,FALSE
955,0.43281108,FALSE
956,0.56011754,TRUE
957,0.43890923,FALSE
958,0.71473974,TRUE
959,0.48503184,FALSE
960,0.54734373,TRUE
961,0.55085444,TRUE
962,0.31092027,FALSE
963,0.58336043,TRUE
964,0.58833486,TRUE
965,0.57317036,TRUE
966,0.5309235,TRUE
967,0.4917908,FALSE
968,0.2883131,FALSE
969,0.6600093,TRUE
970,0.54214704,TRUE
971,0.4531505,FALSE
972,0.5271221,TRUE
973,0.5211944,TRUE
974,0.6165267,TRUE
975,0.5898539,TRUE
976,0.5094203,TRUE
977,0.49298528,FALSE
978,0.6622863,TRUE
979,0.45816922,FALSE
980,0.598532,TRUE
981,0.6029056,TRUE
982,0.4028814,FALSE
983,0.32137033,FALSE
984,0.72825,TRUE
985,0.5311181,TRUE
986,0.6035561,TRUE
987,0.4128149,FALSE
988,0.6474014,TRUE
989,0.62231004,TRUE
990,0.5365492,TRUE
991,0.6132671,TRUE
992,0.45966086,FALSE
993,0.69598436,TRUE
994,0.5439082,TRUE
995,0.70908564,TRUE
996,0.6809486,TRUE
997,0.4938532,FALSE
998,0.37846148,FALSE
999,0.5405404,TRUE
1000,0.56713766,TRUE
1001,0.49252173,FALSE
1002,0.47815207,FALSE
1003,0.51176775,TRUE
1004,0.38448942,FALSE
1005,0.5329657,TRUE
1006,0.51354283,TRUE
1007,0.30397883,FALSE
1008,0.5504093,TRUE
1009,0.5982243,TRUE
1010,0.53025866,TRUE
1011,0.49047604,FALSE
1012,0.6462789,TRUE
1013,0.4613761,FALSE
1014,0.7580635,TRUE
1015,0.59182817,TRUE
1016,0.445125,FALSE
1017,0.67422336,TRUE
1018,0.47993162,FALSE
1019,0.44010806,FALSE
1020,0.34303385,FALSE
1021,0.581562,TRUE
1022,0.62043506,TRUE
1023,0.3608314,FALSE
1024,0.6260307,TRUE
1025,0.55931836,TRUE
1026,0.46681908,FALSE
1027,0.57945615,TRUE
1028,0.43449748,FALSE
1029,0.50807136,TRUE
1030,0.41391444,FALSE
1031,0.53746724,TRUE
1032,0.48181352,FALSE
1033,0.48858497,FALSE
1034,0.40104133,FALSE
1035,0.52682924,TRUE
1036,0.27383667,FALSE
1037,0.5510391,TRUE
1038,0.6860738,TRUE
1039,0.4015634,FALSE
1040,0.3842442,FALSE
1041,0.48444396,FALSE
1042,0.5106794,TRUE
1043,0.48942083,FALSE
1044,0.5465901,TRUE
1045,0.6044708,TRUE
1046,0.7149369,TRUE
1047,0.7344709,TRUE
1048,0.44381496,FALSE
1049,0.4233628,FALSE
1050,0.5029846,TRUE
1051,0.58271617,TRUE
1052,0.74098915,TRUE
1053,0.6180294,TRUE
1054,0.40236622,FALSE
1055,0.65049094,TRUE
1056,0.53045934,TRUE
1057,0.5127706,TRUE
1058,0.52325773,TRUE
1059,0.6664442,TRUE
1060,0.6312904,TRUE
1061,0.52303505,TRUE
1062,0.5078797,TRUE
1063,0.5746435,TRUE
1064,0.59789187,TRUE
1065,0.5689514,TRUE
1066,0.42273438,FALSE
1067,0.41797787,FALSE
1068,0.5980253,TRUE
1069,0.6315898,TRUE
1070,0.54236764,TRUE
1071,0.5661437,TRUE
1072,0.67251563,TRUE
1073,0.4664274,FALSE
1074,0.64684767,TRUE
1075,0.5292238,TRUE
1076,0.3858511,FALSE
1077,0.5634268,TRUE
1078,0.54230464,TRUE
1079,0.6703957,TRUE
1080,0.667029,TRUE
1081,0.6229755,TRUE
1082,0.45103103,FALSE
1083,0.38743562,FALSE
1084,0.549512,TRUE
1085,0.64437276,TRUE
1086,0.5248017,TRUE
1087,0.2737185,FALSE
1088,0.7172777,TRUE
1089,0.46248704,FALSE
1090,0.5081827,TRUE
1091,0.45989576,FALSE
1092,0.36953986,FALSE
1093,0.48040232,FALSE
1094,0.49699748,FALSE
1095,0.5203279,TRUE
1096,0.66003335,TRUE
1097,0.47535837,FALSE
1098,0.5908737,TRUE
1099,0.54943836,TRUE
1100,0.5868249,TRUE
1101,0.6454723,TRUE
1102,0.38637507,FALSE
1103,0.48220176,FALSE
1104,0.5743291,TRUE
1105,0.51363075,TRUE
1106,0.3853908,FALSE
1107,0.5518193,TRUE
1108,0.6088947,TRUE
1109,0.5409327,TRUE
1110,0.489117,FALSE
1111,0.5001116,TRUE
1112,0.55751556,TRUE
1113,0.6389281,TRUE
1114,0.4407405,FALSE
1115,0.5959272,TRUE
1116,0.39148593,FALSE
1117,0.4520802,FALSE
1118,0.55530685,TRUE
1119,0.39741388,FALSE
1120,0.6010709,TRUE
1121,0.6314168,TRUE
1122,0.4437047,FALSE
1123,0.4019136,FALSE
1124,0.5686413,TRUE
1125,0.4128279,FALSE
1126,0.6995712,TRUE
1127,0.440186,FALSE
1128,0.5743424,TRUE
1129,0.558726,TRUE
1130,0.6695943,TRUE
1131,0.5896858,TRUE
1132,0.5243308,TRUE
1133,0.5708241,TRUE
1134,0.6782306,TRUE
1135,0.40846452,FALSE
1136,0.47036415,FALSE
1137,0.52265203,TRUE
1138,0.6918935,TRUE
1139,0.5294509,TRUE
1140,0.49498987,FALSE
1141,0.52156156,TRUE
1142,0.44996664,FALSE
1143,0.61075485,TRUE
1144,0.6224809,TRUE
1145,0.42135388,FALSE
1146,0.6736129,TRUE
1147,0.61314344,TRUE
1148,0.5215738,TRUE
1149,0.6076415,TRUE
1150,0.47078082,FALSE
1151,0.41207093,FALSE
1152,0.4405834,FALSE
1153,0.43283388,FALSE
1154,0.61981696,TRUE
1155,0.39251342,FALSE
1156,0.6334357,TRUE
1157,0.5976603,TRUE
1158,0.43756542,FALSE
1159,0.478603,FALSE
1160,0.46412426,FALSE
1161,0.65675133,TRUE
1162,0.5188552,TRUE
1163,0.6801386,TRUE
1164,0.52377695,TRUE
1165,0.43324417,FALSE
1166,0.5867427,TRUE
1167,0.41408256,FALSE
1168,0.6563503,TRUE
1169,0.37458488,FALSE
1170,0.6950091,TRUE
1171,0.46842355,FALSE
1172,0.2643745,FALSE
1173,0.5588765,TRUE
1174,0.4058227,FALSE
1175,0.44415334,FALSE
1176,0.575004,TRUE
1177,0.58608216,TRUE
1178,0.43052745,FALSE
1179,0.54718536,TRUE
1180,0.5763902,TRUE
1181,0.34333628,FALSE
1182,0.56976527,TRUE
1183,0.556927,TRUE
1184,0.7150242,TRUE
1185,0.5465267,TRUE
1186,0.4477893,FALSE
1187,0.7397953,TRUE
1188,0.43797332,FALSE
1189,0.4640721,FALSE
1190,0.44990027,FALSE
1191,0.42630208,FALSE
1192,0.5262889,TRUE
1193,0.6663055,TRUE
1194,0.41842857,FALSE
1195,0.69130284,TRUE
1196,0.4476354,FALSE
1197,0.46618026,FALSE
1198,0.7563871,TRUE
1199,0.5227117,TRUE
1200,0.7508047,TRUE
1201,0.46132842,FALSE
1202,0.61668116,TRUE
1203,0.53394985,TRUE
1204,0.5606235,TRUE
1205,0.622102,TRUE
1206,0.36570558,FALSE
1207,0.44981226,FALSE
1208,0.59897685,TRUE
1209,0.6361012,TRUE
1210,0.6986357,TRUE
1211,0.45559442,FALSE
1212,0.6582149,TRUE
1213,0.5251966,TRUE
1214,0.5336398,TRUE
1215,0.51116806,TRUE
1216,0.5176751,TRUE
1217,0.65389365,TRUE
1218,0.39092004,FALSE
1219,0.52194047,TRUE
1220,0.5555737,TRUE
1221,0.35143107,FALSE
1222,0.5572122,TRUE
1223,0.56147105,TRUE
1224,0.4276377,FALSE
1225,0.62136054,TRUE
1226,0.52819175,TRUE
1227,0.43219504,FALSE
1228,0.5055249,TRUE
1229,0.39667353,FALSE
1230,0.47343558,FALSE
1231,0.41920674,FALSE
1232,0.60429454,TRUE
1233,0.66979593,TRUE
1234,0.46943596,FALSE
1235,0.35328215,FALSE
1236,0.6145381,TRUE
1237,0.6922456,TRUE
1238,0.551007,TRUE
1239,0.50632465,TRUE
1240,0.28673965,FALSE
1241,0.5556841,TRUE
1242,0.41944954,FALSE
1243,0.46811482,FALSE
1244,0.34296858,FALSE
1245,0.533297,TRUE
1246,0.55945253,TRUE
1247,0.5222343,TRUE
1248,0.61166084,TRUE
1249,0.5143308,TRUE
1250,0.443158,FALSE
1251,0.6549271,TRUE
1252,0.49603245,FALSE
1253,0.47655004,FALSE
1254,0.6869409,TRUE
1255,0.5664655,TRUE
1256,0.42430162,FALSE
1257,0.5294338,TRUE
1258,0.62520176,TRUE
1259,0.4644822,FALSE
1260,0.57971615,TRUE
1261,0.47979638,FALSE
1262,0.70786726,TRUE
1263,0.42591769,FALSE
1264,0.54464906,TRUE
1265,0.5771094,TRUE
1266,0.5373825,TRUE
1267,0.5772221,TRUE
1268,0.42628056,FALSE
1269,0.51433504,TRUE
1270,0.5951214,TRUE
1271,0.4918872,FALSE
1272,0.4524394,FALSE
1273,0.4991022,FALSE
1274,0.559942,TRUE
1275,0.67528987,TRUE
1276,0.6401902,TRUE
1277,0.743818,TRUE
1278,0.5705383,TRUE
1279,0.51095724,TRUE
1280,0.5118809,TRUE
1281,0.62351793,TRUE
1282,0.52923286,TRUE
1283,0.49078584,FALSE
1284,0.41080353,FALSE
1285,0.50013816,TRUE
1286,0.6646638,TRUE
1287,0.37522593,FALSE
1288,0.6523957,TRUE
1289,0.2748841,FALSE
1290,0.56902665,TRUE
1291,0.5221549,TRUE
1292,0.56335664,TRUE
1293,0.43841934,FALSE
1294,0.5146709,TRUE
1295,0.62736183,TRUE
1296,0.69975483,TRUE
1297,0.6131306,TRUE
1298,0.63945574,TRUE
1299,0.6364651,TRUE
1300,0.43765816,FALSE
1301,0.5276378,TRUE
1302,0.6765098,TRUE
1303,0.6275126,TRUE
1304,0.6407609,TRUE
1305,0.4856517,FALSE
1306,0.62105393,TRUE
1307,0.53726465,TRUE
1308,0.70361155,TRUE
1309,0.76856226,TRUE
1310,0.46728772,FALSE
1311,0.7418639,TRUE
1312,0.5997637,TRUE
1313,0.6267103,TRUE
1314,0.62525,TRUE
1315,0.4959124,FALSE
1316,0.6610999,TRUE
1317,0.7158802,TRUE
1318,0.41765073,FALSE
1319,0.4030308,FALSE
1320,0.522859,TRUE
1321,0.44350544,FALSE
1322,0.6755619,TRUE
1323,0.5842952,TRUE
1324,0.7438316,TRUE
1325,0.5699061,TRUE
1326,0.63049453,TRUE
1327,0.5923471,TRUE
1328,0.59428614,TRUE
1329,0.57278675,TRUE
1330,0.5634246,TRUE
1331,0.42694768,FALSE
1332,0.65112424,TRUE
1333,0.6441407,TRUE
1334,0.44949585,FALSE
1335,0.54395837,TRUE
1336,0.55167615,TRUE
1337,0.47077283,FALSE
1338,0.5437695,TRUE
1339,0.5732106,TRUE
1340,0.56552166,TRUE
1341,0.4380854,FALSE
1342,0.60341346,TRUE
1343,0.5601414,TRUE
1344,0.52447474,TRUE
1345,0.43646893,FALSE
1346,0.55627173,TRUE
1347,0.3895018,FALSE
1348,0.53943956,TRUE
1349,0.50526035,TRUE
1350,0.61495537,TRUE
1351,0.71886164,TRUE
1352,0.5232413,TRUE
1353,0.4840514,FALSE
1354,0.51878893,TRUE
1355,0.41117695,FALSE
1356,0.41276366,FALSE
1357,0.61467415,TRUE
1358,0.5118501,TRUE
1359,0.48132375,FALSE
1360,0.5017934,TRUE
1361,0.50088304,TRUE
1362,0.61307436,TRUE
1363,0.53532016,TRUE
1364,0.6214396,TRUE
1365,0.5327255,TRUE
1366,0.6176234,TRUE
1367,0.2739606,FALSE
1368,0.52629596,TRUE
1369,0.40403658,FALSE
1370,0.5204066,TRUE
1371,0.27160612,FALSE
1372,0.62521726,TRUE
1373,0.6405257,TRUE
1374,0.58341336,TRUE
1375,0.53632444,TRUE
1376,0.38499296,FALSE
1377,0.507539,TRUE
1378,0.4881138,FALSE
1379,0.6038702,TRUE
1380,0.34938928,FALSE
1381,0.54743296,TRUE
1382,0.38677347,FALSE
1383,0.5341954,TRUE
1384,0.46443856,FALSE
1385,0.71715456,TRUE
1386,0.44972086,FALSE
1387,0.5721598,TRUE
1388,0.3686862,FALSE
1389,0.44303632,FALSE
1390,0.49118847,FALSE
1391,0.6595352,TRUE
1392,0.6016196,TRUE
1393,0.65590703,TRUE
1394,0.47939828,FALSE
1395,0.28727704,FALSE
1396,0.42969048,FALSE
1397,0.54123235,TRUE
1398,0.4933004,FALSE
1399,0.5612122,TRUE
1400,0.62415075,TRUE
1401,0.48906273,FALSE
1402,0.76339877,TRUE
1403,0.60638416,TRUE
1404,0.4381656,FALSE
1405,0.5435406,TRUE
1406,0.6196349,TRUE
1407,0.47148997,FALSE
1408,0.48953286,FALSE
1409,0.49161783,FALSE
1410,0.5905896,TRUE
1411,0.6716933,TRUE
1412,0.5664828,TRUE
1413,0.44833347,FALSE
1414,0.50619525,TRUE
1415,0.66938406,TRUE
1416,0.5649381,TRUE
1417,0.56981504,TRUE
1418,0.6653358,TRUE
1419,0.5732957,TRUE
1420,0.53233695,TRUE
1421,0.7551548,TRUE
1422,0.5432921,TRUE
1423,0.5197123,TRUE
1424,0.5860577,TRUE
1425,0.54398894,TRUE
1426,0.48079517,FALSE
1427,0.44460896,FALSE
1428,0.76114756,TRUE
1429,0.45300367,FALSE
1430,0.6201778,TRUE
1431,0.6506658,TRUE
1432,0.44785577,FALSE
1433,0.4584716,FALSE
1434,0.6433929,TRUE
1435,0.5401164,TRUE
1436,0.5509891,TRUE
1437,0.5621862,TRUE
1438,0.592123,TRUE
1439,0.54081035,TRUE
1440,0.68528605,TRUE
1441,0.4306919,FALSE
1442,0.33473676,FALSE
1443,0.5603353,TRUE
1444,0.6863547,TRUE
1445,0.46416447,FALSE
1446,0.600297,TRUE
1447,0.52434385,TRUE
1448,0.40795442,FALSE
1449,0.47561878,FALSE
1450,0.62604797,TRUE
1451,0.60869664,TRUE
1452,0.5483969,TRUE
1453,0.31034553,FALSE
1454,0.47862014,FALSE
1455,0.581101,TRUE
1456,0.72397673,TRUE
1457,0.7018759,TRUE
1458,0.3664876,FALSE
1459,0.52825594,TRUE
1460,0.60887665,TRUE
1461,0.57988167,TRUE
1462,0.58629084,TRUE
1463,0.7675202,TRUE
1464,0.50232923,TRUE
1465,0.49048138,FALSE
1466,0.53433967,TRUE
1467,0.64108574,TRUE
1468,0.49239725,FALSE
1469,0.53219086,TRUE
1470,0.48104194,FALSE
1471,0.65055573,TRUE
1472,0.5537901,TRUE
1473,0.47910368,FALSE
1474,0.5386493,TRUE
1475,0.4689414,FALSE
1476,0.6684697,TRUE
1477,0.56025374,TRUE
1478,0.5332153,TRUE
1479,0.54115003,TRUE
1480,0.63240194,TRUE
1481,0.5532209,TRUE
1482,0.46884924,FALSE
1483,0.3539834,FALSE
1484,0.49182397,FALSE
1485,0.48080915,FALSE
1486,0.36961246,FALSE
1487,0.6860363,TRUE
1488,0.54868025,TRUE
1489,0.65148497,TRUE
1490,0.46056503,FALSE
1491,0.48783714,FALSE
1492,0.5863427,TRUE
1493,0.50611204,TRUE
1494,0.53076905,TRUE
1495,0.65102863,TRUE
1496,0.47197556,FALSE
1497,0.67986137,TRUE
1498,0.58929646,TRUE
1499,0.6075109,TRUE
1500,0.5202638,TRUE
1501,0.4122062,FALSE
1502,0.44624814,FALSE
1503,0.6595055,TRUE
1504,0.5383587,TRUE
1505,0.75816935,TRUE
1506,0.5981401,TRUE
1507,0.5114706,TRUE
1508,0.5527592,TRUE
1509,0.49093023,FALSE
1510,0.5208259,TRUE
1511,0.73592234,TRUE
1512,0.6306594,TRUE
1513,0.2596462,FALSE
1514,0.5250404,TRUE
1515,0.63939166,TRUE
1516,0.36032522,FALSE
1517,0.5407553,TRUE
1518,0.65959215,TRUE
1519,0.71537584,TRUE
1520,0.5998717,TRUE
1521,0.34266973,FALSE
1522,0.7071753,TRUE
1523,0.49376023,FALSE
1524,0.34431833,FALSE
1525,0.4361505,FALSE
1526,0.60792035,TRUE
1527,0.4699717,FALSE
1528,0.57485384,TRUE
1529,0.6364555,TRUE
1530,0.4091815,FALSE
1531,0.61613804,TRUE
1532,0.59620154,TRUE
1533,0.6927899,TRUE
1534,0.41369054,FALSE
1535,0.55399966,TRUE
1536,0.51155484,TRUE
1537,0.53503144,TRUE
1538,0.48637518,FALSE
1539,0.30194,FALSE
1540,0.46054333,FALSE
1541,0.54886806,TRUE
1542,0.61678183,TRUE
1543,0.75601065,TRUE
1544,0.4557939,FALSE
1545,0.39996645,FALSE
1546,0.56878525,TRUE
1547,0.7298939,TRUE
1548,0.5838629,TRUE
1549,0.6396569,TRUE
1550,0.6047561,TRUE
1551,0.56269944,TRUE
1552,0.5201081,TRUE
1553,0.63027287,TRUE
1554,0.4358651,FALSE
1555,0.5521645,TRUE
1556,0.64938587,TRUE
1557,0.51277095,TRUE
1558,0.64717364,TRUE
1559,0.54375505,TRUE
1560,0.3698103,FALSE
1561,0.53836334,TRUE
1562,0.5742511,TRUE
1563,0.39794728,FALSE
1564,0.5120405,TRUE
1565,0.54988176,TRUE
1566,0.5239637,TRUE
1567,0.6957565,TRUE
1568,0.6124514,TRUE
1569,0.4136115,FALSE
1570,0.49184835,FALSE
1571,0.44146758,FALSE
1572,0.6477163,TRUE
1573,0.43209255,FALSE
1574,0.69570184,TRUE
1575,0.5496472,TRUE
1576,0.7138725,TRUE
1577,0.54511344,TRUE
1578,0.5385225,TRUE
1579,0.4624787,FALSE
1580,0.38337395,FALSE
1581,0.5288317,TRUE
1582,0.5209469,TRUE
1583,0.41415173,FALSE
1584,0.6010471,TRUE
1585,0.4405929,FALSE
1586,0.66964567,TRUE
1587,0.4604002,FALSE
1588,0.51098317,TRUE
1589,0.7208345,TRUE
1590,0.46686882,FALSE
1591,0.5916178,TRUE
1592,0.5638174,TRUE
1593,0.49039528,FALSE
1594,0.4943419,FALSE
1595,0.53409225,TRUE
1596,0.7265099,TRUE
1597,0.67152905,TRUE
1598,0.59088874,TRUE
1599,0.5794037,TRUE
1600,0.72091186,TRUE
1601,0.5612722,TRUE
1602,0.4659512,FALSE
1603,0.63296944,TRUE
1604,0.65187716,TRUE
1605,0.4836426,FALSE
1606,0.6716239,TRUE
1607,0.546287,TRUE
1608,0.4793818,FALSE
1609,0.4658021,FALSE
1610,0.60188645,TRUE
1611,0.6509027,TRUE
1612,0.5221986,TRUE
1613,0.33434296,FALSE
1614,0.5283052,TRUE
1615,0.63306797,TRUE
1616,0.4891308,FALSE
1617,0.36248115,FALSE
1618,0.52836996,TRUE
1619,0.5088649,TRUE
1620,0.5185478,TRUE
1621,0.4014627,FALSE
1622,0.44241193,FALSE
1623,0.6026981,TRUE
1624,0.48112646,FALSE
1625,0.52319074,TRUE
1626,0.49961442,FALSE
1627,0.4826801,FALSE
1628,0.49107432,FALSE
1629,0.42485505,FALSE
1630,0.58681446,TRUE
1631,0.5888486,TRUE
1632,0.52045,TRUE
1633,0.70640594,TRUE
1634,0.65624595,TRUE
1635,0.38688928,FALSE
1636,0.59183073,TRUE
1637,0.61301744,TRUE
1638,0.57720196,TRUE
1639,0.60753936,TRUE
1640,0.57246757,TRUE
1641,0.5666576,TRUE
1642,0.62397456,TRUE
1643,0.4603866,FALSE
1644,0.6629475,TRUE
1645,0.6806513,TRUE
1646,0.5022095,TRUE
1647,0.5888397,TRUE
1648,0.45836562,FALSE
1649,0.46985075,FALSE
1650,0.5213258,TRUE
1651,0.60853636,TRUE
1652,0.5383475,TRUE
1653,0.40675306,FALSE
1654,0.541604,TRUE
1655,0.6375575,TRUE
1656,0.60839146,TRUE
1657,0.49157274,FALSE
1658,0.65192294,TRUE
1659,0.62618864,TRUE
1660,0.6643731,TRUE
1661,0.607832,TRUE
1662,0.7564409,TRUE
1663,0.5141495,TRUE
1664,0.5503187,TRUE
1665,0.6115316,TRUE
1666,0.5197685,TRUE
1667,0.47509232,FALSE
1668,0.32230258,FALSE
1669,0.3521008,FALSE
1670,0.41999435,FALSE
1671,0.4344907,FALSE
1672,0.30500498,FALSE
1673,0.5579895,TRUE
1674,0.6025463,TRUE
1675,0.5777765,TRUE
1676,0.58595794,TRUE
1677,0.4912175,FALSE
1678,0.5823159,TRUE
1679,0.6299598,TRUE
1680,0.62530315,TRUE
1681,0.65967506,TRUE
1682,0.5770122,TRUE
1683,0.5006757,TRUE
1684,0.58193433,TRUE
1685,0.43877646,FALSE
1686,0.4217589,FALSE
1687,0.6031181,TRUE
1688,0.48370874,FALSE
1689,0.48257142,FALSE
1690,0.5783546,TRUE
1691,0.6596449,TRUE
1692,0.73161304,TRUE
1693,0.53689593,TRUE
1694,0.563831,TRUE
1695,0.5361989,TRUE
1696,0.6440772,TRUE
1697,0.59151554,TRUE
1698,0.33599332,FALSE
1699,0.5754216,TRUE
1700,0.73845714,TRUE
1701,0.5077807,TRUE
1702,0.59406173,TRUE
1703,0.37913397,FALSE
1704,0.43952864,FALSE
1705,0.5673382,TRUE
1706,0.49264246,FALSE
1707,0.45614573,FALSE
1708,0.5388624,TRUE
1709,0.5680376,TRUE
1710,0.35711703,FALSE
1711,0.5509839,TRUE
1712,0.44731706,FALSE
1713,0.4962189,FALSE
1714,0.53901285,TRUE
1715,0.5334188,TRUE
1716,0.49282277,FALSE
1717,0.75795716,TRUE
1718,0.5373095,TRUE
1719,0.40489393,FALSE
1720,0.59193075,TRUE
1721,0.7002777,TRUE
1722,0.48239914,FALSE
1723,0.3837193,FALSE
1724,0.46021453,FALSE
1725,0.7735885,TRUE
1726,0.7720003,TRUE
1727,0.48797664,FALSE
1728,0.5646682,TRUE
1729,0.36952895,FALSE
1730,0.5225055,TRUE
1731,0.52081496,TRUE
1732,0.5236317,TRUE
1733,0.50980705,TRUE
1734,0.61713946,TRUE
1735,0.7572684,TRUE
1736,0.5123893,TRUE
1737,0.43504104,FALSE
1738,0.724194,TRUE
1739,0.78276783,TRUE
1740,0.50637364,TRUE
1741,0.5988935,TRUE
1742,0.4984861,FALSE
1743,0.50507146,TRUE
1744,0.27203277,FALSE
1745,0.6077453,TRUE
1746,0.6799821,TRUE
1747,0.45943823,FALSE
1748,0.61190367,TRUE
1749,0.32225665,FALSE
1750,0.32352477,FALSE
1751,0.62718564,TRUE
1752,0.62600845,TRUE
1753,0.7302646,TRUE
1754,0.6704656,TRUE
1755,0.4629681,FALSE
1756,0.70744985,TRUE
1757,0.59113854,TRUE
1758,0.6750989,TRUE
1759,0.586843,TRUE
1760,0.5489807,TRUE
1761,0.57221735,TRUE
1762,0.64654756,TRUE
1763,0.63863146,TRUE
1764,0.6828885,TRUE
1765,0.41773346,FALSE
1766,0.451258,FALSE
1767,0.7508094,TRUE
1768,0.6242614,TRUE
1769,0.5159513,TRUE
1770,0.55119777,TRUE
1771,0.64104086,TRUE
1772,0.6985532,TRUE
1773,0.58134675,TRUE
1774,0.5597102,TRUE
1775,0.42173696,FALSE
1776,0.52100605,TRUE
1777,0.2648971,FALSE
1778,0.52614194,TRUE
1779,0.61353093,TRUE
1780,0.49218193,FALSE
1781,0.5820864,TRUE
1782,0.49010646,FALSE
1783,0.6438331,TRUE
1784,0.5410379,TRUE
1785,0.61313444,TRUE
1786,0.5871809,TRUE
1787,0.57054394,TRUE
1788,0.636552,TRUE
1789,0.5198329,TRUE
1790,0.6592852,TRUE
1791,0.5476061,TRUE
1792,0.5051357,TRUE
1793,0.63747853,TRUE
1794,0.34754702,FALSE
1795,0.75134325,TRUE
1796,0.57735735,TRUE
1797,0.5040904,TRUE
1798,0.5334315,TRUE
1799,0.5089926,TRUE
1800,0.5551608,TRUE
1801,0.62707573,TRUE
1802,0.7525725,TRUE
1803,0.58300304,TRUE
1804,0.59004605,TRUE
1805,0.49305943,FALSE
1806,0.5566822,TRUE
1807,0.53173554,TRUE
1808,0.50735897,TRUE
1809,0.6450871,TRUE
1810,0.31183273,FALSE
1811,0.5142113,TRUE
1812,0.5457605,TRUE
1813,0.5454844,TRUE
1814,0.5713995,TRUE
1815,0.43080324,FALSE
1816,0.54640156,TRUE
1817,0.5322098,TRUE
1818,0.6477698,TRUE
1819,0.53895926,TRUE
1820,0.545156,TRUE
1821,0.49120447,FALSE
1822,0.48868415,FALSE
1823,0.39971426,FALSE
1824,0.36871064,FALSE
1825,0.6480374,TRUE
1826,0.52882093,TRUE
1827,0.37612352,FALSE
1828,0.4750358,FALSE
1829,0.731905,TRUE
1830,0.47980434,FALSE
1831,0.6930763,TRUE
1832,0.5961,TRUE
1833,0.43466118,FALSE
1834,0.39594796,FALSE
1835,0.6673107,TRUE
1836,0.35798958,FALSE
1837,0.45592958,FALSE
1838,0.43847695,FALSE
1839,0.4450177,FALSE
1840,0.65390694,TRUE
1841,0.42106077,FALSE
1842,0.5513623,TRUE
1843,0.4167504,FALSE
1844,0.5572303,TRUE
1845,0.6303498,TRUE
1846,0.64121646,TRUE
1847,0.5976853,TRUE
1848,0.4692454,FALSE
1849,0.5695924,TRUE
1850,0.41458485,FALSE
1851,0.54533964,TRUE
1852,0.4710377,FALSE
1853,0.62767863,TRUE
1854,0.5840095,TRUE
1855,0.6223855,TRUE
1856,0.47035894,FALSE
1857,0.43325102,FALSE
1858,0.6027043,TRUE
1859,0.77391535,TRUE
1860,0.45116088,FALSE
1861,0.5202862,TRUE
1862,0.61220884,TRUE
1863,0.5859223,TRUE
1864,0.5260723,TRUE
1865,0.7242091,TRUE
1866,0.49825627,FALSE
1867,0.6563463,TRUE
1868,0.43551615,FALSE
1869,0.6141034,TRUE
1870,0.76369697,TRUE
1871,0.6099398,TRUE
1872,0.5517001,TRUE
1873,0.5404069,TRUE
1874,0.56713843,TRUE
1875,0.48477182,FALSE
1876,0.61018205,TRUE
1877,0.38912094,FALSE
1878,0.37216687,FALSE
1879,0.7646589,TRUE
1880,0.5929743,TRUE
1881,0.62733656,TRUE
1882,0.56060755,TRUE
1883,0.5796615,TRUE
1884,0.20547321,FALSE
1885,0.7370771,TRUE
1886,0.6730506,TRUE
1887,0.55863523,TRUE
1888,0.59101784,TRUE
1889,0.2988722,FALSE
1890,0.6137539,TRUE
1891,0.6837348,TRUE
1892,0.572457,TRUE
1893,0.4912986,FALSE
1894,0.44187683,FALSE
1895,0.5641442,TRUE
1896,0.42984948,FALSE
1897,0.4352735,FALSE
1898,0.452109,FALSE
1899,0.5508796,TRUE
1900,0.3449485,FALSE
1901,0.5819679,TRUE
1902,0.35970584,FALSE
1903,0.70227855,TRUE
1904,0.5924219,TRUE
1905,0.5801302,TRUE
1906,0.3786143,FALSE
1907,0.34248486,FALSE
1908,0.5895205,TRUE
1909,0.5879726,TRUE
1910,0.5459993,TRUE
1911,0.5659066,TRUE
1912,0.4901351,FALSE
1913,0.40729493,FALSE
1914,0.6171117,TRUE
1915,0.53029317,TRUE
1916,0.30202538,FALSE
1917,0.60591435,TRUE
1918,0.59957474,TRUE
1919,0.3229597,FALSE
1920,0.49309316,FALSE
1921,0.554293,TRUE
1922,0.5740645,TRUE
1923,0.40882608,FALSE
1924,0.4683143,FALSE
1925,0.69610256,TRUE
1926,0.5307985,TRUE
1927,0.36322898,FALSE
1928,0.5650051,TRUE
1929,0.44557208,FALSE
1930,0.6214917,TRUE
1931,0.69624233,TRUE
1932,0.38901073,FALSE
1933,0.41709936,FALSE
1934,0.62039846,TRUE
1935,0.5316535,TRUE
1936,0.6818001,TRUE
1937,0.512651,TRUE
1938,0.48725307,FALSE
1939,0.6898649,TRUE
1940,0.3687438,FALSE
1941,0.37726548,FALSE
1942,0.77033573,TRUE
1943,0.5452876,TRUE
1944,0.37981886,FALSE
1945,0.51261467,TRUE
1946,0.5620033,TRUE
1947,0.7147947,TRUE
1948,0.5143223,TRUE
1949,0.65714514,TRUE
1950,0.5306564,TRUE
1951,0.5897758,TRUE
1952,0.50751376,TRUE
1953,0.61478704,TRUE
1954,0.6786419,TRUE
1955,0.57471293,TRUE
1956,0.4557807,FALSE
1957,0.4109958,FALSE
1958,0.4833303,FALSE
1959,0.56628126,TRUE
1960,0.60494095,TRUE
1961,0.67695135,TRUE
1962,0.6021425,TRUE
1963,0.54923046,TRUE
1964,0.5341469,TRUE
1965,0.66707605,TRUE
1966,0.60161936,TRUE
1967,0.57589835,TRUE
1968,0.69247156,TRUE
1969,0.60522807,TRUE
1970,0.49077463,FALSE
1971,0.7149481,TRUE
1972,0.49293563,FALSE
1973,0.55535084,TRUE
1974,0.70513177,TRUE
1975,0.6301751,TRUE
1976,0.40808457,FALSE
1977,0.48449987,FALSE
1978,0.40500116,FALSE
1979,0.6070246,TRUE
1980,0.59349823,TRUE
1981,0.6370537,TRUE
1982,0.47080857,FALSE
1983,0.5492564,TRUE
1984,0.5976395,TRUE
1985,0.6487521,TRUE
1986,0.5579011,TRUE
1987,0.70002955,TRUE
1988,0.71372175,TRUE
1989,0.56851614,TRUE
1990,0.5561052,TRUE
1991,0.5036244,TRUE
1992,0.5680224,TRUE
1993,0.5760284,TRUE
1994,0.6583354,TRUE
1995,0.50017774,TRUE
1996,0.60754204,TRUE
1997,0.6444857,TRUE
1998,0.46534452,FALSE
1999,0.7000136,TRUE
2000,0.45517787,FALSE
2001,0.698611,TRUE
2002,0.6505359,TRUE
2003,0.5107466,TRUE
2004,0.6772783,TRUE
2005,0.47056904,FALSE
2006,0.52823156,TRUE
2007,0.47827762,FALSE
2008,0.39089546,FALSE
2009,0.5488939,TRUE
2010,0.560497,TRUE
2011,0.5414778,TRUE
2012,0.50943285,TRUE
2013,0.6535214,TRUE
2014,0.60762805,TRUE
2015,0.5745745,TRUE
2016,0.7350991,TRUE
2017,0.6000068,TRUE
2018,0.41293046,FALSE
2019,0.7318235,TRUE
2020,0.551312,TRUE
2021,0.4703982,FALSE
2022,0.59962726,TRUE
2023,0.4750266,FALSE
2024,0.418615,FALSE
2025,0.5581134,TRUE
2026,0.5442573,TRUE
2027,0.7372972,TRUE
2028,0.63293123,TRUE
2029,0.49301824,FALSE
2030,0.6172547,TRUE
2031,0.627619,TRUE
2032,0.348294,FALSE
2033,0.6408158,TRUE
2034,0.39534995,FALSE
2035,0.48904645,FALSE
2036,0.5000904,TRUE
2037,0.5578813,TRUE
2038,0.5480513,TRUE
2039,0.47444093,FALSE
2040,0.5626673,TRUE
2041,0.58500266,TRUE
2042,0.6225839,TRUE
2043,0.6157887,TRUE
2044,0.64596695,TRUE
2045,0.6613224,TRUE
2046,0.6659496,TRUE
2047,0.42452642,FALSE
2048,0.40423235,FALSE
2049,0.30847335,FALSE
2050,0.51483953,TRUE
2051,0.5303237,TRUE
2052,0.664831,TRUE
2053,0.42586637,FALSE
2054,0.6284759,TRUE
2055,0.5741712,TRUE
2056,0.5611768,TRUE
2057,0.5899967,TRUE
2058,0.51684916,TRUE
2059,0.6183395,TRUE
2060,0.31503463,FALSE
2061,0.51374733,TRUE
2062,0.5299123,TRUE
2063,0.7095526,TRUE
2064,0.6287187,TRUE
2065,0.33606663,FALSE
2066,0.5598326,TRUE
2067,0.5148836,TRUE
2068,0.5268747,TRUE
2069,0.53506106,TRUE
2070,0.5636227,TRUE
2071,0.6534491,TRUE
2072,0.38634294,FALSE
2073,0.58495176,TRUE
2074,0.50557435,TRUE
2075,0.6675121,TRUE
2076,0.47699332,FALSE
2077,0.49471137,FALSE
2078,0.34489828,FALSE
2079,0.64152616,TRUE
2080,0.65341246,TRUE
2081,0.6247734,TRUE
2082,0.49960288,FALSE
2083,0.4519099,FALSE
2084,0.6221789,TRUE
2085,0.51386034,TRUE
2086,0.6143695,TRUE
2087,0.59598404,TRUE
2088,0.51681465,TRUE
2089,0.74259156,TRUE
2090,0.4006606,FALSE
2091,0.71676886,TRUE
2092,0.66376996,TRUE
2093,0.47087306,FALSE
2094,0.635774,TRUE
2095,0.6019228,TRUE
2096,0.49724686,FALSE
2097,0.52859795,TRUE
2098,0.5598037,TRUE
2099,0.5448794,TRUE
2100,0.60692734,TRUE
2101,0.617783,TRUE
2102,0.5420979,TRUE
2103,0.55013543,TRUE
2104,0.6163147,TRUE
2105,0.5427015,TRUE
2106,0.48404357,FALSE
2107,0.49606284,FALSE
2108,0.39520758,FALSE
2109,0.534437,TRUE
2110,0.5352861,TRUE
2111,0.56909984,TRUE
2112,0.60082555,TRUE
2113,0.39674142,FALSE
2114,0.6038801,TRUE
2115,0.43780664,FALSE
2116,0.5994863,TRUE
2117,0.3428058,FALSE
2118,0.43049273,FALSE
2119,0.6573673,TRUE
2120,0.29810393,FALSE
2121,0.57883567,TRUE
2122,0.5782323,TRUE
2123,0.6533122,TRUE
2124,0.33981752,FALSE
2125,0.5426388,TRUE
2126,0.6400158,TRUE
2127,0.57658404,TRUE
2128,0.34227264,FALSE
2129,0.45792314,FALSE
2130,0.46714303,FALSE
2131,0.50661755,TRUE
2132,0.5820614,TRUE
2133,0.42693508,FALSE
2134,0.47128636,FALSE
2135,0.6856015,TRUE
2136,0.41669255,FALSE
2137,0.5663108,TRUE
2138,0.45435604,FALSE
2139,0.553042,TRUE
2140,0.35482436,FALSE
2141,0.6904421,TRUE
2142,0.60098237,TRUE
2143,0.49198005,FALSE
2144,0.6823633,TRUE
2145,0.54553694,TRUE
2146,0.52315044,TRUE
2147,0.5004939,TRUE
2148,0.5087528,TRUE
2149,0.55362815,TRUE
2150,0.26608202,FALSE
2151,0.56410587,TRUE
2152,0.66919863,TRUE
2153,0.55681056,TRUE
2154,0.6013277,TRUE
2155,0.6251805,TRUE
2156,0.5858937,TRUE
2157,0.675673,TRUE
2158,0.5580628,TRUE
2159,0.49189904,FALSE
2160,0.45802122,FALSE
2161,0.59861535,TRUE
2162,0.38775733,FALSE
2163,0.50439537,TRUE
2164,0.52044445,TRUE
2165,0.5053166,TRUE
2166,0.6587635,TRUE
2167,0.5773159,TRUE
2168,0.34407634,FALSE
2169,0.5576613,TRUE
2170,0.7270051,TRUE
2171,0.48234934,FALSE
2172,0.40592796,FALSE
2173,0.6153515,TRUE
2174,0.52005833,TRUE
2175,0.5557427,TRUE
2176,0.57768226,TRUE
2177,0.4874081,FALSE
2178,0.41525155,FALSE
2179,0.631802,TRUE
2180,0.47399098,FALSE
2181,0.69719356,TRUE
2182,0.45459777,FALSE
2183,0.47667262,FALSE
2184,0.59899765,TRUE
2185,0.70614636,TRUE
2186,0.61863035,TRUE
2187,0.46995395,FALSE
2188,0.5622144,TRUE
2189,0.5307501,TRUE
2190,0.4841499,FALSE
2191,0.6561169,TRUE
2192,0.6094778,TRUE
2193,0.58835924,TRUE
2194,0.6455778,TRUE
2195,0.6637594,TRUE
2196,0.4703623,FALSE
2197,0.6200002,TRUE
2198,0.55697197,TRUE
2199,0.5956404,TRUE
2200,0.7402624,TRUE
2201,0.40304577,FALSE
2202,0.63626415,TRUE
2203,0.56031996,TRUE
2204,0.72117925,TRUE
2205,0.45948988,FALSE
2206,0.53503567,TRUE
2207,0.4990436,FALSE
2208,0.61065173,TRUE
2209,0.6913881,TRUE
2210,0.70264655,TRUE
2211,0.49776933,FALSE
2212,0.4791457,FALSE
2213,0.4616165,FALSE
2214,0.4911229,FALSE
2215,0.51648563,TRUE
2216,0.61849624,TRUE
2217,0.70577747,TRUE
2218,0.32595393,FALSE
2219,0.5058174,TRUE
2220,0.45362556,FALSE
2221,0.4965575,FALSE
2222,0.55324847,TRUE
2223,0.67073804,TRUE
2224,0.5133004,TRUE
2225,0.3144559,FALSE
2226,0.44002426,FALSE
2227,0.713276,TRUE
2228,0.53231746,TRUE
2229,0.48527104,FALSE
2230,0.55714124,TRUE
2231,0.61690044,TRUE
2232,0.5845106,TRUE
2233,0.42161748,FALSE
2234,0.51804245,TRUE
2235,0.48888728,FALSE
2236,0.5905711,TRUE
2237,0.6811193,TRUE
2238,0.6613541,TRUE
2239,0.46720067,FALSE
2240,0.3349445,FALSE
2241,0.5299293,TRUE
2242,0.6426738,TRUE
2243,0.45699355,FALSE
2244,0.642884,TRUE
2245,0.4005482,FALSE
2246,0.6095178,TRUE
2247,0.43231353,FALSE
2248,0.48829675,FALSE
2249,0.4566265,FALSE
2250,0.71278584,TRUE
2251,0.40793914,FALSE
2252,0.5097134,TRUE
2253,0.4921491,FALSE
2254,0.53971064,TRUE
2255,0.4374657,FALSE
2256,0.51187104,TRUE
2257,0.4432188,FALSE
2258,0.6211166,TRUE
2259,0.3707446,FALSE
2260,0.66313416,TRUE
2261,0.5489893,TRUE
2262,0.290566,FALSE
2263,0.49331778,FALSE
2264,0.62120265,TRUE
2265,0.42311803,FALSE
2266,0.50602764,TRUE
2267,0.6217509,TRUE
2268,0.66706866,TRUE
2269,0.5324164,TRUE
2270,0.4791445,FALSE
2271,0.41849616,FALSE
2272,0.48811162,FALSE
2273,0.6294615,TRUE
2274,0.5580799,TRUE
2275,0.56563115,TRUE
2276,0.47506005,FALSE
2277,0.46248615,FALSE
2278,0.41576338,FALSE
2279,0.4067802,FALSE
2280,0.45583358,FALSE
2281,0.4060488,FALSE
2282,0.5601229,TRUE
2283,0.4646652,FALSE
2284,0.7471092,TRUE
2285,0.6947714,TRUE
2286,0.40689403,FALSE
2287,0.45975336,FALSE
2288,0.52331495,TRUE
2289,0.52564603,TRUE
2290,0.48601148,FALSE
2291,0.37612954,FALSE
2292,0.4785681,FALSE
2293,0.4923251,FALSE
2294,0.6015376,TRUE
2295,0.59343344,TRUE
2296,0.50224733,TRUE
2297,0.63900733,TRUE
2298,0.5085341,TRUE
2299,0.3616692,FALSE
2300,0.4623027,FALSE
2301,0.45889667,FALSE
2302,0.47985655,FALSE
2303,0.73789316,TRUE
2304,0.7530779,TRUE
2305,0.40841553,FALSE
2306,0.39215797,FALSE
2307,0.6030715,TRUE
2308,0.754211,TRUE
2309,0.43572214,FALSE
2310,0.53094274,TRUE
2311,0.38746768,FALSE
2312,0.6119683,TRUE
2313,0.5840486,TRUE
2314,0.5558619,TRUE
2315,0.5971474,TRUE
2316,0.56100667,TRUE
2317,0.6849082,TRUE
2318,0.4508255,FALSE
2319,0.6022935,TRUE
2320,0.5345077,TRUE
2321,0.6619089,TRUE
2322,0.41276821,FALSE
2323,0.48076648,FALSE
2324,0.5840286,TRUE
2325,0.5308286,TRUE
2326,0.4284038,FALSE
2327,0.4992957,FALSE
2328,0.39129004,FALSE
2329,0.46913853,FALSE
2330,0.72712183,TRUE
2331,0.49183357,FALSE
2332,0.76982206,TRUE
2333,0.46544582,FALSE
2334,0.46874967,FALSE
2335,0.4902027,FALSE
2336,0.44740942,FALSE
2337,0.34386024,FALSE
2338,0.46017534,FALSE
2339,0.48567498,FALSE
2340,0.6220895,TRUE
2341,0.30701125,FALSE
2342,0.63498384,TRUE
2343,0.46557227,FALSE
2344,0.55300474,TRUE
2345,0.5036279,TRUE
2346,0.34634638,FALSE
2347,0.38613603,FALSE
2348,0.5418402,TRUE
2349,0.57068473,TRUE
2350,0.5638782,TRUE
2351,0.5346283,TRUE
2352,0.42187512,FALSE
2353,0.6547777,TRUE
2354,0.5973849,TRUE
2355,0.54009134,TRUE
2356,0.6369093,TRUE
2357,0.4827797,FALSE
2358,0.39054602,FALSE
2359,0.4788819,FALSE
2360,0.616322,TRUE
2361,0.31108642,FALSE
2362,0.5349597,TRUE
2363,0.30106008,FALSE
2364,0.6004388,TRUE
2365,0.63169336,TRUE
2366,0.6168216,TRUE
2367,0.71424633,TRUE
2368,0.51813203,TRUE
2369,0.54083264,TRUE
2370,0.5824687,TRUE
2371,0.5287499,TRUE
2372,0.4791373,FALSE
2373,0.54927754,TRUE
2374,0.5966149,TRUE
2375,0.5201647,TRUE
2376,0.5896546,TRUE
2377,0.59491545,TRUE
2378,0.48882967,FALSE
2379,0.7140606,TRUE
2380,0.62948453,TRUE
2381,0.3791466,FALSE
2382,0.75144404,TRUE
2383,0.36999285,FALSE
2384,0.38621515,FALSE
2385,0.5547453,TRUE
2386,0.50170404,TRUE
2387,0.35342956,FALSE
2388,0.4446067,FALSE
2389,0.42988133,FALSE
2390,0.6214251,TRUE
2391,0.69791013,TRUE
2392,0.43519115,FALSE
2393,0.5016174,TRUE
2394,0.4431963,FALSE
2395,0.38121772,FALSE
2396,0.6521395,TRUE
2397,0.4185734,FALSE
2398,0.6542586,TRUE
2399,0.63723254,TRUE
2400,0.6433803,TRUE
2401,0.6989825,TRUE
2402,0.55334795,TRUE
2403,0.5899542,TRUE
2404,0.5422761,TRUE
2405,0.4891801,FALSE
2406,0.55687004,TRUE
2407,0.5572661,TRUE
2408,0.5182936,TRUE
2409,0.4877703,FALSE
2410,0.48542657,FALSE
2411,0.5323759,TRUE
2412,0.48962024,FALSE
2413,0.7230248,TRUE
2414,0.54376835,TRUE
2415,0.6675955,TRUE
2416,0.66671926,TRUE
2417,0.33164623,FALSE
2418,0.58870286,TRUE
2419,0.56110877,TRUE
2420,0.51788014,TRUE
2421,0.42986053,FALSE
2422,0.505696,TRUE
2423,0.55383897,TRUE
2424,0.61685437,TRUE
2425,0.49657947,FALSE
2426,0.40742314,FALSE
2427,0.43100786,FALSE
2428,0.6260753,TRUE
2429,0.5266815,TRUE
2430,0.7738855,TRUE
2431,0.50612855,TRUE
2432,0.49543816,FALSE
2433,0.70373875,TRUE
2434,0.4947823,FALSE
2435,0.6963105,TRUE
2436,0.3637999,FALSE
2437,0.5864961,TRUE
2438,0.49118128,FALSE
2439,0.5507051,TRUE
2440,0.70169556,TRUE
2441,0.51983976,TRUE
2442,0.5531173,TRUE
2443,0.5269348,TRUE
2444,0.51259804,TRUE
2445,0.34337834,FALSE
2446,0.5261324,TRUE
2447,0.56042695,TRUE
2448,0.57360786,TRUE
2449,0.38175505,FALSE
2450,0.5637846,TRUE
2451,0.42869058,FALSE
2452,0.40715003,FALSE
2453,0.22401439,FALSE
2454,0.5578046,TRUE
2455,0.5233844,TRUE
2456,0.38891703,FALSE
2457,0.5113034,TRUE
2458,0.439025,FALSE
2459,0.6236558,TRUE
2460,0.5632386,TRUE
2461,0.55502856,TRUE
2462,0.47906172,FALSE
2463,0.47009608,FALSE
2464,0.49044225,FALSE
2465,0.6006917,TRUE
2466,0.6675276,TRUE
2467,0.44421625,FALSE
2468,0.5623223,TRUE
2469,0.34489575,FALSE
2470,0.51996446,TRUE
2471,0.3950013,FALSE
2472,0.56020606,TRUE
2473,0.6170859,TRUE
2474,0.5985457,TRUE
2475,0.52435935,TRUE
2476,0.6358126,TRUE
2477,0.53336304,TRUE
2478,0.7210785,TRUE
2479,0.3262217,FALSE
2480,0.3771123,FALSE
2481,0.61490947,TRUE
2482,0.48313558,FALSE
2483,0.6491349,TRUE
2484,0.43847087,FALSE
2485,0.54537916,TRUE
2486,0.4417361,FALSE
2487,0.61153895,TRUE
2488,0.36997536,FALSE
2489,0.4570707,FALSE
2490,0.46182102,FALSE
2491,0.59049743,TRUE
2492,0.39715445,FALSE
2493,0.539403,TRUE
2494,0.543358,TRUE
2495,0.51453084,TRUE
2496,0.4985232,FALSE
2497,0.5624273,TRUE
2498,0.46529603,FALSE
2499,0.53533375,TRUE
2500,0.38381273,FALSE
2501,0.38759923,FALSE
2502,0.43836483,FALSE
2503,0.5973572,TRUE
2504,0.5419048,TRUE
2505,0.4539422,FALSE
2506,0.6049617,TRUE
2507,0.6588339,TRUE
2508,0.533425,TRUE
2509,0.4943507,FALSE
2510,0.6036878,TRUE
2511,0.7008583,TRUE
2512,0.62491655,TRUE
2513,0.27630004,FALSE
2514,0.7011463,TRUE
2515,0.48882228,FALSE
2516,0.72389,TRUE
2517,0.6913778,TRUE
2518,0.52471644,TRUE
2519,0.44633883,FALSE
2520,0.5672557,TRUE
2521,0.41851193,FALSE
2522,0.41031733,FALSE
2523,0.5531457,TRUE
2524,0.6227972,TRUE
2525,0.59728235,TRUE
2526,0.5643551,TRUE
2527,0.5541689,TRUE
2528,0.66637194,TRUE
2529,0.41187674,FALSE
2530,0.5467896,TRUE
2531,0.66306037,TRUE
2532,0.63681835,TRUE
2533,0.5669739,TRUE
2534,0.4370892,FALSE
2535,0.50976366,TRUE
2536,0.53301936,TRUE
2537,0.60276675,TRUE
2538,0.45168117,FALSE
2539,0.58508414,TRUE
2540,0.57166785,TRUE
2541,0.59540653,TRUE
2542,0.5920357,TRUE
2543,0.46891758,FALSE
2544,0.62940955,TRUE
2545,0.3976829,FALSE
2546,0.52814454,TRUE
2547,0.5919931,TRUE
2548,0.44615468,FALSE
2549,0.45608842,FALSE
2550,0.5903744,TRUE
2551,0.46055987,FALSE
2552,0.53353935,TRUE
2553,0.5217197,TRUE
2554,0.68931675,TRUE
2555,0.68863064,TRUE
2556,0.67453927,TRUE
2557,0.70331717,TRUE
2558,0.4491586,FALSE
2559,0.55419725,TRUE
2560,0.45763126,FALSE
2561,0.652809,TRUE
2562,0.5045043,TRUE
2563,0.62171865,TRUE
2564,0.2912125,FALSE
2565,0.6099619,TRUE
2566,0.5704582,TRUE
2567,0.34953403,FALSE
2568,0.44695592,FALSE
2569,0.4889472,FALSE
2570,0.5709192,TRUE
2571,0.51001877,TRUE
2572,0.51646614,TRUE
2573,0.6341707,TRUE
2574,0.47297287,FALSE
2575,0.5785094,TRUE
2576,0.64517546,TRUE
2577,0.4398537,FALSE
2578,0.39358565,FALSE
2579,0.43837994,FALSE
2580,0.28250873,FALSE
2581,0.44636267,FALSE
2582,0.4254925,FALSE
2583,0.36976314,FALSE
2584,0.6647785,TRUE
2585,0.7164623,TRUE
2586,0.6158655,TRUE
2587,0.5166887,TRUE
2588,0.60625637,TRUE
2589,0.48843107,FALSE
2590,0.39930707,FALSE
2591,0.5110078,TRUE
2592,0.7226572,TRUE
2593,0.4677882,FALSE
2594,0.55067796,TRUE
2595,0.5321299,TRUE
2596,0.69278777,TRUE
2597,0.6735049,TRUE
2598,0.5927073,TRUE
2599,0.61282676,TRUE
2600,0.51598334,TRUE
2601,0.51915485,TRUE
2602,0.47552797,FALSE
2603,0.677513,TRUE
2604,0.47587126,FALSE
2605,0.46111834,FALSE
2606,0.47364882,FALSE
2607,0.52901983,TRUE
2608,0.44236907,FALSE
2609,0.6736504,TRUE
2610,0.68129236,TRUE
2611,0.5450352,TRUE
2612,0.41465688,FALSE
2613,0.59722227,TRUE
2614,0.40009758,FALSE
2615,0.6081851,TRUE
2616,0.35520127,FALSE
2617,0.5078786,TRUE
2618,0.57201266,TRUE
2619,0.57274,TRUE
2620,0.57184094,TRUE
2621,0.38250008,FALSE
2622,0.49361634,FALSE
2623,0.5769709,TRUE
2624,0.3955527,FALSE
2625,0.51576954,TRUE
2626,0.50768054,TRUE
2627,0.53802454,TRUE
2628,0.7275778,TRUE
2629,0.3268768,FALSE
2630,0.5780136,TRUE
2631,0.6905733,TRUE
2632,0.55483353,TRUE
2633,0.5769419,TRUE
2634,0.41759893,FALSE
2635,0.66481376,TRUE
2636,0.51356906,TRUE
2637,0.6501196,TRUE
2638,0.5429083,TRUE
2639,0.6065347,TRUE
2640,0.6332143,TRUE
2641,0.41125828,FALSE
2642,0.51249486,TRUE
2643,0.55280095,TRUE
2644,0.6497825,TRUE
2645,0.49603415,FALSE
2646,0.4806057,FALSE
2647,0.29059315,FALSE
2648,0.45505103,FALSE
2649,0.6043653,TRUE
2650,0.42379877,FALSE
2651,0.40606734,FALSE
2652,0.576255,TRUE
2653,0.42617285,FALSE
2654,0.4710239,FALSE
2655,0.5978802,TRUE
2656,0.5668748,TRUE
2657,0.53050655,TRUE
2658,0.39025772,FALSE
2659,0.5934099,TRUE
2660,0.6058755,TRUE
2661,0.57653886,TRUE
2662,0.6302711,TRUE
2663,0.623324,TRUE
2664,0.51541406,TRUE
2665,0.5267219,TRUE
2666,0.6094506,TRUE
2667,0.3891305,FALSE
2668,0.46441472,FALSE
2669,0.3985782,FALSE
2670,0.39767164,FALSE
2671,0.53911304,TRUE
2672,0.525014,TRUE
2673,0.4334017,FALSE
2674,0.49423954,FALSE
2675,0.47631446,FALSE
2676,0.44611365,FALSE
2677,0.6577349,TRUE
2678,0.42582867,FALSE
2679,0.36776745,FALSE
2680,0.5940878,TRUE
2681,0.6100509,TRUE
2682,0.37875372,FALSE
2683,0.49615672,FALSE
2684,0.37378132,FALSE
2685,0.57000834,TRUE
2686,0.6033644,TRUE
2687,0.49313658,FALSE
2688,0.6276193,TRUE
2689,0.5436913,TRUE
2690,0.5139777,TRUE
2691,0.5062311,TRUE
2692,0.60012394,TRUE
2693,0.30857894,FALSE
2694,0.4840723,FALSE
2695,0.5661159,TRUE
2696,0.41187444,FALSE
2697,0.51004326,TRUE
2698,0.62692034,TRUE
2699,0.7193343,TRUE
2700,0.48150632,FALSE
2701,0.5253897,TRUE
2702,0.4005687,FALSE
2703,0.5345631,TRUE
2704,0.3540172,FALSE
2705,0.41981632,FALSE
2706,0.57914263,TRUE
2707,0.5387697,TRUE
2708,0.5600396,TRUE
2709,0.5991914,TRUE
2710,0.54120135,TRUE
2711,0.40480796,FALSE
2712,0.5489137,TRUE
2713,0.6196708,TRUE
2714,0.49084955,FALSE
2715,0.6767817,TRUE
2716,0.5192042,TRUE
2717,0.6193109,TRUE
2718,0.63767844,TRUE
2719,0.65532786,TRUE
2720,0.45154026,FALSE
2721,0.5996875,TRUE
2722,0.44528195,FALSE
2723,0.50628096,TRUE
2724,0.44790906,FALSE
2725,0.5804211,TRUE
2726,0.5894435,TRUE
2727,0.5472936,TRUE
2728,0.4935035,FALSE
2729,0.48363352,FALSE
2730,0.60736287,TRUE
2731,0.40996626,FALSE
2732,0.4286184,FALSE
2733,0.55335194,TRUE
2734,0.59425473,TRUE
2735,0.4809258,FALSE
2736,0.42042,FALSE
2737,0.46422088,FALSE
2738,0.5460421,TRUE
2739,0.49531844,FALSE
2740,0.6210395,TRUE
2741,0.6808305,TRUE
2742,0.5451064,TRUE
2743,0.6010711,TRUE
2744,0.6411766,TRUE
2745,0.71208197,TRUE
2746,0.4368179,FALSE
2747,0.40888718,FALSE
2748,0.5937868,TRUE
2749,0.51803005,TRUE
2750,0.5751356,TRUE
2751,0.4747569,FALSE
2752,0.35306886,FALSE
2753,0.5905707,TRUE
2754,0.45986906,FALSE
2755,0.54587823,TRUE
2756,0.38186195,FALSE
2757,0.7513077,TRUE
2758,0.44498372,FALSE
2759,0.31216285,FALSE
2760,0.59753305,TRUE
2761,0.44886726,FALSE
2762,0.6099585,TRUE
2763,0.55734867,TRUE
2764,0.3552667,FALSE
2765,0.2885689,FALSE
2766,0.5380595,TRUE
2767,0.6792903,TRUE
2768,0.7284561,TRUE
2769,0.7001522,TRUE
2770,0.5355515,TRUE
2771,0.594645,TRUE
2772,0.75186676,TRUE
2773,0.58284104,TRUE
2774,0.58455527,TRUE
2775,0.54768515,TRUE
2776,0.5310399,TRUE
2777,0.31913176,FALSE
2778,0.5706119,TRUE
2779,0.58508784,TRUE
2780,0.58031774,TRUE
2781,0.3752318,FALSE
2782,0.4436921,FALSE
2783,0.6565757,TRUE
2784,0.6243752,TRUE
2785,0.71815526,TRUE
2786,0.65414745,TRUE
2787,0.6007375,TRUE
2788,0.6265047,TRUE
2789,0.5727332,TRUE
2790,0.6414104,TRUE
2791,0.7040052,TRUE
2792,0.53927195,TRUE
2793,0.5017388,TRUE
2794,0.4323922,FALSE
2795,0.7074956,TRUE
2796,0.36368454,FALSE
2797,0.71243846,TRUE
2798,0.5947201,TRUE
2799,0.5944152,TRUE
2800,0.59592855,TRUE
2801,0.64778936,TRUE
2802,0.5844468,TRUE
2803,0.3731944,FALSE
2804,0.5971821,TRUE
2805,0.61433387,TRUE
2806,0.45383227,FALSE
2807,0.5224267,TRUE
2808,0.5060035,TRUE
2809,0.47044793,FALSE
2810,0.5567077,TRUE
2811,0.5660442,TRUE
2812,0.5543589,TRUE
2813,0.7019995,TRUE
2814,0.3868479,FALSE
2815,0.69611347,TRUE
2816,0.530378,TRUE
2817,0.5661947,TRUE
2818,0.61950386,TRUE
2819,0.6076754,TRUE
2820,0.48829994,FALSE
2821,0.56751263,TRUE
2822,0.4329743,FALSE
2823,0.5022003,TRUE
2824,0.5040038,TRUE
2825,0.37278795,FALSE
2826,0.4527308,FALSE
2827,0.59249854,TRUE
2828,0.50691646,TRUE
2829,0.36992002,FALSE
2830,0.46231472,FALSE
2831,0.7181039,TRUE
2832,0.5312201,TRUE
2833,0.54342335,TRUE
2834,0.5497901,TRUE
2835,0.4919802,FALSE
2836,0.56291175,TRUE
2837,0.5558596,TRUE
2838,0.56011367,TRUE
2839,0.65218776,TRUE
2840,0.46967426,FALSE
2841,0.3904266,FALSE
2842,0.586204,TRUE
2843,0.58898264,TRUE
2844,0.58494025,TRUE
2845,0.56478196,TRUE
2846,0.41853794,FALSE
2847,0.6285782,TRUE
2848,0.37468135,FALSE
2849,0.44612774,FALSE
2850,0.5539069,TRUE
2851,0.37914965,FALSE
2852,0.5407028,TRUE
2853,0.5009641,TRUE
2854,0.37377822,FALSE
2855,0.60908103,TRUE
2856,0.43930122,FALSE
2857,0.57287955,TRUE
2858,0.36636788,FALSE
2859,0.49369794,FALSE
2860,0.50982296,TRUE
2861,0.47473204,FALSE
2862,0.4654496,FALSE
2863,0.4387717,FALSE
2864,0.66882735,TRUE
2865,0.51071024,TRUE
2866,0.5185622,TRUE
2867,0.55742097,TRUE
2868,0.49350226,FALSE
2869,0.4493874,FALSE
2870,0.50163573,TRUE
2871,0.53530556,TRUE
2872,0.54076296,TRUE
2873,0.54900026,TRUE
2874,0.64455193,TRUE
2875,0.6589737,TRUE
2876,0.67852104,TRUE
2877,0.45921236,FALSE
2878,0.4802717,FALSE
2879,0.5116303,TRUE
2880,0.65943485,TRUE
2881,0.47016066,FALSE
2882,0.39436394,FALSE
2883,0.50784725,TRUE
2884,0.58384913,TRUE
2885,0.5295483,TRUE
2886,0.53305215,TRUE
2887,0.6528727,TRUE
2888,0.578064,TRUE
2889,0.62942773,TRUE
2890,0.5132,TRUE
2891,0.70841396,TRUE
2892,0.639523,TRUE
2893,0.5360124,TRUE
2894,0.57070005,TRUE
2895,0.46384743,FALSE
2896,0.4234058,FALSE
2897,0.5559237,TRUE
2898,0.49116245,FALSE
2899,0.5948269,TRUE
2900,0.65745986,TRUE
2901,0.69202745,TRUE
2902,0.5794148,TRUE
2903,0.57467854,TRUE
2904,0.4975806,FALSE
2905,0.46792457,FALSE
2906,0.5040731,TRUE
2907,0.5776312,TRUE
2908,0.5912736,TRUE
2909,0.5710751,TRUE
2910,0.42454416,FALSE
2911,0.5365474,TRUE
2912,0.51009464,TRUE
2913,0.47417858,FALSE
2914,0.5799294,TRUE
2915,0.5595939,TRUE
2916,0.37248906,FALSE
2917,0.4660886,FALSE
2918,0.46582073,FALSE
2919,0.41363615,FALSE
2920,0.56758577,TRUE
2921,0.4761161,FALSE
2922,0.5331844,TRUE
2923,0.5516996,TRUE
2924,0.30763415,FALSE
2925,0.55488616,TRUE
2926,0.4813201,FALSE
2927,0.5752702,TRUE
2928,0.39291775,FALSE
2929,0.55210674,TRUE
2930,0.5417408,TRUE
2931,0.7221507,TRUE
2932,0.73916006,TRUE
2933,0.61745083,TRUE
2934,0.5958449,TRUE
2935,0.57528186,TRUE
2936,0.36803097,FALSE
2937,0.50124854,TRUE
2938,0.56024754,TRUE
2939,0.7035056,TRUE
2940,0.54781115,TRUE
2941,0.5938022,TRUE
2942,0.5251786,TRUE
2943,0.62647164,TRUE
2944,0.61104065,TRUE
2945,0.6219216,TRUE
2946,0.27560893,FALSE
2947,0.49911925,FALSE
2948,0.686284,TRUE
2949,0.694351,TRUE
2950,0.7503854,TRUE
2951,0.6789283,TRUE
2952,0.6003457,TRUE
2953,0.5520597,TRUE
2954,0.5891235,TRUE
2955,0.5577575,TRUE
2956,0.73622364,TRUE
2957,0.34377858,FALSE
2958,0.6933537,TRUE
2959,0.5820817,TRUE
2960,0.5383336,TRUE
2961,0.69112784,TRUE
2962,0.44680384,FALSE
2963,0.6736166,TRUE
2964,0.50681525,TRUE
2965,0.6528926,TRUE
2966,0.53024435,TRUE
2967,0.6290261,TRUE
2968,0.6747384,TRUE
2969,0.7054375,TRUE
2970,0.31636593,FALSE
2971,0.5127265,TRUE
2972,0.5249039,TRUE
2973,0.62373835,TRUE
2974,0.38098362,FALSE
2975,0.5381667,TRUE
2976,0.40295422,FALSE
2977,0.5592329,TRUE
2978,0.55535203,TRUE
2979,0.63832957,TRUE
2980,0.72173536,TRUE
2981,0.53083974,TRUE
2982,0.44628343,FALSE
2983,0.45621267,FALSE
2984,0.59999925,TRUE
2985,0.5560007,TRUE
2986,0.44992334,FALSE
2987,0.49838224,FALSE
2988,0.59991455,TRUE
2989,0.52454734,TRUE
2990,0.50478774,TRUE
2991,0.73675346,TRUE
2992,0.56417495,TRUE
2993,0.53297746,TRUE
2994,0.58079743,TRUE
2995,0.56130016,TRUE
2996,0.4744912,FALSE
2997,0.5563972,TRUE
2998,0.6009735,TRUE
2999,0.6309013,TRUE
3000,0.38549674,FALSE
3001,0.30553493,FALSE
3002,0.6556685,TRUE
3003,0.65290225,TRUE
3004,0.59437543,TRUE
3005,0.54770505,TRUE
3006,0.5391211,TRUE
3007,0.5207613,TRUE
3008,0.2957322,FALSE
3009,0.31912082,FALSE
3010,0.5673731,TRUE
3011,0.60014,TRUE
3012,0.49318075,FALSE
3013,0.47586814,FALSE
3014,0.48654425,FALSE
3015,0.53389335,TRUE
3016,0.5490937,TRUE
3017,0.37661257,FALSE
3018,0.53778195,TRUE
3019,0.57952285,TRUE
3020,0.57964844,TRUE
3021,0.7513458,TRUE
3022,0.7159388,TRUE
3023,0.6805968,TRUE
3024,0.35420918,FALSE
3025,0.45271102,FALSE
3026,0.5646429,TRUE
3027,0.5407328,TRUE
3028,0.5188004,TRUE
3029,0.31893805,FALSE
3030,0.44781074,FALSE
3031,0.45101961,FALSE
3032,0.64844984,TRUE
3033,0.4229672,FALSE
3034,0.36280066,FALSE
3035,0.5057192,TRUE
3036,0.35462144,FALSE
3037,0.42446518,FALSE
3038,0.65959245,TRUE
3039,0.54208386,TRUE
3040,0.58889735,TRUE
3041,0.6346042,TRUE
3042,0.5307186,TRUE
3043,0.40764412,FALSE
3044,0.48677966,FALSE
3045,0.554047,TRUE
3046,0.5084074,TRUE
3047,0.48499933,FALSE
3048,0.4162703,FALSE
3049,0.4266081,FALSE
3050,0.5172222,TRUE
3051,0.5755612,TRUE
3052,0.480162,FALSE
3053,0.48801604,FALSE
3054,0.7375989,TRUE
3055,0.34620357,FALSE
3056,0.6114176,TRUE
3057,0.38279274,FALSE
3058,0.69864154,TRUE
3059,0.497126,FALSE
3060,0.5678064,TRUE
3061,0.48511404,FALSE
3062,0.616181,TRUE
3063,0.6351767,TRUE
3064,0.45901495,FALSE
3065,0.66620874,TRUE
3066,0.36090085,FALSE
3067,0.6036506,TRUE
3068,0.5844543,TRUE
3069,0.6529695,TRUE
3070,0.50039184,TRUE
3071,0.38595334,FALSE
3072,0.63792646,TRUE
3073,0.67266643,TRUE
3074,0.66601235,TRUE
3075,0.65013546,TRUE
3076,0.44830975,FALSE
3077,0.72118276,TRUE
3078,0.43273368,FALSE
3079,0.32382518,FALSE
3080,0.51369697,TRUE
3081,0.67982996,TRUE
3082,0.63240016,TRUE
3083,0.3560904,FALSE
3084,0.650445,TRUE
3085,0.49990338,FALSE
3086,0.42511314,FALSE
3087,0.6671995,TRUE
3088,0.5621946,TRUE
3089,0.45432368,FALSE
3090,0.5846877,TRUE
3091,0.6096539,TRUE
3092,0.46401668,FALSE
3093,0.6791509,TRUE
3094,0.4945659,FALSE
3095,0.45789683,FALSE
3096,0.48394582,FALSE
3097,0.53021795,TRUE
3098,0.3479026,FALSE
3099,0.52770305,TRUE
3100,0.4908785,FALSE
3101,0.64229983,TRUE
3102,0.6396967,TRUE
3103,0.4675626,FALSE
3104,0.52465975,TRUE
3105,0.521953,TRUE
3106,0.36114457,FALSE
3107,0.49224305,FALSE
3108,0.7541838,TRUE
3109,0.41614413,FALSE
3110,0.517137,TRUE
3111,0.50463283,TRUE
3112,0.604216,TRUE
3113,0.547941,TRUE
3114,0.52959055,TRUE
3115,0.5495722,TRUE
3116,0.4988835,FALSE
3117,0.4932099,FALSE
3118,0.57225114,TRUE
3119,0.4090579,FALSE
3120,0.615017,TRUE
3121,0.5046229,TRUE
3122,0.5354063,TRUE
3123,0.3766294,FALSE
3124,0.5035474,TRUE
3125,0.612654,TRUE
3126,0.49422422,FALSE
3127,0.51415867,TRUE
3128,0.42691064,FALSE
3129,0.4895497,FALSE
3130,0.59173816,TRUE
3131,0.44534275,FALSE
3132,0.4132799,FALSE
3133,0.55190533,TRUE
3134,0.4360213,FALSE
3135,0.61599433,TRUE
3136,0.42717114,FALSE
3137,0.5232834,TRUE
3138,0.5872452,TRUE
3139,0.4019549,FALSE
3140,0.58080375,TRUE
3141,0.54966897,TRUE
3142,0.45279709,FALSE
3143,0.5656437,TRUE
3144,0.50408494,TRUE
3145,0.51499045,TRUE
3146,0.4426295,FALSE
3147,0.59851897,TRUE
3148,0.5196446,TRUE
3149,0.4570642,FALSE
3150,0.5093534,TRUE
3151,0.5699313,TRUE
3152,0.60644215,TRUE
3153,0.58985823,TRUE
3154,0.5084194,TRUE
3155,0.37038085,FALSE
3156,0.46474123,FALSE
3157,0.45969692,FALSE
3158,0.6719605,TRUE
3159,0.72921306,TRUE
3160,0.4633852,FALSE
3161,0.49603006,FALSE
3162,0.49864945,FALSE
3163,0.50582725,TRUE
3164,0.52796423,TRUE
3165,0.5587443,TRUE
3166,0.5946313,TRUE
3167,0.61648506,TRUE
3168,0.46214217,FALSE
3169,0.52933365,TRUE
3170,0.47486046,FALSE
3171,0.4154611,FALSE
3172,0.6508571,TRUE
3173,0.48773482,FALSE
3174,0.5967567,TRUE
3175,0.46727866,FALSE
3176,0.6347122,TRUE
3177,0.53344226,TRUE
3178,0.5816219,TRUE
3179,0.44779915,FALSE
3180,0.5688699,TRUE
3181,0.44151393,FALSE
3182,0.6496906,TRUE
3183,0.46915653,FALSE
3184,0.5969971,TRUE
3185,0.49032342,FALSE
3186,0.60944223,TRUE
3187,0.65095544,TRUE
3188,0.44259667,FALSE
3189,0.4336226,FALSE
3190,0.54776764,TRUE
3191,0.45208648,FALSE
3192,0.54338646,TRUE
3193,0.30001017,FALSE
3194,0.4814426,FALSE
3195,0.58647835,TRUE
3196,0.4530094,FALSE
3197,0.42813575,FALSE
3198,0.37508103,FALSE
3199,0.46760735,FALSE
3200,0.6502056,TRUE
3201,0.6427887,TRUE
3202,0.65890414,TRUE
3203,0.39748353,FALSE
3204,0.6055643,TRUE
3205,0.36049384,FALSE
3206,0.71316063,TRUE
3207,0.5197515,TRUE
3208,0.564353,TRUE
3209,0.70851326,TRUE
3210,0.47790706,FALSE
3211,0.5948408,TRUE
3212,0.5907983,TRUE
3213,0.50421226,TRUE
3214,0.57308155,TRUE
3215,0.36124408,FALSE
3216,0.6564927,TRUE
3217,0.5513139,TRUE
3218,0.5794212,TRUE
3219,0.36561525,FALSE
3220,0.43806997,FALSE
3221,0.48038185,FALSE
3222,0.5029645,TRUE
3223,0.69848484,TRUE
3224,0.49440843,FALSE
3225,0.37048388,FALSE
3226,0.623531,TRUE
3227,0.46895188,FALSE
3228,0.516162,TRUE
3229,0.5456521,TRUE
3230,0.65373015,TRUE
3231,0.4512465,FALSE
3232,0.6445797,TRUE
3233,0.4433268,FALSE
3234,0.59352505,TRUE
3235,0.48199823,FALSE
3236,0.54039836,TRUE
3237,0.33621472,FALSE
3238,0.66832346,TRUE
3239,0.42695394,FALSE
3240,0.49055934,FALSE
3241,0.5110379,TRUE
3242,0.61355156,TRUE
3243,0.37983158,FALSE
3244,0.6469115,TRUE
3245,0.40447187,FALSE
3246,0.64210033,TRUE
3247,0.43913907,FALSE
3248,0.54593027,TRUE
3249,0.5707529,TRUE
3250,0.437386,FALSE
3251,0.55515194,TRUE
3252,0.5210231,TRUE
3253,0.5127191,TRUE
3254,0.44525534,FALSE
3255,0.59386176,TRUE
3256,0.6730939,TRUE
3257,0.5571604,TRUE
3258,0.40969336,FALSE
3259,0.5537272,TRUE
3260,0.68851006,TRUE
3261,0.65945196,TRUE
3262,0.56253374,TRUE
3263,0.6156652,TRUE
3264,0.4930365,FALSE
3265,0.75019854,TRUE
3266,0.3741568,FALSE
3267,0.5274009,TRUE
3268,0.45271972,FALSE
3269,0.427398,FALSE
3270,0.44972065,FALSE
3271,0.6459741,TRUE
3272,0.5165242,TRUE
3273,0.5658069,TRUE
3274,0.5638043,TRUE
3275,0.6582806,TRUE
3276,0.781621,TRUE
3277,0.7391379,TRUE
3278,0.55585027,TRUE
3279,0.62373275,TRUE
3280,0.46719912,FALSE
3281,0.67276204,TRUE
3282,0.5941407,TRUE
3283,0.6989383,TRUE
3284,0.514775,TRUE
3285,0.37620816,FALSE
3286,0.6627421,TRUE
3287,0.44238967,FALSE
3288,0.6403164,TRUE
3289,0.33129355,FALSE
3290,0.65095323,TRUE
3291,0.58564824,TRUE
3292,0.6709411,TRUE
3293,0.5497444,TRUE
3294,0.36759233,FALSE
3295,0.6047811,TRUE
3296,0.4917718,FALSE
3297,0.4846458,FALSE
3298,0.54581547,TRUE
3299,0.5215993,TRUE
3300,0.3936365,FALSE
3301,0.5428277,TRUE
3302,0.66177917,TRUE
3303,0.70100003,TRUE
3304,0.5289146,TRUE
3305,0.48793483,FALSE
3306,0.449743,FALSE
3307,0.4266778,FALSE
3308,0.59319735,TRUE
3309,0.6003814,TRUE
3310,0.4950642,FALSE
3311,0.637307,TRUE
3312,0.53066134,TRUE
3313,0.46028036,FALSE
3314,0.49613082,FALSE
3315,0.56825465,TRUE
3316,0.47701192,FALSE
3317,0.5817045,TRUE
3318,0.58579385,TRUE
3319,0.6767818,TRUE
3320,0.62241846,TRUE
3321,0.5840358,TRUE
3322,0.51618135,TRUE
3323,0.49295154,FALSE
3324,0.45128304,FALSE
3325,0.5985494,TRUE
3326,0.47648406,FALSE
3327,0.47164497,FALSE
3328,0.5443619,TRUE
3329,0.53652215,TRUE
3330,0.69192576,TRUE
3331,0.45768285,FALSE
3332,0.5267721,TRUE
3333,0.5247009,TRUE
3334,0.738213,TRUE
3335,0.55133307,TRUE
3336,0.5318941,TRUE
3337,0.46687162,FALSE
3338,0.7223194,TRUE
3339,0.4497985,FALSE
3340,0.41519493,FALSE
3341,0.5819402,TRUE
3342,0.46179324,FALSE
3343,0.62767726,TRUE
3344,0.47701207,FALSE
3345,0.6788482,TRUE
3346,0.45456326,FALSE
3347,0.45751277,FALSE
3348,0.5702317,TRUE
3349,0.52836,TRUE
3350,0.52234584,TRUE
3351,0.4934942,FALSE
3352,0.59823996,TRUE
3353,0.7539538,TRUE
3354,0.52667403,TRUE
3355,0.48546535,FALSE
3356,0.7473878,TRUE
3357,0.67648363,TRUE
3358,0.4526512,FALSE
3359,0.6048209,TRUE
3360,0.4707212,FALSE
3361,0.55947447,TRUE
3362,0.4417532,FALSE
3363,0.48164412,FALSE
3364,0.45624974,FALSE
3365,0.467472,FALSE
3366,0.6965098,TRUE
3367,0.41039425,FALSE
3368,0.5551842,TRUE
3369,0.5704479,TRUE
3370,0.55617034,TRUE
3371,0.66277647,TRUE
3372,0.6180598,TRUE
3373,0.5009427,TRUE
3374,0.6230057,TRUE
3375,0.65667135,TRUE
3376,0.6037862,TRUE
3377,0.4983406,FALSE
3378,0.5363715,TRUE
3379,0.5652808,TRUE
3380,0.7142192,TRUE
3381,0.4425688,FALSE
3382,0.6649588,TRUE
3383,0.4202347,FALSE
3384,0.4836532,FALSE
3385,0.6887879,TRUE
3386,0.6110704,TRUE
3387,0.71720976,TRUE
3388,0.53723794,TRUE
3389,0.47908747,FALSE
3390,0.7493577,TRUE
3391,0.4015657,FALSE
3392,0.4439303,FALSE
3393,0.5429547,TRUE
3394,0.6718787,TRUE
3395,0.58554566,TRUE
3396,0.43165347,FALSE
3397,0.6037979,TRUE
3398,0.55705017,TRUE
3399,0.73264605,TRUE
3400,0.54558355,TRUE
3401,0.32228094,FALSE
3402,0.6550014,TRUE
3403,0.4390927,FALSE
3404,0.58774865,TRUE
3405,0.6146215,TRUE
3406,0.64645255,TRUE
3407,0.6129149,TRUE
3408,0.41625115,FALSE
3409,0.71306884,TRUE
3410,0.44921365,FALSE
3411,0.67179084,TRUE
3412,0.58252776,TRUE
3413,0.56511116,TRUE
3414,0.5005145,TRUE
3415,0.61742944,TRUE
3416,0.6807397,TRUE
3417,0.65905064,TRUE
3418,0.53673685,TRUE
3419,0.3858676,FALSE
3420,0.47839123,FALSE
3421,0.54968774,TRUE
3422,0.6329221,TRUE
3423,0.60421485,TRUE
3424,0.47973415,FALSE
3425,0.46803582,FALSE
3426,0.73381627,TRUE
3427,0.51434344,TRUE
3428,0.6438361,TRUE
3429,0.5575841,TRUE
3430,0.3750188,FALSE
3431,0.71976846,TRUE
3432,0.75928575,TRUE
3433,0.3347299,FALSE
3434,0.456979,FALSE
3435,0.68505096,TRUE
3436,0.5601672,TRUE
3437,0.43182856,FALSE
3438,0.47711012,FALSE
3439,0.4887308,FALSE
3440,0.6088291,TRUE
3441,0.63383603,TRUE
3442,0.6440828,TRUE
3443,0.72474676,TRUE
3444,0.43117017,FALSE
3445,0.42413262,FALSE
3446,0.6140581,TRUE
3447,0.38583368,FALSE
3448,0.48396257,FALSE
3449,0.66965413,TRUE
3450,0.42958286,FALSE
3451,0.5198595,TRUE
3452,0.52466655,TRUE
3453,0.52192014,TRUE
3454,0.5532435,TRUE
3455,0.6143699,TRUE
3456,0.6411848,TRUE
3457,0.7800389,TRUE
3458,0.6891778,TRUE
3459,0.2933724,FALSE
3460,0.571203,TRUE
3461,0.48683125,FALSE
3462,0.4062878,FALSE
3463,0.46028432,FALSE
3464,0.68565446,TRUE
3465,0.52309597,TRUE
3466,0.6545941,TRUE
3467,0.5373607,TRUE
3468,0.59096444,TRUE
3469,0.5412308,TRUE
3470,0.526987,TRUE
3471,0.6011096,TRUE
3472,0.47392523,FALSE
3473,0.39815843,FALSE
3474,0.45704406,FALSE
3475,0.6133735,TRUE
3476,0.46542028,FALSE
3477,0.44216084,FALSE
3478,0.5336853,TRUE
3479,0.54162544,TRUE
3480,0.3945102,FALSE
3481,0.41227847,FALSE
3482,0.5590325,TRUE
3483,0.59170973,TRUE
3484,0.47858253,FALSE
3485,0.47554448,FALSE
3486,0.25062606,FALSE
3487,0.53120553,TRUE
3488,0.6123067,TRUE
3489,0.49847072,FALSE
3490,0.62382734,TRUE
3491,0.7612094,TRUE
3492,0.61454004,TRUE
3493,0.42089245,FALSE
3494,0.4503767,FALSE
3495,0.7335671,TRUE
3496,0.48296258,FALSE
3497,0.5460448,TRUE
3498,0.710837,TRUE
3499,0.49439335,FALSE
3500,0.6163889,TRUE
3501,0.6451054,TRUE
3502,0.28265312,FALSE
3503,0.5962724,TRUE
3504,0.40367267,FALSE
3505,0.43577293,FALSE
3506,0.54471403,TRUE
3507,0.43004498,FALSE
3508,0.46450132,FALSE
3509,0.5556538,TRUE
3510,0.7510315,TRUE
3511,0.63462025,TRUE
3512,0.29635444,FALSE
3513,0.60963815,TRUE
3514,0.5737835,TRUE
3515,0.60260934,TRUE
3516,0.45684645,FALSE
3517,0.53049785,TRUE
3518,0.5441728,TRUE
3519,0.60756516,TRUE
3520,0.5550674,TRUE
3521,0.5917756,TRUE
3522,0.53699154,TRUE
3523,0.5454636,TRUE
3524,0.449037,FALSE
3525,0.5750476,TRUE
3526,0.46443695,FALSE
3527,0.4102782,FALSE
3528,0.511104,TRUE
3529,0.70544136,TRUE
3530,0.5475964,TRUE
3531,0.60237557,TRUE
3532,0.57390195,TRUE
3533,0.5961334,TRUE
3534,0.6536845,TRUE
3535,0.6337214,TRUE
3536,0.7104285,TRUE
3537,0.5292343,TRUE
3538,0.5326071,TRUE
3539,0.35113728,FALSE
3540,0.4475492,FALSE
3541,0.4781352,FALSE
3542,0.65836877,TRUE
3543,0.61486644,TRUE
3544,0.56359315,TRUE
3545,0.44116905,FALSE
3546,0.5244706,TRUE
3547,0.71626,TRUE
3548,0.40443906,FALSE
3549,0.6911079,TRUE
3550,0.32294336,FALSE
3551,0.5601098,TRUE
3552,0.49182078,FALSE
3553,0.6147996,TRUE
3554,0.5308489,TRUE
3555,0.4934067,FALSE
3556,0.6539015,TRUE
3557,0.61680645,TRUE
3558,0.6459469,TRUE
3559,0.5376924,TRUE
3560,0.5262295,TRUE
3561,0.5057382,TRUE
3562,0.45614186,FALSE
3563,0.5573214,TRUE
3564,0.47031087,FALSE
3565,0.67637324,TRUE
3566,0.797852,TRUE
3567,0.5266887,TRUE
3568,0.6883211,TRUE
3569,0.32352972,FALSE
3570,0.4915198,FALSE
3571,0.4049216,FALSE
3572,0.6118879,TRUE
3573,0.72857463,TRUE
3574,0.67514956,TRUE
3575,0.67861205,TRUE
3576,0.32322922,FALSE
3577,0.62387097,TRUE
3578,0.49579096,FALSE
3579,0.4681928,FALSE
3580,0.3007737,FALSE
3581,0.39743945,FALSE
3582,0.5161479,TRUE
3583,0.63962424,TRUE
3584,0.3265416,FALSE
3585,0.608643,TRUE
3586,0.4569464,FALSE
3587,0.6271633,TRUE
3588,0.59116894,TRUE
3589,0.6191871,TRUE
3590,0.6760393,TRUE
3591,0.5717585,TRUE
3592,0.6251229,TRUE
3593,0.7690822,TRUE
3594,0.52686703,TRUE
3595,0.5426746,TRUE
3596,0.65799516,TRUE
3597,0.5991279,TRUE
3598,0.7381717,TRUE
3599,0.46418205,FALSE
3600,0.4956529,FALSE
3601,0.44957957,FALSE
3602,0.6348063,TRUE
3603,0.60233057,TRUE
3604,0.70158035,TRUE
3605,0.724519,TRUE
3606,0.60526764,TRUE
3607,0.4309197,FALSE
3608,0.57037127,TRUE
3609,0.62683415,TRUE
3610,0.5732024,TRUE
3611,0.5019282,TRUE
3612,0.4258015,FALSE
3613,0.5289351,TRUE
3614,0.38090315,FALSE
3615,0.70174265,TRUE
3616,0.3716628,FALSE
3617,0.57258147,TRUE
3618,0.55151194,TRUE
3619,0.46267232,FALSE
3620,0.2721816,FALSE
3621,0.63798344,TRUE
3622,0.49347734,FALSE
3623,0.46774963,FALSE
3624,0.5220093,TRUE
3625,0.36586872,FALSE
3626,0.3722629,FALSE
3627,0.69131666,TRUE
3628,0.41112712,FALSE
3629,0.56355745,TRUE
3630,0.53348285,TRUE
3631,0.4286071,FALSE
3632,0.5435167,TRUE
3633,0.6540647,TRUE
3634,0.47387728,FALSE
3635,0.44377998,FALSE
3636,0.47943318,FALSE
3637,0.718476,TRUE
3638,0.5641153,TRUE
3639,0.63526714,TRUE
3640,0.3884343,FALSE
3641,0.6748643,TRUE
3642,0.63569325,TRUE
3643,0.6197822,TRUE
3644,0.51955056,TRUE
3645,0.38408542,FALSE
3646,0.70202136,TRUE
3647,0.6034127,TRUE
3648,0.7078399,TRUE
3649,0.37688735,FALSE
3650,0.5968598,TRUE
3651,0.6194881,TRUE
3652,0.4009606,FALSE
3653,0.47204903,FALSE
3654,0.48398286,FALSE
3655,0.71339345,TRUE
3656,0.4539015,FALSE
3657,0.41597858,FALSE
3658,0.5143935,TRUE
3659,0.6237464,TRUE
3660,0.5899464,TRUE
3661,0.639182,TRUE
3662,0.6072316,TRUE
3663,0.6441501,TRUE
3664,0.49611893,FALSE
3665,0.3866706,FALSE
3666,0.59171426,TRUE
3667,0.3901035,FALSE
3668,0.5333627,TRUE
3669,0.58680487,TRUE
3670,0.53639627,TRUE
3671,0.6047206,TRUE
3672,0.6839364,TRUE
3673,0.5878084,TRUE
3674,0.7160618,TRUE
3675,0.46797138,FALSE
3676,0.6449177,TRUE
3677,0.62109935,TRUE
3678,0.40573144,FALSE
3679,0.5723412,TRUE
3680,0.3949498,FALSE
3681,0.4453315,FALSE
3682,0.31201586,FALSE
3683,0.5402037,TRUE
3684,0.6431766,TRUE
3685,0.37213704,FALSE
3686,0.5271667,TRUE
3687,0.63169837,TRUE
3688,0.42225802,FALSE
3689,0.4086434,FALSE
3690,0.43314844,FALSE
3691,0.5480134,TRUE
3692,0.69646585,TRUE
3693,0.5539035,TRUE
3694,0.5416296,TRUE
3695,0.5702595,TRUE
3696,0.5993785,TRUE
3697,0.6313524,TRUE
3698,0.63037986,TRUE
3699,0.43712312,FALSE
3700,0.61746967,TRUE
3701,0.5957243,TRUE
3702,0.537317,TRUE
3703,0.5774862,TRUE
3704,0.63777834,TRUE
3705,0.567689,TRUE
3706,0.561671,TRUE
3707,0.6209992,TRUE
3708,0.36461157,FALSE
3709,0.4976664,FALSE
3710,0.7321077,TRUE
3711,0.49103147,FALSE
3712,0.5072429,TRUE
3713,0.4782315,FALSE
3714,0.26053318,FALSE
3715,0.597043,TRUE
3716,0.6070689,TRUE
3717,0.45486435,FALSE
3718,0.6056353,TRUE
3719,0.34714046,FALSE
3720,0.53332406,TRUE
3721,0.4946325,FALSE
3722,0.49242926,FALSE
3723,0.5872545,TRUE
3724,0.353414,FALSE
3725,0.47052714,FALSE
3726,0.5781007,TRUE
3727,0.51100564,TRUE
3728,0.53971434,TRUE
3729,0.63079756,TRUE
3730,0.4839392,FALSE
3731,0.4258309,FALSE
3732,0.5762639,TRUE
3733,0.71354467,TRUE
3734,0.6912412,TRUE
3735,0.7292494,TRUE
3736,0.44372287,FALSE
3737,0.5489944,TRUE
3738,0.5422273,TRUE
3739,0.71444345,TRUE
3740,0.4340717,FALSE
3741,0.5483618,TRUE
3742,0.39138353,FALSE
3743,0.5618968,TRUE
3744,0.5939899,TRUE
3745,0.41597775,FALSE
3746,0.6082428,TRUE
3747,0.6050393,TRUE
3748,0.3909185,FALSE
3749,0.39661664,FALSE
3750,0.28440452,FALSE
3751,0.5846748,TRUE
3752,0.6862448,TRUE
3753,0.59414977,TRUE
3754,0.5852207,TRUE
3755,0.5105761,TRUE
3756,0.41663855,FALSE
3757,0.54542696,TRUE
3758,0.4457185,FALSE
3759,0.6001673,TRUE
3760,0.529656,TRUE
3761,0.59063905,TRUE
3762,0.40944052,FALSE
3763,0.39397463,FALSE
3764,0.5034746,TRUE
3765,0.5149432,TRUE
3766,0.52037776,TRUE
3767,0.52133733,TRUE
3768,0.5024387,TRUE
3769,0.57230735,TRUE
3770,0.43692,FALSE
3771,0.5705383,TRUE
3772,0.5989341,TRUE
3773,0.50278676,TRUE
3774,0.3608226,FALSE
3775,0.4377831,FALSE
3776,0.44045475,FALSE
3777,0.58221334,TRUE
3778,0.49033642,FALSE
3779,0.57345384,TRUE
3780,0.5582077,TRUE
3781,0.58977264,TRUE
3782,0.5008437,TRUE
3783,0.5604042,TRUE
3784,0.5833761,TRUE
3785,0.5164406,TRUE
3786,0.5779426,TRUE
3787,0.5614896,TRUE
3788,0.5293654,TRUE
3789,0.57325923,TRUE
3790,0.44843158,FALSE
3791,0.22526573,FALSE
3792,0.43708193,FALSE
3793,0.6170057,TRUE
3794,0.62857795,TRUE
3795,0.5888177,TRUE
3796,0.53676367,TRUE
3797,0.5772848,TRUE
3798,0.5210244,TRUE
3799,0.7526954,TRUE
3800,0.32676056,FALSE
3801,0.46052095,FALSE
3802,0.664972,TRUE
3803,0.5259516,TRUE
3804,0.59850055,TRUE
3805,0.5919734,TRUE
3806,0.66450155,TRUE
3807,0.666633,TRUE
3808,0.40192372,FALSE
3809,0.43833056,FALSE
3810,0.5837684,TRUE
3811,0.62213296,TRUE
3812,0.73945165,TRUE
3813,0.6157139,TRUE
3814,0.6970292,TRUE
3815,0.6487096,TRUE
3816,0.3051668,FALSE
3817,0.4576296,FALSE
3818,0.5902431,TRUE
3819,0.6658662,TRUE
3820,0.4283611,FALSE
3821,0.3945172,FALSE
3822,0.50447935,TRUE
3823,0.59782726,TRUE
3824,0.5184777,TRUE
3825,0.56100607,TRUE
3826,0.42960763,FALSE
3827,0.54110986,TRUE
3828,0.53076905,TRUE
3829,0.5052836,TRUE
3830,0.47361147,FALSE
3831,0.4856832,FALSE
3832,0.42298007,FALSE
3833,0.5019647,TRUE
3834,0.42295426,FALSE
3835,0.44852704,FALSE
3836,0.5082648,TRUE
3837,0.530476,TRUE
3838,0.37380785,FALSE
3839,0.6424399,TRUE
3840,0.32196334,FALSE
3841,0.48076835,FALSE
3842,0.4945454,FALSE
3843,0.50075525,TRUE
3844,0.5715322,TRUE
3845,0.6101073,TRUE
3846,0.58363366,TRUE
3847,0.440525,FALSE
3848,0.5621137,TRUE
3849,0.57276386,TRUE
3850,0.6692449,TRUE
3851,0.5753272,TRUE
3852,0.51526326,TRUE
3853,0.49987677,FALSE
3854,0.42276597,FALSE
3855,0.5443729,TRUE
3856,0.31801853,FALSE
3857,0.51594496,TRUE
3858,0.38022566,FALSE
3859,0.5078407,TRUE
3860,0.42144924,FALSE
3861,0.35458577,FALSE
3862,0.60405445,TRUE
3863,0.4828746,FALSE
3864,0.50807536,TRUE
3865,0.7529806,TRUE
3866,0.50672,TRUE
3867,0.520859,TRUE
3868,0.61093146,TRUE
3869,0.6662691,TRUE
3870,0.43496096,FALSE
3871,0.6991146,TRUE
3872,0.61833626,TRUE
3873,0.41255215,FALSE
3874,0.52908504,TRUE
3875,0.50079924,TRUE
3876,0.5461085,TRUE
3877,0.6428722,TRUE
3878,0.43306464,FALSE
3879,0.47305566,FALSE
3880,0.48324665,FALSE
3881,0.58452743,TRUE
3882,0.5107863,TRUE
3883,0.5247054,TRUE
3884,0.44812393,FALSE
3885,0.4449072,FALSE
3886,0.66984963,TRUE
3887,0.48603633,FALSE
3888,0.45609578,FALSE
3889,0.5301193,TRUE
3890,0.5353617,TRUE
3891,0.4297839,FALSE
3892,0.42977327,FALSE
3893,0.4211773,FALSE
3894,0.47485393,FALSE
3895,0.37090325,FALSE
3896,0.6204161,TRUE
3897,0.37159356,FALSE
3898,0.52778554,TRUE
3899,0.6072812,TRUE
3900,0.5422338,TRUE
3901,0.5146213,TRUE
3902,0.46586668,FALSE
3903,0.5604974,TRUE
3904,0.4651849,FALSE
3905,0.63043195,TRUE
3906,0.56403506,TRUE
3907,0.59731346,TRUE
3908,0.59130806,TRUE
3909,0.34366772,FALSE
3910,0.5645117,TRUE
3911,0.5124158,TRUE
3912,0.4318242,FALSE
3913,0.33726156,FALSE
3914,0.52634984,TRUE
3915,0.5618534,TRUE
3916,0.6657538,TRUE
3917,0.65809786,TRUE
3918,0.5648629,TRUE
3919,0.50043637,TRUE
3920,0.40873727,FALSE
3921,0.52476406,TRUE
3922,0.7628367,TRUE
3923,0.58166957,TRUE
3924,0.5895915,TRUE
3925,0.5872539,TRUE
3926,0.41754925,FALSE
3927,0.590986,TRUE
3928,0.6394588,TRUE
3929,0.6347173,TRUE
3930,0.59513503,TRUE
3931,0.6687996,TRUE
3932,0.56357116,TRUE
3933,0.40807146,FALSE
3934,0.5601771,TRUE
3935,0.39619634,FALSE
3936,0.4329855,FALSE
3937,0.5502481,TRUE
3938,0.56605107,TRUE
3939,0.5491283,TRUE
3940,0.5948628,TRUE
3941,0.7361954,TRUE
3942,0.6186035,TRUE
3943,0.48036858,FALSE
3944,0.61983037,TRUE
3945,0.47864568,FALSE
3946,0.65118504,TRUE
3947,0.31494522,FALSE
3948,0.5890136,TRUE
3949,0.49924546,FALSE
3950,0.39353386,FALSE
3951,0.572426,TRUE
3952,0.75829965,TRUE
3953,0.48225856,FALSE
3954,0.46448758,FALSE
3955,0.60439986,TRUE
3956,0.5361241,TRUE
3957,0.53367025,TRUE
3958,0.64082783,TRUE
3959,0.6879239,TRUE
3960,0.5981072,TRUE
3961,0.5878101,TRUE
3962,0.5192425,TRUE
3963,0.5584468,TRUE
3964,0.5104928,TRUE
3965,0.5066371,TRUE
3966,0.5422247,TRUE
3967,0.4386688,FALSE
3968,0.48188156,FALSE
3969,0.57791924,TRUE
3970,0.56560916,TRUE
3971,0.49213043,FALSE
3972,0.5665275,TRUE
3973,0.43636733,FALSE
3974,0.62693125,TRUE
3975,0.47161406,FALSE
3976,0.7607995,TRUE
3977,0.37131247,FALSE
3978,0.50478685,TRUE
3979,0.52675897,TRUE
3980,0.60946727,TRUE
3981,0.43146807,FALSE
3982,0.61516196,TRUE
3983,0.49461672,FALSE
3984,0.5464474,TRUE
3985,0.51609516,TRUE
3986,0.61699885,TRUE
3987,0.5650597,TRUE
3988,0.5642021,TRUE
3989,0.4184065,FALSE
3990,0.53632474,TRUE
3991,0.36357906,FALSE
3992,0.52076167,TRUE
3993,0.43993828,FALSE
3994,0.46837953,FALSE
3995,0.5665342,TRUE
3996,0.53073174,TRUE
3997,0.65830153,TRUE
3998,0.5263487,TRUE
3999,0.5067202,TRUE
4000,0.5430361,TRUE
4001,0.6379661,TRUE
4002,0.5861599,TRUE
4003,0.5470356,TRUE
4004,0.5264969,TRUE
4005,0.47821596,FALSE
4006,0.49740523,FALSE
4007,0.50180817,TRUE
4008,0.45870188,FALSE
4009,0.56438833,TRUE
4010,0.28299454,FALSE
4011,0.49914804,FALSE
4012,0.6280014,TRUE
4013,0.5994882,TRUE
4014,0.47866592,FALSE
4015,0.7738531,TRUE
4016,0.36229774,FALSE
4017,0.724208,TRUE
4018,0.6226638,TRUE
4019,0.66414714,TRUE
4020,0.5613288,TRUE
4021,0.5083815,TRUE
4022,0.54146135,TRUE
4023,0.44298294,FALSE
4024,0.50711334,TRUE
4025,0.5166381,TRUE
4026,0.4672171,FALSE
4027,0.58579177,TRUE
4028,0.6579058,TRUE
4029,0.538419,TRUE
4030,0.49072775,FALSE
4031,0.61770386,TRUE
4032,0.7206949,TRUE
4033,0.551709,TRUE
4034,0.5585623,TRUE
4035,0.6152843,TRUE
4036,0.4600958,FALSE
4037,0.47461662,FALSE
4038,0.45221522,FALSE
4039,0.6586585,TRUE
4040,0.57430357,TRUE
4041,0.39296243,FALSE
4042,0.45411968,FALSE
4043,0.6358231,TRUE
4044,0.3288104,FALSE
4045,0.47237155,FALSE
4046,0.4179185,FALSE
4047,0.5135107,TRUE
4048,0.43153217,FALSE
4049,0.68869835,TRUE
4050,0.66811323,TRUE
4051,0.48056418,FALSE
4052,0.6451288,TRUE
4053,0.743839,TRUE
4054,0.63069963,TRUE
4055,0.69950217,TRUE
4056,0.5963433,TRUE
4057,0.48650903,FALSE
4058,0.61473453,TRUE
4059,0.3282175,FALSE
4060,0.7400213,TRUE
4061,0.40559754,FALSE
4062,0.4852526,FALSE
4063,0.70899737,TRUE
4064,0.6680081,TRUE
4065,0.54346955,TRUE
4066,0.5105595,TRUE
4067,0.43254575,FALSE
4068,0.55615854,TRUE
4069,0.4165734,FALSE
4070,0.55780464,TRUE
4071,0.5261525,TRUE
4072,0.57073575,TRUE
4073,0.49188995,FALSE
4074,0.542397,TRUE
4075,0.49420354,FALSE
4076,0.55396307,TRUE
4077,0.7373995,TRUE
4078,0.62305397,TRUE
4079,0.43610883,FALSE
4080,0.6554987,TRUE
4081,0.5019804,TRUE
4082,0.5617992,TRUE
4083,0.56750566,TRUE
4084,0.42241344,FALSE
4085,0.65777093,TRUE
4086,0.44526497,FALSE
4087,0.514069,TRUE
4088,0.71675813,TRUE
4089,0.5500687,TRUE
4090,0.6562346,TRUE
4091,0.59578127,TRUE
4092,0.54963505,TRUE
4093,0.54804575,TRUE
4094,0.45191824,FALSE
4095,0.47993353,FALSE
4096,0.49138278,FALSE
4097,0.59630996,TRUE
4098,0.55748886,TRUE
4099,0.62197167,TRUE
4100,0.6342172,TRUE
4101,0.4922385,FALSE
4102,0.51585305,TRUE
4103,0.48918277,FALSE
4104,0.6514446,TRUE
4105,0.531306,TRUE
4106,0.46367782,FALSE
4107,0.53352666,TRUE
4108,0.6056107,TRUE
4109,0.6503718,TRUE
4110,0.55244535,TRUE
4111,0.59231776,TRUE
4112,0.49853125,FALSE
4113,0.5448523,TRUE
4114,0.65884906,TRUE
4115,0.48000547,FALSE
4116,0.61116415,TRUE
4117,0.34742633,FALSE
4118,0.5067632,TRUE
4119,0.44950974,FALSE
4120,0.40044674,FALSE
4121,0.5301869,TRUE
4122,0.51589566,TRUE
4123,0.49361485,FALSE
4124,0.5414109,TRUE
4125,0.48257732,FALSE
4126,0.42769688,FALSE
4127,0.6615609,TRUE
4128,0.36878976,FALSE
4129,0.39773065,FALSE
4130,0.32571188,FALSE
4131,0.561783,TRUE
4132,0.70592207,TRUE
4133,0.40670553,FALSE
4134,0.42414775,FALSE
4135,0.53472435,TRUE
4136,0.520749,TRUE
4137,0.5525353,TRUE
4138,0.4777083,FALSE
4139,0.6688637,TRUE
4140,0.67521185,TRUE
4141,0.6438296,TRUE
4142,0.4820375,FALSE
4143,0.5608418,TRUE
4144,0.3504101,FALSE
4145,0.5490673,TRUE
4146,0.65884155,TRUE
4147,0.6458285,TRUE
4148,0.4435468,FALSE
4149,0.51129544,TRUE
4150,0.4779847,FALSE
4151,0.43802714,FALSE
4152,0.5471724,TRUE
4153,0.5894476,TRUE
4154,0.33926496,FALSE
4155,0.55245185,TRUE
4156,0.5310462,TRUE
4157,0.5316795,TRUE
4158,0.60694486,TRUE
4159,0.5169995,TRUE
4160,0.38910073,FALSE
4161,0.50605124,TRUE
4162,0.5948344,TRUE
4163,0.32919455,FALSE
4164,0.55707043,TRUE
4165,0.5067415,TRUE
4166,0.42912546,FALSE
4167,0.4804246,FALSE
4168,0.47714058,FALSE
4169,0.6138311,TRUE
4170,0.6694261,TRUE
4171,0.52903867,TRUE
4172,0.43192118,FALSE
4173,0.630474,TRUE
4174,0.47792113,FALSE
4175,0.6046794,TRUE
4176,0.48555124,FALSE
4177,0.33117446,FALSE
4178,0.40854716,FALSE
4179,0.44020948,FALSE
4180,0.7276823,TRUE
4181,0.55398786,TRUE
4182,0.597901,TRUE
4183,0.51701474,TRUE
4184,0.5798136,TRUE
4185,0.64682776,TRUE
4186,0.4221941,FALSE
4187,0.5796892,TRUE
4188,0.62045735,TRUE
4189,0.57188475,TRUE
4190,0.5325254,TRUE
4191,0.49621397,FALSE
4192,0.47166502,FALSE
4193,0.5750893,TRUE
4194,0.60534924,TRUE
4195,0.56641275,TRUE
4196,0.44391146,FALSE
4197,0.5571969,TRUE
4198,0.47729063,FALSE
4199,0.53389657,TRUE
4200,0.61677957,TRUE
4201,0.58058316,TRUE
4202,0.53144926,TRUE
4203,0.43163025,FALSE
4204,0.40975925,FALSE
4205,0.5678095,TRUE
4206,0.7307479,TRUE
4207,0.263273,FALSE
4208,0.40344924,FALSE
4209,0.50321466,TRUE
4210,0.61811554,TRUE
4211,0.54655284,TRUE
4212,0.5052759,TRUE
4213,0.5121698,TRUE
4214,0.6397472,TRUE
4215,0.5376125,TRUE
4216,0.70453274,TRUE
4217,0.5236092,TRUE
4218,0.42829654,FALSE
4219,0.55286247,TRUE
4220,0.3751472,FALSE
4221,0.49814674,FALSE
4222,0.5258981,TRUE
4223,0.4773095,FALSE
4224,0.46184886,FALSE
4225,0.4899841,FALSE
4226,0.4200054,FALSE
4227,0.5828215,TRUE
4228,0.5759158,TRUE
4229,0.5549968,TRUE
4230,0.3442573,FALSE
4231,0.38879383,FALSE
4232,0.6171698,TRUE
4233,0.61379945,TRUE
4234,0.6418342,TRUE
4235,0.51298064,TRUE
4236,0.5903517,TRUE
4237,0.5284354,TRUE
4238,0.4693705,FALSE
4239,0.69144297,TRUE
4240,0.48002556,FALSE
4241,0.5787274,TRUE
4242,0.5690592,TRUE
4243,0.4702065,FALSE
4244,0.503145,TRUE
4245,0.35376713,FALSE
4246,0.6410779,TRUE
4247,0.6522634,TRUE
4248,0.33281216,FALSE
4249,0.73938584,TRUE
4250,0.48151317,FALSE
4251,0.64820284,TRUE
4252,0.39298382,FALSE
4253,0.31703913,FALSE
4254,0.6046716,TRUE
4255,0.616089,TRUE
4256,0.49373573,FALSE
4257,0.6352389,TRUE
4258,0.49502388,FALSE
4259,0.5402155,TRUE
4260,0.56205416,TRUE
4261,0.5024157,TRUE
4262,0.56978613,TRUE
4263,0.53024596,TRUE
4264,0.56740284,TRUE
4265,0.38715693,FALSE
4266,0.64395654,TRUE
4267,0.41916287,FALSE
4268,0.60652894,TRUE
4269,0.3638247,FALSE
4270,0.7071024,TRUE
4271,0.46182528,FALSE
4272,0.45487177,FALSE
4273,0.3123949,FALSE
4274,0.562085,TRUE
4275,0.48990846,FALSE
4276,0.4175049,FALSE
4277,0.54749435,TRUE
4278,0.42724782,FALSE
4279,0.4802811,FALSE
4280,0.39783487,FALSE
4281,0.46802726,FALSE
4282,0.646647,TRUE
4283,0.44331977,FALSE
4284,0.49918264,FALSE
4285,0.6156267,TRUE
4286,0.5104262,TRUE
4287,0.58179224,TRUE
4288,0.46498284,FALSE
4289,0.4167609,FALSE
4290,0.67685217,TRUE
4291,0.6800583,TRUE
4292,0.51632667,TRUE
4293,0.5341969,TRUE
4294,0.47952905,FALSE
4295,0.4118794,FALSE
4296,0.43696928,FALSE
4297,0.5595376,TRUE
4298,0.6862041,TRUE
4299,0.5788283,TRUE
4300,0.47755864,FALSE
4301,0.43621683,FALSE
4302,0.6808186,TRUE
4303,0.6224173,TRUE
4304,0.40137348,FALSE
4305,0.5449413,TRUE
4306,0.4487549,FALSE
4307,0.4481288,FALSE
4308,0.56276,TRUE
4309,0.58276004,TRUE
4310,0.38722867,FALSE
4311,0.6150882,TRUE
4312,0.55591357,TRUE
4313,0.5241506,TRUE
4314,0.66784066,TRUE
4315,0.55347764,TRUE
4316,0.480874,FALSE
4317,0.6828534,TRUE
4318,0.585327,TRUE
4319,0.40225238,FALSE
4320,0.5019722,TRUE
4321,0.4972674,FALSE
4322,0.5735123,TRUE
4323,0.5883512,TRUE
4324,0.704034,TRUE
4325,0.65548307,TRUE
4326,0.365125,FALSE
4327,0.48768607,FALSE
4328,0.59393317,TRUE
4329,0.599799,TRUE
4330,0.5261359,TRUE
4331,0.6507679,TRUE
4332,0.44914234,FALSE
4333,0.5075514,TRUE
4334,0.6015232,TRUE
4335,0.46594605,FALSE
4336,0.5528544,TRUE
4337,0.5403006,TRUE
4338,0.49801913,FALSE
4339,0.42858282,FALSE
4340,0.43567702,FALSE
4341,0.6468199,TRUE
4342,0.6219151,TRUE
4343,0.46157712,FALSE
4344,0.42364615,FALSE
4345,0.51480633,TRUE
4346,0.5892122,TRUE
4347,0.4198206,FALSE
4348,0.63464344,TRUE
4349,0.3949768,FALSE
4350,0.6240784,TRUE
4351,0.39298004,FALSE
4352,0.54902905,TRUE
4353,0.5533689,TRUE
4354,0.71113765,TRUE
4355,0.493853,FALSE
4356,0.53094345,TRUE
4357,0.42722532,FALSE
4358,0.51642805,TRUE
4359,0.5626095,TRUE
4360,0.3709828,FALSE
4361,0.49633643,FALSE
4362,0.6488884,TRUE
4363,0.28840077,FALSE
4364,0.6847009,TRUE
4365,0.3335908,FALSE
4366,0.69214725,TRUE
4367,0.43200028,FALSE
4368,0.6480364,TRUE
4369,0.56624335,TRUE
4370,0.56473976,TRUE
4371,0.36227775,FALSE
4372,0.72582227,TRUE
4373,0.573668,TRUE
4374,0.4754246,FALSE
4375,0.62456673,TRUE
4376,0.67454743,TRUE
4377,0.5532609,TRUE
4378,0.73037815,TRUE
4379,0.35462713,FALSE
4380,0.56414974,TRUE
4381,0.6253869,TRUE
4382,0.37013763,FALSE
4383,0.29362077,FALSE
4384,0.5242493,TRUE
4385,0.57423645,TRUE
4386,0.6231768,TRUE
4387,0.5594061,TRUE
4388,0.5975553,TRUE
4389,0.43504664,FALSE
4390,0.45409513,FALSE
4391,0.50537217,TRUE
4392,0.6685349,TRUE
4393,0.61771196,TRUE
4394,0.6312016,TRUE
4395,0.62236416,TRUE
4396,0.59097177,TRUE
4397,0.5549324,TRUE
4398,0.48105755,FALSE
4399,0.66922736,TRUE
4400,0.7405234,TRUE
4401,0.4353356,FALSE
4402,0.5992874,TRUE
4403,0.5172199,TRUE
4404,0.7299589,TRUE
4405,0.50930053,TRUE
4406,0.5082672,TRUE
4407,0.54940444,TRUE
4408,0.5427911,TRUE
4409,0.6347895,TRUE
4410,0.617083,TRUE
4411,0.5140236,TRUE
4412,0.7061702,TRUE
4413,0.50247055,TRUE
4414,0.5682536,TRUE
4415,0.45805,FALSE
4416,0.66339,TRUE
4417,0.39059183,FALSE
4418,0.5451839,TRUE
4419,0.6459997,TRUE
4420,0.51983356,TRUE
4421,0.5981372,TRUE
4422,0.7380364,TRUE
4423,0.6398483,TRUE
4424,0.43409425,FALSE
4425,0.29069173,FALSE
4426,0.41871253,FALSE
4427,0.42112273,FALSE
4428,0.52690446,TRUE
4429,0.47863135,FALSE
4430,0.43463984,FALSE
4431,0.72172296,TRUE
4432,0.597262,TRUE
4433,0.48556015,FALSE
4434,0.45992357,FALSE
4435,0.31126115,FALSE
4436,0.49897107,FALSE
4437,0.32829854,FALSE
4438,0.54706997,TRUE
4439,0.45059243,FALSE
4440,0.6488586,TRUE
4441,0.34512356,FALSE
4442,0.47531998,FALSE
4443,0.5554141,TRUE
4444,0.37088645,FALSE
4445,0.5545553,TRUE
4446,0.52987057,TRUE
4447,0.67953664,TRUE
4448,0.46960652,FALSE
4449,0.6640508,TRUE
4450,0.57817143,TRUE
4451,0.5077949,TRUE
4452,0.47124353,FALSE
4453,0.5550641,TRUE
4454,0.73513997,TRUE
4455,0.6274933,TRUE
4456,0.5306454,TRUE
4457,0.72005093,TRUE
4458,0.68969476,TRUE
4459,0.46178904,FALSE
4460,0.57916427,TRUE
4461,0.6855332,TRUE
4462,0.4315805,FALSE
4463,0.5518019,TRUE
4464,0.4969346,FALSE
4465,0.5633846,TRUE
4466,0.5733183,TRUE
4467,0.53422076,TRUE
4468,0.62026924,TRUE
4469,0.45832425,FALSE
4470,0.5646314,TRUE
4471,0.5029569,TRUE
4472,0.5024129,TRUE
4473,0.51501346,TRUE
4474,0.6036573,TRUE
4475,0.7093929,TRUE
4476,0.51621073,TRUE
4477,0.72799283,TRUE
4478,0.49979213,FALSE
4479,0.5753223,TRUE
4480,0.58442426,TRUE
4481,0.5628683,TRUE
4482,0.4725384,FALSE
4483,0.6858397,TRUE
4484,0.5785728,TRUE
4485,0.45962226,FALSE
4486,0.62779915,TRUE
4487,0.47917828,FALSE
4488,0.49992365,FALSE
4489,0.65311146,TRUE
4490,0.5926762,TRUE
4491,0.49152485,FALSE
4492,0.40891886,FALSE
4493,0.47195297,FALSE
4494,0.41369796,FALSE
4495,0.7314192,TRUE
4496,0.73315436,TRUE
4497,0.5004224,TRUE
4498,0.56769025,TRUE
4499,0.48957494,FALSE
4500,0.5598269,TRUE
4501,0.59415895,TRUE
4502,0.37709716,FALSE
4503,0.6254331,TRUE
4504,0.635316,TRUE
4505,0.44791374,FALSE
4506,0.59484476,TRUE
4507,0.6124275,TRUE
4508,0.6615224,TRUE
4509,0.41167408,FALSE
4510,0.48826915,FALSE
4511,0.5838525,TRUE
4512,0.40199086,FALSE
4513,0.3825338,FALSE
4514,0.7052667,TRUE
4515,0.56340647,TRUE
4516,0.4929012,FALSE
4517,0.45496956,FALSE
4518,0.60005087,TRUE
4519,0.5377209,TRUE
4520,0.7327819,TRUE
4521,0.34969705,FALSE
4522,0.5825628,TRUE
4523,0.47385103,FALSE
4524,0.4218381,FALSE
4525,0.41654417,FALSE
4526,0.47625184,FALSE
4527,0.36599326,FALSE
4528,0.5728145,TRUE
4529,0.6277015,TRUE
4530,0.51230514,TRUE
4531,0.38980973,FALSE
4532,0.60521185,TRUE
4533,0.52142376,TRUE
4534,0.55518496,TRUE
4535,0.6978885,TRUE
4536,0.5883656,TRUE
4537,0.5142362,TRUE
4538,0.53763,TRUE
4539,0.57497185,TRUE
4540,0.5233732,TRUE
4541,0.42306992,FALSE
4542,0.5788839,TRUE
4543,0.41832623,FALSE
4544,0.7161248,TRUE
4545,0.52771074,TRUE
4546,0.42710447,FALSE
4547,0.53718776,TRUE
4548,0.5489302,TRUE
4549,0.4207828,FALSE
4550,0.748535,TRUE
4551,0.5610903,TRUE
4552,0.52737796,TRUE
4553,0.35856614,FALSE
4554,0.6142921,TRUE
4555,0.63076884,TRUE
4556,0.45694473,FALSE
4557,0.6490177,TRUE
4558,0.46570295,FALSE
4559,0.59274685,TRUE
4560,0.47610715,FALSE
4561,0.5695835,TRUE
4562,0.36748728,FALSE
4563,0.53319716,TRUE
4564,0.5286946,TRUE
4565,0.6314613,TRUE
4566,0.43119082,FALSE
4567,0.48439512,FALSE
4568,0.49123046,FALSE
4569,0.6601292,TRUE
4570,0.45582724,FALSE
4571,0.34233266,FALSE
4572,0.49199986,FALSE
4573,0.41292396,FALSE
4574,0.65322673,TRUE
4575,0.6754018,TRUE
4576,0.5861186,TRUE
4577,0.5625951,TRUE
4578,0.6145311,TRUE
4579,0.48083284,FALSE
4580,0.6080669,TRUE
4581,0.5137343,TRUE
4582,0.57546115,TRUE
4583,0.36819074,FALSE
4584,0.54933,TRUE
4585,0.5441965,TRUE
4586,0.55448055,TRUE
4587,0.30502236,FALSE
4588,0.5600764,TRUE
4589,0.5144101,TRUE
4590,0.41503713,FALSE
4591,0.30739254,FALSE
4592,0.6097383,TRUE
4593,0.2810627,FALSE
4594,0.54948586,TRUE
4595,0.5237639,TRUE
4596,0.508005,TRUE
4597,0.46783042,FALSE
4598,0.6475689,TRUE
4599,0.49063125,FALSE
4600,0.42622665,FALSE
4601,0.6114808,TRUE
4602,0.5678312,TRUE
4603,0.54355013,TRUE
4604,0.42092437,FALSE
4605,0.7104989,TRUE
4606,0.5158258,TRUE
4607,0.5636543,TRUE
4608,0.55279726,TRUE
4609,0.49079755,FALSE
4610,0.475334,FALSE
4611,0.5479227,TRUE
4612,0.53518254,TRUE
4613,0.6555548,TRUE
4614,0.6131852,TRUE
4615,0.37212673,FALSE
4616,0.30004725,FALSE
4617,0.303149,FALSE
4618,0.5703517,TRUE
4619,0.5329289,TRUE
4620,0.66271794,TRUE
4621,0.56454223,TRUE
4622,0.509224,TRUE
4623,0.552117,TRUE
4624,0.5832751,TRUE
4625,0.43801287,FALSE
4626,0.5788607,TRUE
4627,0.5003989,TRUE
4628,0.64183843,TRUE
4629,0.4888464,FALSE
4630,0.5531745,TRUE
4631,0.46590838,FALSE
4632,0.4576123,FALSE
4633,0.5845178,TRUE
4634,0.58226335,TRUE
4635,0.4925499,FALSE
4636,0.536044,TRUE
4637,0.4206229,FALSE
4638,0.59829175,TRUE
4639,0.66705114,TRUE
4640,0.4778592,FALSE
4641,0.5328459,TRUE
4642,0.50879973,TRUE
4643,0.5885307,TRUE
4644,0.63154775,TRUE
4645,0.6815355,TRUE
4646,0.5077044,TRUE
4647,0.43831605,FALSE
4648,0.55031157,TRUE
4649,0.4633978,FALSE
4650,0.44685665,FALSE
4651,0.6568197,TRUE
4652,0.4539502,FALSE
4653,0.5335562,TRUE
4654,0.5341417,TRUE
4655,0.53670156,TRUE
4656,0.38974583,FALSE
4657,0.54309505,TRUE
4658,0.4674872,FALSE
4659,0.6365981,TRUE
4660,0.551669,TRUE
4661,0.5246933,TRUE
4662,0.5026008,TRUE
4663,0.6671364,TRUE
4664,0.61361367,TRUE
4665,0.5750408,TRUE
4666,0.35736993,FALSE
4667,0.62621385,TRUE
4668,0.49425918,FALSE
4669,0.53024036,TRUE
4670,0.53466344,TRUE
4671,0.4723313,FALSE
4672,0.47312158,FALSE
4673,0.58354706,TRUE
4674,0.5921845,TRUE
4675,0.58733875,TRUE
4676,0.56113017,TRUE
4677,0.4258819,FALSE
4678,0.33942148,FALSE
4679,0.5509383,TRUE
4680,0.5602463,TRUE
4681,0.27325466,FALSE
4682,0.66449606,TRUE
4683,0.5475003,TRUE
4684,0.6349508,TRUE
4685,0.621035,TRUE
4686,0.5806164,TRUE
4687,0.52810615,TRUE
4688,0.46876222,FALSE
4689,0.5608212,TRUE
4690,0.48012888,FALSE
4691,0.5632099,TRUE
4692,0.5999202,TRUE
4693,0.49541414,FALSE
4694,0.50924504,TRUE
4695,0.5225406,TRUE
4696,0.6041364,TRUE
4697,0.3088458,FALSE
4698,0.66035753,TRUE
4699,0.5200395,TRUE
4700,0.6090395,TRUE
4701,0.45056087,FALSE
4702,0.6370883,TRUE
4703,0.3172124,FALSE
4704,0.63336617,TRUE
4705,0.4941708,FALSE
4706,0.34916776,FALSE
4707,0.5411541,TRUE
4708,0.366435,FALSE
4709,0.61288303,TRUE
4710,0.4981267,FALSE
4711,0.53741115,TRUE
4712,0.67014956,TRUE
4713,0.5680491,TRUE
4714,0.4247853,FALSE
4715,0.5740253,TRUE
4716,0.57223564,TRUE
4717,0.5390543,TRUE
4718,0.537947,TRUE
4719,0.4436797,FALSE
4720,0.52237153,TRUE
4721,0.48336288,FALSE
4722,0.5193874,TRUE
4723,0.5402161,TRUE
4724,0.5518515,TRUE
4725,0.62793905,TRUE
4726,0.58984166,TRUE
4727,0.6297582,TRUE
4728,0.63627905,TRUE
4729,0.4949443,FALSE
4730,0.5096344,TRUE
4731,0.703121,TRUE
4732,0.37170386,FALSE
4733,0.47360584,FALSE
4734,0.54521006,TRUE
4735,0.6476364,TRUE
4736,0.4811433,FALSE
4737,0.6230454,TRUE
4738,0.68134886,TRUE
4739,0.67362994,TRUE
4740,0.51629436,TRUE
4741,0.5549117,TRUE
4742,0.6250731,TRUE
4743,0.39328107,FALSE
4744,0.5530477,TRUE
4745,0.6129579,TRUE
4746,0.48777083,FALSE
4747,0.3692958,FALSE
4748,0.5148821,TRUE
4749,0.6931454,TRUE
4750,0.4513024,FALSE
4751,0.47680217,FALSE
4752,0.57524014,TRUE
4753,0.60342443,TRUE
4754,0.48739323,FALSE
4755,0.42818603,FALSE
4756,0.5183846,TRUE
4757,0.5663744,TRUE
4758,0.6071662,TRUE
4759,0.54688096,TRUE
4760,0.42446315,FALSE
4761,0.5639168,TRUE
4762,0.7609123,TRUE
4763,0.61636543,TRUE
4764,0.47227213,FALSE
4765,0.5186604,TRUE
4766,0.5048958,TRUE
4767,0.6689664,TRUE
4768,0.5909569,TRUE
4769,0.55780953,TRUE
4770,0.5535983,TRUE
4771,0.3060489,FALSE
4772,0.6552208,TRUE
4773,0.40372896,FALSE
4774,0.46441093,FALSE
4775,0.38495177,FALSE
4776,0.618918,TRUE
4777,0.49015635,FALSE
4778,0.68673193,TRUE
4779,0.31557846,FALSE
4780,0.3483551,FALSE
4781,0.75914747,TRUE
4782,0.40058228,FALSE
4783,0.4559534,FALSE
4784,0.36404547,FALSE
4785,0.4517314,FALSE
4786,0.57739395,TRUE
4787,0.4654025,FALSE
4788,0.6467088,TRUE
4789,0.5453272,TRUE
4790,0.63240606,TRUE
4791,0.59506804,TRUE
4792,0.31236455,FALSE
4793,0.59535843,TRUE
4794,0.6876794,TRUE
4795,0.52568555,TRUE
4796,0.38567865,FALSE
4797,0.25577435,FALSE
4798,0.48284614,FALSE
4799,0.44094583,FALSE
4800,0.5804008,TRUE
4801,0.50765175,TRUE
4802,0.46961638,FALSE
4803,0.5855673,TRUE
4804,0.5028848,TRUE
4805,0.59714115,TRUE
4806,0.6733674,TRUE
4807,0.47877723,FALSE
4808,0.5862681,TRUE
4809,0.6640499,TRUE
4810,0.4271152,FALSE
4811,0.4938501,FALSE
4812,0.55395615,TRUE
4813,0.49339837,FALSE
4814,0.43020043,FALSE
4815,0.5469384,TRUE
4816,0.6228714,TRUE
4817,0.7046077,TRUE
4818,0.47017917,FALSE
4819,0.5888945,TRUE
4820,0.56072146,TRUE
4821,0.46427494,FALSE
4822,0.5498053,TRUE
4823,0.5666993,TRUE
4824,0.56987613,TRUE
4825,0.58422303,TRUE
4826,0.6250612,TRUE
4827,0.6691228,TRUE
4828,0.46957967,FALSE
4829,0.62694967,TRUE
4830,0.53931874,TRUE
4831,0.60816294,TRUE
4832,0.5070127,TRUE
4833,0.55340946,TRUE
4834,0.550178,TRUE
4835,0.40489304,FALSE
4836,0.47897232,FALSE
4837,0.37267065,FALSE
4838,0.55259204,TRUE
4839,0.57493037,TRUE
4840,0.5027107,TRUE
4841,0.49655265,FALSE
4842,0.70640314,TRUE
4843,0.48836055,FALSE
4844,0.6011641,TRUE
4845,0.58744633,TRUE
4846,0.65322596,TRUE
4847,0.52319735,TRUE
4848,0.63349307,TRUE
4849,0.5992349,TRUE
4850,0.50379443,TRUE
4851,0.67446685,TRUE
4852,0.45749244,FALSE
4853,0.41745612,FALSE
4854,0.50312483,TRUE
4855,0.5445552,TRUE
4856,0.53289276,TRUE
4857,0.6625957,TRUE
4858,0.5090465,TRUE
4859,0.5274939,TRUE
4860,0.5693434,TRUE
4861,0.38914734,FALSE
4862,0.36757728,FALSE
4863,0.47044322,FALSE
4864,0.5418206,TRUE
4865,0.49397308,FALSE
4866,0.4678874,FALSE
4867,0.5354536,TRUE
4868,0.7811274,TRUE
4869,0.6984659,TRUE
4870,0.62909997,TRUE
4871,0.53062457,TRUE
4872,0.4846419,FALSE
4873,0.4772053,FALSE
4874,0.57215714,TRUE
4875,0.6079584,TRUE
4876,0.6303938,TRUE
4877,0.5697134,TRUE
4878,0.5197039,TRUE
4879,0.3419935,FALSE
4880,0.59828246,TRUE
4881,0.6689144,TRUE
4882,0.6227111,TRUE
4883,0.50308543,TRUE
4884,0.5847313,TRUE
4885,0.70946634,TRUE
4886,0.36556897,FALSE
4887,0.4267616,FALSE
4888,0.35952204,FALSE
4889,0.40740186,FALSE
4890,0.6644295,TRUE
4891,0.6319983,TRUE
4892,0.6726889,TRUE
4893,0.6595517,TRUE
4894,0.6323133,TRUE
4895,0.5882949,TRUE
4896,0.37880236,FALSE
4897,0.41442668,FALSE
4898,0.6090566,TRUE
4899,0.5940596,TRUE
4900,0.37328902,FALSE
4901,0.5170186,TRUE
4902,0.41344252,FALSE
4903,0.54800403,TRUE
4904,0.43941495,FALSE
4905,0.4564535,FALSE
4906,0.5259422,TRUE
4907,0.5190881,TRUE
4908,0.44492188,FALSE
4909,0.72480804,TRUE
4910,0.43870878,FALSE
4911,0.694162,TRUE
4912,0.44065958,FALSE
4913,0.36868912,FALSE
4914,0.62399715,TRUE
4915,0.35453627,FALSE
4916,0.5436941,TRUE
4917,0.47611338,FALSE
4918,0.5066653,TRUE
4919,0.7137102,TRUE
4920,0.71643513,TRUE
4921,0.53417146,TRUE
4922,0.6639523,TRUE
4923,0.55961275,TRUE
4924,0.7148,TRUE
4925,0.4415408,FALSE
4926,0.7516741,TRUE
4927,0.5379973,TRUE
4928,0.6669389,TRUE
4929,0.68919796,TRUE
4930,0.56298137,TRUE
4931,0.6494473,TRUE
4932,0.5237527,TRUE
4933,0.525546,TRUE
4934,0.3619489,FALSE
4935,0.7086542,TRUE
4936,0.5220219,TRUE
4937,0.5705963,TRUE
4938,0.4978049,FALSE
4939,0.6148795,TRUE
4940,0.48043165,FALSE
4941,0.43773222,FALSE
4942,0.40851885,FALSE
4943,0.6371132,TRUE
4944,0.49637553,FALSE
4945,0.6572916,TRUE
4946,0.42632607,FALSE
4947,0.6707156,TRUE
4948,0.6399532,TRUE
4949,0.5437318,TRUE
4950,0.47970378,FALSE
4951,0.42276588,FALSE
4952,0.5367883,TRUE
4953,0.52627265,TRUE
4954,0.54922426,TRUE
4955,0.4115146,FALSE
4956,0.5974729,TRUE
4957,0.672732,TRUE
4958,0.4872364,FALSE
4959,0.38972577,FALSE
4960,0.58583516,TRUE
4961,0.73922,TRUE
4962,0.36487177,FALSE
4963,0.6302061,TRUE
4964,0.3537876,FALSE
4965,0.6475369,TRUE
4966,0.45816395,FALSE
4967,0.703918,TRUE
4968,0.5681626,TRUE
4969,0.74735343,TRUE
4970,0.48044947,FALSE
4971,0.62359536,TRUE
4972,0.79456335,TRUE
4973,0.5256784,TRUE
4974,0.6063937,TRUE
4975,0.66588646,TRUE
4976,0.4996341,FALSE
4977,0.480728,FALSE
4978,0.30630815,FALSE
4979,0.35780442,FALSE
4980,0.62525725,TRUE
4981,0.49827567,FALSE
4982,0.54995996,TRUE
4983,0.5257893,TRUE
4984,0.566584,TRUE
4985,0.3326132,FALSE
4986,0.5879308,TRUE
4987,0.4974425,FALSE
4988,0.30470672,FALSE
4989,0.39877293,FALSE
4990,0.4357685,FALSE
4991,0.69345856,TRUE
4992,0.43359017,FALSE
4993,0.4768198,FALSE
4994,0.47323185,FALSE
4995,0.4832474,FALSE
4996,0.51092696,TRUE
4997,0.6531802,TRUE
4998,0.70079434,TRUE
4999,0.4816017,FALSE
5000,0.5616268,TRUE
5001,0.63401526,TRUE
5002,0.53946924,TRUE
5003,0.4707069,FALSE
5004,0.54198307,TRUE
5005,0.6282258,TRUE
5006,0.56938463,TRUE
5007,0.4980125,FALSE
5008,0.66071284,TRUE
5009,0.55527246,TRUE
5010,0.5353025,TRUE
5011,0.48847017,FALSE
5012,0.67310077,TRUE
5013,0.41826007,FALSE
5014,0.5534004,TRUE
5015,0.55239266,TRUE
5016,0.5848066,TRUE
5017,0.50437915,TRUE
5018,0.50118524,TRUE
5019,0.56589466,TRUE
5020,0.55340445,TRUE
5021,0.40916932,FALSE
5022,0.6408001,TRUE
5023,0.49175665,FALSE
5024,0.67417175,TRUE
5025,0.6073815,TRUE
5026,0.6000427,TRUE
5027,0.7057947,TRUE
5028,0.48325914,FALSE
5029,0.3334505,FALSE
5030,0.48403355,FALSE
5031,0.6488414,TRUE
5032,0.51396644,TRUE
5033,0.39268032,FALSE
5034,0.5627977,TRUE
5035,0.46642306,FALSE
5036,0.52723664,TRUE
5037,0.6227322,TRUE
5038,0.62716717,TRUE
5039,0.43446842,FALSE
5040,0.48972145,FALSE
5041,0.36382493,FALSE
5042,0.562862,TRUE
5043,0.6648626,TRUE
5044,0.43605068,FALSE
5045,0.61632746,TRUE
5046,0.6696363,TRUE
5047,0.50874233,TRUE
5048,0.5863388,TRUE
5049,0.6997501,TRUE
5050,0.5264807,TRUE
5051,0.29536545,FALSE
5052,0.67733455,TRUE
5053,0.6326884,TRUE
5054,0.4719545,FALSE
5055,0.5438482,TRUE
5056,0.66359425,TRUE
5057,0.4208995,FALSE
5058,0.5070789,TRUE
5059,0.66343826,TRUE
5060,0.614187,TRUE
5061,0.5851081,TRUE
5062,0.46629384,FALSE
5063,0.4522642,FALSE
5064,0.5729731,TRUE
5065,0.44922143,FALSE
5066,0.66147304,TRUE
5067,0.578375,TRUE
5068,0.69688296,TRUE
5069,0.61390036,TRUE
5070,0.50573975,TRUE
5071,0.6591034,TRUE
5072,0.48659658,FALSE
5073,0.5802069,TRUE
5074,0.32046333,FALSE
5075,0.491692,FALSE
5076,0.6545576,TRUE
5077,0.47732994,FALSE
5078,0.5799667,TRUE
5079,0.55638725,TRUE
5080,0.7462718,TRUE
5081,0.44521612,FALSE
5082,0.452766,FALSE
5083,0.66648346,TRUE
5084,0.4658645,FALSE
5085,0.7161529,TRUE
5086,0.45435664,FALSE
5087,0.3710412,FALSE
5088,0.5924816,TRUE
5089,0.5217676,TRUE
5090,0.5726027,TRUE
5091,0.57918274,TRUE
5092,0.5966323,TRUE
5093,0.4562748,FALSE
5094,0.58837384,TRUE
5095,0.6164045,TRUE
5096,0.5436422,TRUE
5097,0.4779834,FALSE
5098,0.49575698,FALSE
5099,0.5521575,TRUE
5100,0.41222495,FALSE
5101,0.71058303,TRUE
5102,0.57752085,TRUE
5103,0.5777455,TRUE
5104,0.52939874,TRUE
5105,0.6311728,TRUE
5106,0.42280415,FALSE
5107,0.48351625,FALSE
5108,0.5250025,TRUE
5109,0.5321044,TRUE
5110,0.7146466,TRUE
5111,0.6327434,TRUE
5112,0.40926078,FALSE
5113,0.616228,TRUE
5114,0.6195685,TRUE
5115,0.5878857,TRUE
5116,0.5971941,TRUE
5117,0.46771768,FALSE
5118,0.7144006,TRUE
5119,0.46496633,FALSE
5120,0.45242846,FALSE
5121,0.6599883,TRUE
5122,0.48819035,FALSE
5123,0.5014011,TRUE
5124,0.56078374,TRUE
5125,0.6152111,TRUE
5126,0.55506545,TRUE
5127,0.58486027,TRUE
5128,0.41524413,FALSE
5129,0.6860007,TRUE
5130,0.65927404,TRUE
5131,0.43180078,FALSE
5132,0.52926904,TRUE
5133,0.7035795,TRUE
5134,0.45760053,FALSE
5135,0.59287316,TRUE
5136,0.49274915,FALSE
5137,0.63578147,TRUE
5138,0.5241021,TRUE
5139,0.6719196,TRUE
5140,0.49886605,FALSE
5141,0.3820309,FALSE
5142,0.51409376,TRUE
5143,0.580494,TRUE
5144,0.2686542,FALSE
5145,0.31228277,FALSE
5146,0.40168837,FALSE
5147,0.6566584,TRUE
5148,0.35576683,FALSE
5149,0.47210765,FALSE
5150,0.54857314,TRUE
5151,0.59202427,TRUE
5152,0.49934864,FALSE
5153,0.4619642,FALSE
5154,0.42071387,FALSE
5155,0.59197944,TRUE
5156,0.43703744,FALSE
5157,0.4574859,FALSE
5158,0.4293478,FALSE
5159,0.6691105,TRUE
5160,0.6524044,TRUE
5161,0.5193132,TRUE
5162,0.63514066,TRUE
5163,0.50712115,TRUE
5164,0.74006104,TRUE
5165,0.5010878,TRUE
5166,0.50936425,TRUE
5167,0.5829807,TRUE
5168,0.45631883,FALSE
5169,0.5509792,TRUE
5170,0.61565864,TRUE
5171,0.6199893,TRUE
5172,0.32767096,FALSE
5173,0.5775975,TRUE
5174,0.5465903,TRUE
5175,0.61386186,TRUE
5176,0.56393355,TRUE
5177,0.6586152,TRUE
5178,0.5580512,TRUE
5179,0.65132457,TRUE
5180,0.36917976,FALSE
5181,0.27452955,FALSE
5182,0.5351584,TRUE
5183,0.6868057,TRUE
5184,0.37234545,FALSE
5185,0.6384022,TRUE
5186,0.4587728,FALSE
5187,0.44514096,FALSE
5188,0.725819,TRUE
5189,0.63661104,TRUE
5190,0.64678156,TRUE
5191,0.63878614,TRUE
5192,0.51948726,TRUE
5193,0.6568539,TRUE
5194,0.61588526,TRUE
5195,0.4259826,FALSE
5196,0.42903072,FALSE
5197,0.7216389,TRUE
5198,0.56428915,TRUE
5199,0.56958693,TRUE
5200,0.6290234,TRUE
5201,0.67563736,TRUE
5202,0.47025698,FALSE
5203,0.42351454,FALSE
5204,0.45257518,FALSE
5205,0.45570883,FALSE
5206,0.5096035,TRUE
5207,0.5505078,TRUE
5208,0.6065873,TRUE
5209,0.5105025,TRUE
5210,0.52354103,TRUE
5211,0.43585604,FALSE
5212,0.67066616,TRUE
5213,0.35417315,FALSE
5214,0.44623682,FALSE
5215,0.70091784,TRUE
5216,0.3866582,FALSE
5217,0.57323825,TRUE
5218,0.4330766,FALSE
5219,0.5625624,TRUE
5220,0.7232698,TRUE
5221,0.44090354,FALSE
5222,0.5462823,TRUE
5223,0.47913942,FALSE
5224,0.68855685,TRUE
5225,0.5483577,TRUE
5226,0.62585306,TRUE
5227,0.47601852,FALSE
5228,0.35673702,FALSE
5229,0.5180043,TRUE
5230,0.5616888,TRUE
5231,0.4552476,FALSE
5232,0.5393421,TRUE
5233,0.7090322,TRUE
5234,0.42822894,FALSE
5235,0.54995066,TRUE
5236,0.5665014,TRUE
5237,0.6357102,TRUE
5238,0.49389526,FALSE
5239,0.47003758,FALSE
5240,0.52909774,TRUE
5241,0.5320057,TRUE
5242,0.49593955,FALSE
5243,0.453026,FALSE
5244,0.6046445,TRUE
5245,0.65922195,TRUE
5246,0.5122844,TRUE
5247,0.53964776,TRUE
5248,0.2825336,FALSE
5249,0.5093182,TRUE
5250,0.47202188,FALSE
5251,0.5966257,TRUE
5252,0.4896756,FALSE
5253,0.5395387,TRUE
5254,0.5328921,TRUE
5255,0.62866026,TRUE
5256,0.58614886,TRUE
5257,0.6022293,TRUE
5258,0.6411463,TRUE
5259,0.6674636,TRUE
5260,0.688511,TRUE
5261,0.56685454,TRUE
5262,0.6891035,TRUE
5263,0.5595323,TRUE
5264,0.44358554,FALSE
5265,0.4990022,FALSE
5266,0.50560844,TRUE
5267,0.67555314,TRUE
5268,0.64875543,TRUE
5269,0.5381627,TRUE
5270,0.5839518,TRUE
5271,0.6047697,TRUE
5272,0.41682905,FALSE
5273,0.530802,TRUE
5274,0.46746218,FALSE
5275,0.3569116,FALSE
5276,0.5293189,TRUE
5277,0.49185154,FALSE
5278,0.62273854,TRUE
5279,0.60529554,TRUE
5280,0.59747237,TRUE
5281,0.5036852,TRUE
5282,0.6580351,TRUE
5283,0.36518082,FALSE
5284,0.5339069,TRUE
5285,0.5696165,TRUE
5286,0.5018062,TRUE
5287,0.55251443,TRUE
5288,0.6215599,TRUE
5289,0.5979552,TRUE
5290,0.5218561,TRUE
5291,0.54812896,TRUE
5292,0.41435623,FALSE
5293,0.64634943,TRUE
5294,0.75155544,TRUE
5295,0.612829,TRUE
5296,0.5382821,TRUE
5297,0.53927743,TRUE
5298,0.76737624,TRUE
5299,0.5582795,TRUE
5300,0.524768,TRUE
5301,0.7049439,TRUE
5302,0.5321003,TRUE
5303,0.30205932,FALSE
5304,0.5347398,TRUE
5305,0.53380394,TRUE
5306,0.41027954,FALSE
5307,0.3800664,FALSE
5308,0.57407373,TRUE
5309,0.44168845,FALSE
5310,0.53877527,TRUE
5311,0.4173282,FALSE
5312,0.5424807,TRUE
5313,0.56903505,TRUE
5314,0.71211743,TRUE
5315,0.31227633,FALSE
5316,0.5944219,TRUE
5317,0.56530386,TRUE
5318,0.534466,TRUE
5319,0.7253501,TRUE
5320,0.529071,TRUE
5321,0.5951738,TRUE
5322,0.58333653,TRUE
5323,0.5345115,TRUE
5324,0.48136914,FALSE
5325,0.5465058,TRUE
5326,0.3326328,FALSE
5327,0.44793427,FALSE
5328,0.4961667,FALSE
5329,0.42719406,FALSE
5330,0.49533552,FALSE
5331,0.6659349,TRUE
5332,0.38699266,FALSE
5333,0.7519351,TRUE
5334,0.5036215,TRUE
5335,0.6928314,TRUE
5336,0.47227976,FALSE
5337,0.3514066,FALSE
5338,0.51131845,TRUE
5339,0.3729644,FALSE
5340,0.72698385,TRUE
5341,0.49668205,FALSE
5342,0.5527373,TRUE
5343,0.57657737,TRUE
5344,0.6220969,TRUE
5345,0.46155718,FALSE
5346,0.45873627,FALSE
5347,0.5553801,TRUE
5348,0.51193935,TRUE
5349,0.4800978,FALSE
5350,0.5474517,TRUE
5351,0.40955535,FALSE
5352,0.4661892,FALSE
5353,0.62167966,TRUE
5354,0.5671364,TRUE
5355,0.51787055,TRUE
5356,0.5780433,TRUE
5357,0.6355898,TRUE
5358,0.47961208,FALSE
5359,0.6410287,TRUE
5360,0.5849605,TRUE
5361,0.673187,TRUE
5362,0.5430935,TRUE
5363,0.6020427,TRUE
5364,0.68567795,TRUE
5365,0.58040893,TRUE
5366,0.5113523,TRUE
5367,0.5882745,TRUE
5368,0.48934448,FALSE
5369,0.6280292,TRUE
5370,0.570881,TRUE
5371,0.6416193,TRUE
5372,0.5631153,TRUE
5373,0.4335395,FALSE
5374,0.6058976,TRUE
5375,0.6472072,TRUE
5376,0.6138084,TRUE
5377,0.4187293,FALSE
5378,0.49896494,FALSE
5379,0.42784175,FALSE
5380,0.46210954,FALSE
5381,0.5620037,TRUE
5382,0.65596515,TRUE
5383,0.45507762,FALSE
5384,0.5011535,TRUE
5385,0.443179,FALSE
5386,0.48007536,FALSE
5387,0.5068458,TRUE
5388,0.5988401,TRUE
5389,0.28953323,FALSE
5390,0.3749692,FALSE
5391,0.54807067,TRUE
5392,0.45727634,FALSE
5393,0.58028525,TRUE
5394,0.4994772,FALSE
5395,0.51971394,TRUE
5396,0.63216084,TRUE
5397,0.43794337,FALSE
5398,0.44994855,FALSE
5399,0.5967617,TRUE
5400,0.49505576,FALSE
5401,0.6171959,TRUE
5402,0.462568,FALSE
5403,0.46938992,FALSE
5404,0.48440728,FALSE
5405,0.5577603,TRUE
5406,0.3740511,FALSE
5407,0.5727267,TRUE
5408,0.4293592,FALSE
5409,0.5377845,TRUE
5410,0.6257924,TRUE
5411,0.5792389,TRUE
5412,0.5101541,TRUE
5413,0.46000803,FALSE
5414,0.41592944,FALSE
5415,0.6362643,TRUE
5416,0.470743,FALSE
5417,0.5239973,TRUE
5418,0.49539962,FALSE
5419,0.5104703,TRUE
5420,0.64903456,TRUE
5421,0.446924,FALSE
5422,0.6555934,TRUE
5423,0.6695477,TRUE
5424,0.5018378,TRUE
5425,0.35419554,FALSE
5426,0.5210325,TRUE
5427,0.41721225,FALSE
5428,0.6708694,TRUE
5429,0.4777375,FALSE
5430,0.5822027,TRUE
5431,0.44725287,FALSE
5432,0.6868326,TRUE
5433,0.32802078,FALSE
5434,0.65755373,TRUE
5435,0.56354696,TRUE
5436,0.5512467,TRUE
5437,0.49951443,FALSE
5438,0.5876954,TRUE
5439,0.62742627,TRUE
5440,0.56249267,TRUE
5441,0.5330611,TRUE
5442,0.48929,FALSE
5443,0.55200326,TRUE
5444,0.56387347,TRUE
5445,0.39802802,FALSE
5446,0.4695686,FALSE
5447,0.53978086,TRUE
5448,0.51426864,TRUE
5449,0.4520121,FALSE
5450,0.7328466,TRUE
5451,0.6247295,TRUE
5452,0.53526026,TRUE
5453,0.6560084,TRUE
5454,0.6308289,TRUE
5455,0.48027205,FALSE
5456,0.52987075,TRUE
5457,0.6665405,TRUE
5458,0.59368867,TRUE
5459,0.67707765,TRUE
5460,0.5870499,TRUE
5461,0.7141044,TRUE
5462,0.59710276,TRUE
5463,0.65723723,TRUE
5464,0.49405363,FALSE
5465,0.50444555,TRUE
5466,0.55712116,TRUE
5467,0.50008214,TRUE
5468,0.66173077,TRUE
5469,0.71069306,TRUE
5470,0.46412104,FALSE
5471,0.3919658,FALSE
5472,0.61535674,TRUE
5473,0.5450501,TRUE
5474,0.523846,TRUE
5475,0.5708132,TRUE
5476,0.55949384,TRUE
5477,0.42219058,FALSE
5478,0.72637457,TRUE
5479,0.5821598,TRUE
5480,0.5390636,TRUE
5481,0.4814876,FALSE
5482,0.6355038,TRUE
5483,0.46239555,FALSE
5484,0.42944586,FALSE
5485,0.6367254,TRUE
5486,0.5521082,TRUE
5487,0.4758937,FALSE
5488,0.5979166,TRUE
5489,0.5794605,TRUE
5490,0.47668192,FALSE
5491,0.6679298,TRUE
5492,0.6026179,TRUE
5493,0.6765257,TRUE
5494,0.5563845,TRUE
5495,0.5830308,TRUE
5496,0.70435923,TRUE
5497,0.4563148,FALSE
5498,0.62161607,TRUE
5499,0.5049403,TRUE
5500,0.48866925,FALSE
5501,0.41826156,FALSE
5502,0.47573033,FALSE
5503,0.5235983,TRUE
5504,0.573761,TRUE
5505,0.5934955,TRUE
5506,0.44670564,FALSE
5507,0.40265656,FALSE
5508,0.52116525,TRUE
5509,0.49286863,FALSE
5510,0.4755787,FALSE
5511,0.53893477,TRUE
5512,0.69454175,TRUE
5513,0.54361135,TRUE
5514,0.5855436,TRUE
5515,0.5810707,TRUE
5516,0.70743006,TRUE
5517,0.46777764,FALSE
5518,0.56058294,TRUE
5519,0.45251995,FALSE
5520,0.6324464,TRUE
5521,0.5178521,TRUE
5522,0.629224,TRUE
5523,0.4779658,FALSE
5524,0.6008714,TRUE
5525,0.64112175,TRUE
5526,0.7036115,TRUE
5527,0.5446165,TRUE
5528,0.4381535,FALSE
5529,0.53700817,TRUE
5530,0.47400874,FALSE
5531,0.72029763,TRUE
5532,0.45839867,FALSE
5533,0.6241157,TRUE
5534,0.6529431,TRUE
5535,0.2367689,FALSE
5536,0.5412927,TRUE
5537,0.3191188,FALSE
5538,0.605455,TRUE
5539,0.6586533,TRUE
5540,0.51154315,TRUE
5541,0.41201913,FALSE
5542,0.6772507,TRUE
5543,0.4285377,FALSE
5544,0.4265667,FALSE
5545,0.5757885,TRUE
5546,0.45457053,FALSE
5547,0.5155289,TRUE
5548,0.59564877,TRUE
5549,0.43943432,FALSE
5550,0.581854,TRUE
5551,0.659472,TRUE
5552,0.63768226,TRUE
5553,0.56399184,TRUE
5554,0.53249496,TRUE
5555,0.5082135,TRUE
5556,0.5669868,TRUE
5557,0.54015774,TRUE
5558,0.63584685,TRUE
5559,0.50400966,TRUE
5560,0.5445842,TRUE
5561,0.32508045,FALSE
5562,0.49726325,FALSE
5563,0.6643309,TRUE
5564,0.5678766,TRUE
5565,0.54374504,TRUE
5566,0.7295151,TRUE
5567,0.4425806,FALSE
5568,0.66568875,TRUE
5569,0.5021009,TRUE
5570,0.5293612,TRUE
5571,0.61594,TRUE
5572,0.5214769,TRUE
5573,0.3585982,FALSE
5574,0.46984476,FALSE
5575,0.60464305,TRUE
5576,0.42788878,FALSE
5577,0.46085757,FALSE
5578,0.46711487,FALSE
5579,0.5815888,TRUE
5580,0.5670341,TRUE
5581,0.718366,TRUE
5582,0.550393,TRUE
5583,0.45879075,FALSE
5584,0.5228197,TRUE
5585,0.6296381,TRUE
5586,0.60381824,TRUE
5587,0.53199375,TRUE
5588,0.5545594,TRUE
5589,0.7003682,TRUE
5590,0.5558307,TRUE
5591,0.46664512,FALSE
5592,0.62264425,TRUE
5593,0.49087223,FALSE
5594,0.48855925,FALSE
5595,0.5358929,TRUE
5596,0.4904363,FALSE
5597,0.51738465,TRUE
5598,0.31643713,FALSE
5599,0.5787804,TRUE
5600,0.5461787,TRUE
5601,0.587805,TRUE
5602,0.4152996,FALSE
5603,0.42456493,FALSE
5604,0.37078512,FALSE
5605,0.4983911,FALSE
5606,0.4991089,FALSE
5607,0.67943066,TRUE
5608,0.52752906,TRUE
5609,0.4768587,FALSE
5610,0.35846433,FALSE
5611,0.45966268,FALSE
5612,0.5659747,TRUE
5613,0.5905174,TRUE
5614,0.43923834,FALSE
5615,0.7876557,TRUE
5616,0.37300196,FALSE
5617,0.45411342,FALSE
5618,0.45083785,FALSE
5619,0.58830875,TRUE
5620,0.52333915,TRUE
5621,0.56664926,TRUE
5622,0.7103671,TRUE
5623,0.3879254,FALSE
5624,0.47563156,FALSE
5625,0.6318524,TRUE
5626,0.5499756,TRUE
5627,0.51209474,TRUE
5628,0.6848555,TRUE
5629,0.55831325,TRUE
5630,0.35916173,FALSE
5631,0.5703639,TRUE
5632,0.5562228,TRUE
5633,0.4599342,FALSE
5634,0.59611595,TRUE
5635,0.60276127,TRUE
5636,0.7601882,TRUE
5637,0.40925336,FALSE
5638,0.6522836,TRUE
5639,0.62088066,TRUE
5640,0.56783146,TRUE
5641,0.40766197,FALSE
5642,0.57409966,TRUE
5643,0.38309947,FALSE
5644,0.60249346,TRUE
5645,0.5450719,TRUE
5646,0.4870801,FALSE
5647,0.6241906,TRUE
5648,0.44345698,FALSE
5649,0.5070991,TRUE
5650,0.34275335,FALSE
5651,0.549279,TRUE
5652,0.71809924,TRUE
5653,0.50836384,TRUE
5654,0.5055571,TRUE
5655,0.42004883,FALSE
5656,0.4673254,FALSE
5657,0.6075787,TRUE
5658,0.5018812,TRUE
5659,0.4506974,FALSE
5660,0.5841207,TRUE
5661,0.5275663,TRUE
5662,0.52974904,TRUE
5663,0.57529384,TRUE
5664,0.528946,TRUE
5665,0.47525537,FALSE
5666,0.5689877,TRUE
5667,0.5342802,TRUE
5668,0.51314425,TRUE
5669,0.47036767,FALSE
5670,0.43037698,FALSE
5671,0.4763521,FALSE
5672,0.50337744,TRUE
5673,0.5965418,TRUE
5674,0.3978835,FALSE
5675,0.47230366,FALSE
5676,0.5261919,TRUE
5677,0.42569584,FALSE
5678,0.45153114,FALSE
5679,0.48159906,FALSE
5680,0.6195023,TRUE
5681,0.6794678,TRUE
5682,0.6437294,TRUE
5683,0.48716557,FALSE
5684,0.4159145,FALSE
5685,0.43427485,FALSE
5686,0.6761955,TRUE
5687,0.6376063,TRUE
5688,0.46851382,FALSE
5689,0.47650898,FALSE
5690,0.4499977,FALSE
5691,0.60827655,TRUE
5692,0.54065406,TRUE
5693,0.6407237,TRUE
5694,0.647583,TRUE
5695,0.41339764,FALSE
5696,0.4787315,FALSE
5697,0.50598186,TRUE
5698,0.55971426,TRUE
5699,0.49812752,FALSE
5700,0.39385095,FALSE
5701,0.67978513,TRUE
5702,0.34329283,FALSE
5703,0.51611626,TRUE
5704,0.4922875,FALSE
5705,0.51941514,TRUE
5706,0.430815,FALSE
5707,0.5865349,TRUE
5708,0.7198382,TRUE
5709,0.4962209,FALSE
5710,0.60068417,TRUE
5711,0.5824331,TRUE
5712,0.7082774,TRUE
5713,0.4525042,FALSE
5714,0.5918386,TRUE
5715,0.46965757,FALSE
5716,0.555347,TRUE
5717,0.5840192,TRUE
5718,0.7459766,TRUE
5719,0.63548297,TRUE
5720,0.7126269,TRUE
5721,0.57013035,TRUE
5722,0.69137424,TRUE
5723,0.5207404,TRUE
5724,0.5211358,TRUE
5725,0.365875,FALSE
5726,0.68837744,TRUE
5727,0.52345234,TRUE
5728,0.3737628,FALSE
5729,0.57782006,TRUE
5730,0.4738602,FALSE
5731,0.5946017,TRUE
5732,0.6598203,TRUE
5733,0.66170484,TRUE
5734,0.6200621,TRUE
5735,0.5174202,TRUE
5736,0.42669973,FALSE
5737,0.61917067,TRUE
5738,0.5200774,TRUE
5739,0.4750326,FALSE
5740,0.60019886,TRUE
5741,0.64032984,TRUE
5742,0.5745398,TRUE
5743,0.6285217,TRUE
5744,0.707773,TRUE
5745,0.430963,FALSE
5746,0.55131817,TRUE
5747,0.55082667,TRUE
5748,0.30080023,FALSE
5749,0.4845754,FALSE
5750,0.6803039,TRUE
5751,0.33961657,FALSE
5752,0.4910772,FALSE
5753,0.6415586,TRUE
5754,0.42965686,FALSE
5755,0.4189084,FALSE
5756,0.54252905,TRUE
5757,0.41494188,FALSE
5758,0.24687493,FALSE
5759,0.6100758,TRUE
5760,0.62041587,TRUE
5761,0.6480961,TRUE
5762,0.59888893,TRUE
5763,0.48514593,FALSE
5764,0.60941356,TRUE
5765,0.75165755,TRUE
5766,0.6889414,TRUE
5767,0.5231169,TRUE
5768,0.31860125,FALSE
5769,0.62920517,TRUE
5770,0.5101813,TRUE
5771,0.5477046,TRUE
5772,0.4580113,FALSE
5773,0.55198246,TRUE
5774,0.53881377,TRUE
5775,0.5683921,TRUE
5776,0.41770497,FALSE
5777,0.46472636,FALSE
5778,0.4649125,FALSE
5779,0.6295064,TRUE
5780,0.4467881,FALSE
5781,0.61982846,TRUE
5782,0.48362878,FALSE
5783,0.44856742,FALSE
5784,0.45763656,FALSE
5785,0.7168235,TRUE
5786,0.5038107,TRUE
5787,0.31223214,FALSE
5788,0.40656593,FALSE
5789,0.6108073,TRUE
5790,0.5828561,TRUE
5791,0.5875508,TRUE
5792,0.71510774,TRUE
5793,0.48485714,FALSE
5794,0.70536345,TRUE
5795,0.4536761,FALSE
5796,0.58567095,TRUE
5797,0.50982,TRUE
5798,0.4914568,FALSE
5799,0.36481786,FALSE
5800,0.600365,TRUE
5801,0.67259884,TRUE
5802,0.34197035,FALSE
5803,0.59450155,TRUE
5804,0.4504465,FALSE
5805,0.43891808,FALSE
5806,0.3519551,FALSE
5807,0.76236683,TRUE
5808,0.4209878,FALSE
5809,0.6246106,TRUE
5810,0.41468695,FALSE
5811,0.43554446,FALSE
5812,0.56823725,TRUE
5813,0.6208466,TRUE
5814,0.6531514,TRUE
5815,0.6773887,TRUE
5816,0.4936699,FALSE
5817,0.3768521,FALSE
5818,0.3430116,FALSE
5819,0.7587675,TRUE
5820,0.3231265,FALSE
5821,0.71833783,TRUE
5822,0.5859091,TRUE
5823,0.45930284,FALSE
5824,0.52721167,TRUE
5825,0.5291517,TRUE
5826,0.6605823,TRUE
5827,0.53078026,TRUE
5828,0.5709682,TRUE
5829,0.6697851,TRUE
5830,0.52717084,TRUE
5831,0.41572332,FALSE
5832,0.5349435,TRUE
5833,0.35697833,FALSE
5834,0.6060554,TRUE
5835,0.6636999,TRUE
5836,0.6707186,TRUE
5837,0.34634513,FALSE
5838,0.4321779,FALSE
5839,0.36039487,FALSE
5840,0.48236388,FALSE
5841,0.6137181,TRUE
5842,0.45057565,FALSE
5843,0.47252968,FALSE
5844,0.7087971,TRUE
5845,0.49267313,FALSE
5846,0.6837227,TRUE
5847,0.6920505,TRUE
5848,0.7687673,TRUE
5849,0.5343477,TRUE
5850,0.63271886,TRUE
5851,0.63439137,TRUE
5852,0.46150514,FALSE
5853,0.34079748,FALSE
5854,0.43248165,FALSE
5855,0.64382356,TRUE
5856,0.53254735,TRUE
5857,0.7026041,TRUE
5858,0.6011083,TRUE
5859,0.43006516,FALSE
5860,0.58554405,TRUE
5861,0.51347136,TRUE
5862,0.50344634,TRUE
5863,0.5382908,TRUE
5864,0.50205404,TRUE
5865,0.3828951,FALSE
5866,0.4231664,FALSE
5867,0.5343807,TRUE
5868,0.5981113,TRUE
5869,0.49000037,FALSE
5870,0.7324085,TRUE
5871,0.58681357,TRUE
5872,0.5375092,TRUE
5873,0.6060854,TRUE
5874,0.37948325,FALSE
5875,0.62864316,TRUE
5876,0.5548758,TRUE
5877,0.6380379,TRUE
5878,0.44716218,FALSE
5879,0.42677915,FALSE
5880,0.46938318,FALSE
5881,0.5802937,TRUE
5882,0.7958879,TRUE
5883,0.43830812,FALSE
5884,0.4010432,FALSE
5885,0.59807277,TRUE
5886,0.41598698,FALSE
5887,0.60534835,TRUE
5888,0.59105957,TRUE
5889,0.5647689,TRUE
5890,0.5848199,TRUE
5891,0.41102704,FALSE
5892,0.45124543,FALSE
5893,0.61299103,TRUE
5894,0.6019679,TRUE
5895,0.4738847,FALSE
5896,0.51252705,TRUE
5897,0.54165274,TRUE
5898,0.49696115,FALSE
5899,0.609874,TRUE
5900,0.6304318,TRUE
5901,0.4787504,FALSE
5902,0.3604812,FALSE
5903,0.3917328,FALSE
5904,0.49682537,FALSE
5905,0.71439147,TRUE
5906,0.4206912,FALSE
5907,0.420772,FALSE
5908,0.5399175,TRUE
5909,0.5950773,TRUE
5910,0.5230055,TRUE
5911,0.5438202,TRUE
5912,0.69007224,TRUE
5913,0.5265684,TRUE
5914,0.66705644,TRUE
5915,0.6005753,TRUE
5916,0.64441216,TRUE
5917,0.5091709,TRUE
5918,0.52251565,TRUE
5919,0.6804359,TRUE
5920,0.50526005,TRUE
5921,0.530496,TRUE
5922,0.6219163,TRUE
5923,0.4300505,FALSE
5924,0.48658773,FALSE
5925,0.51582634,TRUE
5926,0.6009538,TRUE
5927,0.55876416,TRUE
5928,0.53886455,TRUE
5929,0.4803903,FALSE
5930,0.5747643,TRUE
5931,0.5161041,TRUE
5932,0.5590006,TRUE
5933,0.51752293,TRUE
5934,0.5862506,TRUE
5935,0.42881927,FALSE
5936,0.46721995,FALSE
5937,0.66407156,TRUE
5938,0.44256213,FALSE
5939,0.5122051,TRUE
5940,0.49762082,FALSE
5941,0.53092307,TRUE
5942,0.7095279,TRUE
5943,0.5167349,TRUE
5944,0.52690613,TRUE
5945,0.55207795,TRUE
5946,0.43256104,FALSE
5947,0.5109898,TRUE
5948,0.55402094,TRUE
5949,0.58480066,TRUE
5950,0.58882356,TRUE
5951,0.67088705,TRUE
5952,0.5538283,TRUE
5953,0.5218575,TRUE
5954,0.6387455,TRUE
5955,0.51816106,TRUE
5956,0.3520344,FALSE
5957,0.61711985,TRUE
5958,0.39758465,FALSE
5959,0.50539935,TRUE
5960,0.48532954,FALSE
5961,0.6440466,TRUE
5962,0.36639318,FALSE
5963,0.59378153,TRUE
5964,0.64368,TRUE
5965,0.3878218,FALSE
5966,0.28753895,FALSE
5967,0.4874653,FALSE
5968,0.558398,TRUE
5969,0.60664684,TRUE
5970,0.49801832,FALSE
5971,0.56721306,TRUE
5972,0.64909583,TRUE
5973,0.69800574,TRUE
5974,0.48806727,FALSE
5975,0.48117715,FALSE
5976,0.50645477,TRUE
5977,0.5070311,TRUE
5978,0.53030294,TRUE
5979,0.5766672,TRUE
5980,0.5250727,TRUE
5981,0.69524264,TRUE
5982,0.55056566,TRUE
5983,0.33522442,FALSE
5984,0.47996512,FALSE
5985,0.5947148,TRUE
5986,0.41776922,FALSE
5987,0.61098254,TRUE
5988,0.50734335,TRUE
5989,0.3270201,FALSE
5990,0.41582,FALSE
5991,0.57503754,TRUE
5992,0.49886525,FALSE
5993,0.6320063,TRUE
5994,0.5306066,TRUE
5995,0.6159869,TRUE
5996,0.64245915,TRUE
5997,0.30331123,FALSE
5998,0.5482402,TRUE
5999,0.61516154,TRUE
6000,0.58170587,TRUE
6001,0.6045715,TRUE
6002,0.507472,TRUE
6003,0.67141336,TRUE
6004,0.6760135,TRUE
6005,0.56484646,TRUE
6006,0.62275493,TRUE
6007,0.5604092,TRUE
6008,0.7101397,TRUE
6009,0.595793,TRUE
6010,0.5389075,TRUE
6011,0.4797806,FALSE
6012,0.5822207,TRUE
6013,0.64087594,TRUE
6014,0.48065346,FALSE
6015,0.6946968,TRUE
6016,0.5707451,TRUE
6017,0.63522893,TRUE
6018,0.598953,TRUE
6019,0.60672337,TRUE
6020,0.5100245,TRUE
6021,0.49090567,FALSE
6022,0.5980643,TRUE
6023,0.44471046,FALSE
6024,0.48500276,FALSE
6025,0.7319343,TRUE
6026,0.45957354,FALSE
6027,0.46829644,FALSE
6028,0.60238975,TRUE
6029,0.63733715,TRUE
6030,0.48016492,FALSE
6031,0.5625702,TRUE
6032,0.5832083,TRUE
6033,0.47718424,FALSE
6034,0.6767833,TRUE
6035,0.5612754,TRUE
6036,0.598126,TRUE
6037,0.499631,FALSE
6038,0.54819417,TRUE
6039,0.6192059,TRUE
6040,0.6972608,TRUE
6041,0.6739356,TRUE
6042,0.65775466,TRUE
6043,0.4962935,FALSE
6044,0.3514915,FALSE
6045,0.48733342,FALSE
6046,0.5191475,TRUE
6047,0.45289552,FALSE
6048,0.5286051,TRUE
6049,0.5732217,TRUE
6050,0.3609992,FALSE
6051,0.56780285,TRUE
6052,0.66647303,TRUE
6053,0.6521141,TRUE
6054,0.45297873,FALSE
6055,0.5268755,TRUE
6056,0.4941087,FALSE
6057,0.63429314,TRUE
6058,0.58733124,TRUE
6059,0.5185734,TRUE
6060,0.37220994,FALSE
6061,0.606985,TRUE
6062,0.54069436,TRUE
6063,0.58140445,TRUE
6064,0.58581436,TRUE
6065,0.5129158,TRUE
6066,0.58127034,TRUE
6067,0.5658575,TRUE
6068,0.68065524,TRUE
6069,0.5511634,TRUE
6070,0.54676205,TRUE
6071,0.6820031,TRUE
6072,0.5374436,TRUE
6073,0.29684743,FALSE
6074,0.3681216,FALSE
6075,0.58736277,TRUE
6076,0.7056959,TRUE
6077,0.4180019,FALSE
6078,0.5921408,TRUE
6079,0.59930116,TRUE
6080,0.56163085,TRUE
6081,0.5869553,TRUE
6082,0.4481766,FALSE
6083,0.5108173,TRUE
6084,0.5363828,TRUE
6085,0.37279984,FALSE
6086,0.5619971,TRUE
6087,0.6142875,TRUE
6088,0.6626319,TRUE
6089,0.5697912,TRUE
6090,0.51915497,TRUE
6091,0.5116141,TRUE
6092,0.48407933,FALSE
6093,0.532297,TRUE
6094,0.6863754,TRUE
6095,0.37307096,FALSE
6096,0.4739585,FALSE
6097,0.4840835,FALSE
6098,0.4299509,FALSE
6099,0.63053334,TRUE
6100,0.53165275,TRUE
6101,0.406805,FALSE
6102,0.6314693,TRUE
6103,0.4618081,FALSE
6104,0.6321752,TRUE
6105,0.35275647,FALSE
6106,0.71445125,TRUE
6107,0.2969671,FALSE
6108,0.6483394,TRUE
6109,0.35593107,FALSE
6110,0.64755106,TRUE
6111,0.5545733,TRUE
6112,0.5878703,TRUE
6113,0.6622783,TRUE
6114,0.52969545,TRUE
6115,0.68903923,TRUE
6116,0.73229146,TRUE
6117,0.53230006,TRUE
6118,0.52733,TRUE
6119,0.5101052,TRUE
6120,0.52349323,TRUE
6121,0.43999088,FALSE
6122,0.53302765,TRUE
6123,0.6441071,TRUE
6124,0.5303629,TRUE
6125,0.48751011,FALSE
6126,0.5480942,TRUE
6127,0.5014853,TRUE
6128,0.5883308,TRUE
6129,0.47041082,FALSE
6130,0.5487461,TRUE
6131,0.52265126,TRUE
6132,0.5082807,TRUE
6133,0.67069876,TRUE
6134,0.56688184,TRUE
6135,0.5428957,TRUE
6136,0.64903337,TRUE
6137,0.68741095,TRUE
6138,0.50060844,TRUE
6139,0.45567235,FALSE
6140,0.49268553,FALSE
6141,0.45205745,FALSE
6142,0.49216935,FALSE
6143,0.51605004,TRUE
6144,0.6259141,TRUE
6145,0.40228373,FALSE
6146,0.43898284,FALSE
6147,0.36602724,FALSE
6148,0.6133472,TRUE
6149,0.6284646,TRUE
6150,0.45659432,FALSE
6151,0.76710147,TRUE
6152,0.6193137,TRUE
6153,0.5060301,TRUE
6154,0.48182738,FALSE
6155,0.35970953,FALSE
6156,0.48423752,FALSE
6157,0.53490305,TRUE
6158,0.6055917,TRUE
6159,0.51671034,TRUE
6160,0.622485,TRUE
6161,0.5875573,TRUE
6162,0.74153507,TRUE
6163,0.6240137,TRUE
6164,0.35161212,FALSE
6165,0.44499826,FALSE
6166,0.61464965,TRUE
6167,0.68258196,TRUE
6168,0.47107518,FALSE
6169,0.37116167,FALSE
6170,0.5531936,TRUE
6171,0.30424932,FALSE
6172,0.58927345,TRUE
6173,0.5293809,TRUE
6174,0.48054346,FALSE
6175,0.59550935,TRUE
6176,0.6887201,TRUE
6177,0.55986124,TRUE
6178,0.6223377,TRUE
6179,0.552287,TRUE
6180,0.6041284,TRUE
6181,0.6666418,TRUE
6182,0.57443464,TRUE
6183,0.53155416,TRUE
6184,0.5354753,TRUE
